time,T_air
2022-05-01 00:00:00,-0.7717
2022-05-01 00:30:00,-1.2116
2022-05-01 01:00:00,-1.2247
2022-05-01 01:30:00,-1.1864
2022-05-01 02:00:00,-0.9068
2022-05-01 02:30:00,-0.4662
2022-05-01 03:00:00,-0.1767
2022-05-01 03:30:00,0.1648
2022-05-01 04:00:00,0.596
2022-05-01 04:30:00,1.5858
2022-05-01 05:00:00,2.711
2022-05-01 05:30:00,3.7231
2022-05-01 06:00:00,4.9192
2022-05-01 06:30:00,5.9678
2022-05-01 07:00:00,7.042
2022-05-01 07:30:00,7.9821
2022-05-01 08:00:00,8.6748
2022-05-01 08:30:00,8.6923
2022-05-01 09:00:00,8.6716
2022-05-01 09:30:00,9.8858
2022-05-01 10:00:00,9.1957
2022-05-01 10:30:00,9.0782
2022-05-01 11:00:00,8.9201
2022-05-01 11:30:00,8.6938
2022-05-01 12:00:00,8.1013
2022-05-01 12:30:00,7.5372
2022-05-01 13:00:00,9.3047
2022-05-01 13:30:00,9.4751
2022-05-01 14:00:00,9.438
2022-05-01 14:30:00,9.1934
2022-05-01 15:00:00,8.9552
2022-05-01 15:30:00,8.5427
2022-05-01 16:00:00,7.9916
2022-05-01 16:30:00,7.4716
2022-05-01 17:00:00,6.7426
2022-05-01 17:30:00,5.5539
2022-05-01 18:00:00,3.2653
2022-05-01 18:30:00,0.9157
2022-05-01 19:00:00,-0.6512
2022-05-01 19:30:00,-1.5668
2022-05-01 20:00:00,-2.2071
2022-05-01 20:30:00,-2.6248
2022-05-01 21:00:00,-2.9476
2022-05-01 21:30:00,-3.232
2022-05-01 22:00:00,-3.2929
2022-05-01 22:30:00,-3.2469
2022-05-01 23:00:00,-2.9687
2022-05-01 23:30:00,-1.4849
2022-05-02 00:00:00,0.5121
2022-05-02 00:30:00,1.2261
2022-05-02 01:00:00,0.878
2022-05-02 01:30:00,1.113
2022-05-02 02:00:00,1.1636
2022-05-02 02:30:00,1.1252
2022-05-02 03:00:00,1.1131
2022-05-02 03:30:00,1.5411
2022-05-02 04:00:00,2.3733
2022-05-02 04:30:00,3.1614
2022-05-02 05:00:00,3.5807
2022-05-02 05:30:00,4.5747
2022-05-02 06:00:00,5.5774
2022-05-02 06:30:00,7.2535
2022-05-02 07:00:00,8.2837
2022-05-02 07:30:00,9.1128
2022-05-02 08:00:00,10.5444
2022-05-02 08:30:00,10.8659
2022-05-02 09:00:00,10.494
2022-05-02 09:30:00,11.0707
2022-05-02 10:00:00,11.0615
2022-05-02 10:30:00,10.9093
2022-05-02 11:00:00,11.055
2022-05-02 11:30:00,11.0201
2022-05-02 12:00:00,11.0978
2022-05-02 12:30:00,10.999
2022-05-02 13:00:00,10.6867
2022-05-02 13:30:00,10.3196
2022-05-02 14:00:00,10.5147
2022-05-02 14:30:00,10.3415
2022-05-02 15:00:00,9.2915
2022-05-02 15:30:00,9.3936
2022-05-02 16:00:00,9.7129
2022-05-02 16:30:00,9.4492
2022-05-02 17:00:00,8.5136
2022-05-02 17:30:00,6.636
2022-05-02 18:00:00,6.4414
2022-05-02 18:30:00,6.0176
2022-05-02 19:00:00,5.1729
2022-05-02 19:30:00,4.6817
2022-05-02 20:00:00,4.6745
2022-05-02 20:30:00,4.8721
2022-05-02 21:00:00,4.5494
2022-05-02 21:30:00,3.9512
2022-05-02 22:00:00,3.4154
2022-05-02 22:30:00,2.8045
2022-05-02 23:00:00,1.8072
2022-05-02 23:30:00,1.3378
2022-05-03 00:00:00,1.227
2022-05-03 00:30:00,0.8392
2022-05-03 01:00:00,0.6879
2022-05-03 01:30:00,0.6306
2022-05-03 02:00:00,0.5932
2022-05-03 02:30:00,0.6696
2022-05-03 03:00:00,1.2012
2022-05-03 03:30:00,1.88
2022-05-03 04:00:00,2.6292
2022-05-03 04:30:00,3.1488
2022-05-03 05:00:00,3.3975
2022-05-03 05:30:00,3.5489
2022-05-03 06:00:00,3.3189
2022-05-03 06:30:00,4.352
2022-05-03 07:00:00,4.6054
2022-05-03 07:30:00,4.7273
2022-05-03 08:00:00,4.56
2022-05-03 08:30:00,4.9243
2022-05-03 09:00:00,4.8429
2022-05-03 09:30:00,4.3245
2022-05-03 10:00:00,4.3782
2022-05-03 10:30:00,4.2303
2022-05-03 11:00:00,4.3304
2022-05-03 11:30:00,4.0508
2022-05-03 12:00:00,4.3629
2022-05-03 12:30:00,4.1212
2022-05-03 13:00:00,4.473
2022-05-03 13:30:00,4.0945
2022-05-03 14:00:00,4.0216
2022-05-03 14:30:00,3.7714
2022-05-03 15:00:00,3.4842
2022-05-03 15:30:00,3.5673
2022-05-03 16:00:00,2.9008
2022-05-03 16:30:00,2.9966
2022-05-03 17:00:00,2.6432
2022-05-03 17:30:00,2.2898
2022-05-03 18:00:00,1.583
2022-05-03 18:30:00,0.8021
2022-05-03 19:00:00,0.3138
2022-05-03 19:30:00,-0.7015
2022-05-03 20:00:00,-2.4988
2022-05-03 20:30:00,-3.2065
2022-05-03 21:00:00,-3.3128
2022-05-03 21:30:00,-3.5612
2022-05-03 22:00:00,-3.7188
2022-05-03 22:30:00,-4.0403
2022-05-03 23:00:00,-4.2755
2022-05-03 23:30:00,-4.4384
2022-05-04 00:00:00,-4.913
2022-05-04 00:30:00,-5.1872
2022-05-04 01:00:00,-5.647
2022-05-04 01:30:00,-5.8569
2022-05-04 02:00:00,-6.1676
2022-05-04 02:30:00,-6.2524
2022-05-04 03:00:00,-5.509
2022-05-04 03:30:00,-4.1504
2022-05-04 04:00:00,-2.1685
2022-05-04 04:30:00,0.9232
2022-05-04 05:00:00,2.3238
2022-05-04 05:30:00,3.2417
2022-05-04 06:00:00,3.8038
2022-05-04 06:30:00,4.1749
2022-05-04 07:00:00,4.5791
2022-05-04 07:30:00,4.8289
2022-05-04 08:00:00,4.8635
2022-05-04 08:30:00,5.7704
2022-05-04 09:00:00,5.6218
2022-05-04 09:30:00,6.2258
2022-05-04 10:00:00,5.9192
2022-05-04 10:30:00,6.0114
2022-05-04 11:00:00,6.274
2022-05-04 11:30:00,6.3794
2022-05-04 12:00:00,6.6865
2022-05-04 12:30:00,7.6018
2022-05-04 13:00:00,8.0326
2022-05-04 13:30:00,8.1982
2022-05-04 14:00:00,8.0764
2022-05-04 14:30:00,7.077
2022-05-04 15:00:00,7.293
2022-05-04 15:30:00,7.5587
2022-05-04 16:00:00,6.8484
2022-05-04 16:30:00,6.9048
2022-05-04 17:00:00,6.131
2022-05-04 17:30:00,4.6008
2022-05-04 18:00:00,1.8051
2022-05-04 18:30:00,-0.0669
2022-05-04 19:00:00,-1.4263
2022-05-04 19:30:00,-2.2821
2022-05-04 20:00:00,-2.6393
2022-05-04 20:30:00,-2.9424
2022-05-04 21:00:00,-2.925
2022-05-04 21:30:00,-2.8086
2022-05-04 22:00:00,-2.8424
2022-05-04 22:30:00,-2.7215
2022-05-04 23:00:00,-2.3483
2022-05-04 23:30:00,-1.6682
2022-05-05 00:00:00,-1.455
2022-05-05 00:30:00,-1.5198
2022-05-05 01:00:00,-1.5334
2022-05-05 01:30:00,-1.4187
2022-05-05 02:00:00,-0.446
2022-05-05 02:30:00,0.8571
2022-05-05 03:00:00,1.6401
2022-05-05 03:30:00,2.6542
2022-05-05 04:00:00,3.2715
2022-05-05 04:30:00,3.6561
2022-05-05 05:00:00,4.2421
2022-05-05 05:30:00,5.2479
2022-05-05 06:00:00,5.9693
2022-05-05 06:30:00,6.8693
2022-05-05 07:00:00,7.6215
2022-05-05 07:30:00,8.0666
2022-05-05 08:00:00,7.1151
2022-05-05 08:30:00,6.4037
2022-05-05 09:00:00,7.6944
2022-05-05 09:30:00,8.3466
2022-05-05 10:00:00,8.333
2022-05-05 10:30:00,9.4789
2022-05-05 11:00:00,10.2311
2022-05-05 11:30:00,11.0433
2022-05-05 12:00:00,10.1864
2022-05-05 12:30:00,10.0363
2022-05-05 13:00:00,10.5429
2022-05-05 13:30:00,10.6387
2022-05-05 14:00:00,11.1256
2022-05-05 14:30:00,11.101
2022-05-05 15:00:00,11.0499
2022-05-05 15:30:00,11.0567
2022-05-05 16:00:00,10.5613
2022-05-05 16:30:00,10.1713
2022-05-05 17:00:00,9.8502
2022-05-05 17:30:00,9.459
2022-05-05 18:00:00,9.3451
2022-05-05 18:30:00,9.0204
2022-05-05 19:00:00,8.2772
2022-05-05 19:30:00,7.0225
2022-05-05 20:00:00,5.6641
2022-05-05 20:30:00,3.5635
2022-05-05 21:00:00,3.5707
2022-05-05 21:30:00,5.0371
2022-05-05 22:00:00,5.6463
2022-05-05 22:30:00,5.6524
2022-05-05 23:00:00,5.8212
2022-05-05 23:30:00,5.4827
2022-05-06 00:00:00,5.1993
2022-05-06 00:30:00,5.1501
2022-05-06 01:00:00,4.9687
2022-05-06 01:30:00,4.8591
2022-05-06 02:00:00,4.6653
2022-05-06 02:30:00,4.56
2022-05-06 03:00:00,4.4093
2022-05-06 03:30:00,4.6197
2022-05-06 04:00:00,5.3963
2022-05-06 04:30:00,5.8566
2022-05-06 05:00:00,6.2635
2022-05-06 05:30:00,7.2461
2022-05-06 06:00:00,7.0432
2022-05-06 06:30:00,7.4071
2022-05-06 07:00:00,8.8016
2022-05-06 07:30:00,10.009
2022-05-06 08:00:00,11.3518
2022-05-06 08:30:00,12.7069
2022-05-06 09:00:00,13.868
2022-05-06 09:30:00,15.2472
2022-05-06 10:00:00,16.0135
2022-05-06 10:30:00,15.5213
2022-05-06 11:00:00,15.9107
2022-05-06 11:30:00,16.6902
2022-05-06 12:00:00,16.8712
2022-05-06 12:30:00,16.7713
2022-05-06 13:00:00,16.8707
2022-05-06 13:30:00,16.0658
2022-05-06 14:00:00,15.5535
2022-05-06 14:30:00,15.9997
2022-05-06 15:00:00,16.3543
2022-05-06 15:30:00,16.1944
2022-05-06 16:00:00,15.3411
2022-05-06 16:30:00,14.8352
2022-05-06 17:00:00,14.2326
2022-05-06 17:30:00,13.345
2022-05-06 18:00:00,11.6068
2022-05-06 18:30:00,7.8393
2022-05-06 19:00:00,6.0882
2022-05-06 19:30:00,4.7737
2022-05-06 20:00:00,3.595
2022-05-06 20:30:00,2.6811
2022-05-06 21:00:00,1.9676
2022-05-06 21:30:00,1.1622
2022-05-06 22:00:00,0.6699
2022-05-06 22:30:00,0.0947
2022-05-06 23:00:00,0.0213
2022-05-06 23:30:00,-0.2878
2022-05-07 00:00:00,-0.3229
2022-05-07 00:30:00,0.0559
2022-05-07 01:00:00,1.6222
2022-05-07 01:30:00,2.828
2022-05-07 02:00:00,2.9544
2022-05-07 02:30:00,3.7188
2022-05-07 03:00:00,4.3434
2022-05-07 03:30:00,4.958
2022-05-07 04:00:00,5.7735
2022-05-07 04:30:00,6.7233
2022-05-07 05:00:00,7.7519
2022-05-07 05:30:00,9.1799
2022-05-07 06:00:00,10.3724
2022-05-07 06:30:00,11.5456
2022-05-07 07:00:00,12.778
2022-05-07 07:30:00,13.6129
2022-05-07 08:00:00,14.0704
2022-05-07 08:30:00,14.2334
2022-05-07 09:00:00,13.3264
2022-05-07 09:30:00,11.9831
2022-05-07 10:00:00,11.3266
2022-05-07 10:30:00,11.6526
2022-05-07 11:00:00,11.0129
2022-05-07 11:30:00,10.3116
2022-05-07 12:00:00,10.3042
2022-05-07 12:30:00,9.7412
2022-05-07 13:00:00,9.0458
2022-05-07 13:30:00,8.8825
2022-05-07 14:00:00,8.5049
2022-05-07 14:30:00,5.8223
2022-05-07 15:00:00,5.3936
2022-05-07 15:30:00,4.82
2022-05-07 16:00:00,4.3468
2022-05-07 16:30:00,4.2415
2022-05-07 17:00:00,4.6155
2022-05-07 17:30:00,4.4083
2022-05-07 18:00:00,3.8848
2022-05-07 18:30:00,3.594
2022-05-07 19:00:00,3.5363
2022-05-07 19:30:00,2.936
2022-05-07 20:00:00,2.53
2022-05-07 20:30:00,2.7539
2022-05-07 21:00:00,2.5089
2022-05-07 21:30:00,2.1347
2022-05-07 22:00:00,1.5517
2022-05-07 22:30:00,0.9897
2022-05-07 23:00:00,0.7021
2022-05-07 23:30:00,0.5717
2022-05-08 00:00:00,0.4065
2022-05-08 00:30:00,0.2563
2022-05-08 01:00:00,0.0724
2022-05-08 01:30:00,0.0789
2022-05-08 02:00:00,-0.1303
2022-05-08 02:30:00,-0.112
2022-05-08 03:00:00,0.4478
2022-05-08 03:30:00,0.5959
2022-05-08 04:00:00,1.4416
2022-05-08 04:30:00,2.4374
2022-05-08 05:00:00,2.9186
2022-05-08 05:30:00,3.5177
2022-05-08 06:00:00,4.2177
2022-05-08 06:30:00,4.9327
2022-05-08 07:00:00,5.5509
2022-05-08 07:30:00,5.7985
2022-05-08 08:00:00,6.3298
2022-05-08 08:30:00,6.6495
2022-05-08 09:00:00,7.2117
2022-05-08 09:30:00,7.6363
2022-05-08 10:00:00,7.0357
2022-05-08 10:30:00,7.5132
2022-05-08 11:00:00,7.8624
2022-05-08 11:30:00,7.7149
2022-05-08 12:00:00,9.083
2022-05-08 12:30:00,8.1992
2022-05-08 13:00:00,8.7643
2022-05-08 13:30:00,8.0213
2022-05-08 14:00:00,8.5986
2022-05-08 14:30:00,7.8943
2022-05-08 15:00:00,8.6831
2022-05-08 15:30:00,8.3465
2022-05-08 16:00:00,8.0831
2022-05-08 16:30:00,7.5023
2022-05-08 17:00:00,6.9177
2022-05-08 17:30:00,5.884
2022-05-08 18:00:00,4.2564
2022-05-08 18:30:00,1.4432
2022-05-08 19:00:00,-0.2303
2022-05-08 19:30:00,-1.3568
2022-05-08 20:00:00,-2.3577
2022-05-08 20:30:00,-2.7424
2022-05-08 21:00:00,-3.0622
2022-05-08 21:30:00,-3.3186
2022-05-08 22:00:00,-3.5579
2022-05-08 22:30:00,-3.6646
2022-05-08 23:00:00,-3.8398
2022-05-08 23:30:00,-3.8134
2022-05-09 00:00:00,-3.7077
2022-05-09 00:30:00,-3.1935
2022-05-09 01:00:00,-2.6725
2022-05-09 01:30:00,-1.7138
2022-05-09 02:00:00,-0.499
2022-05-09 02:30:00,0.1913
2022-05-09 03:00:00,0.7863
2022-05-09 03:30:00,1.3434
2022-05-09 04:00:00,2.1996
2022-05-09 04:30:00,3.2698
2022-05-09 05:00:00,4.2172
2022-05-09 05:30:00,4.9439
2022-05-09 06:00:00,5.8619
2022-05-09 06:30:00,7.0883
2022-05-09 07:00:00,7.7418
2022-05-09 07:30:00,8.1608
2022-05-09 08:00:00,8.7449
2022-05-09 08:30:00,8.8848
2022-05-09 09:00:00,8.8259
2022-05-09 09:30:00,8.9328
2022-05-09 10:00:00,8.7444
2022-05-09 10:30:00,9.0663
2022-05-09 11:00:00,9.4939
2022-05-09 11:30:00,10.4045
2022-05-09 12:00:00,9.9232
2022-05-09 12:30:00,10.93
2022-05-09 13:00:00,10.573
2022-05-09 13:30:00,10.7803
2022-05-09 14:00:00,9.9493
2022-05-09 14:30:00,10.1564
2022-05-09 15:00:00,10.0865
2022-05-09 15:30:00,10.4935
2022-05-09 16:00:00,10.876
2022-05-09 16:30:00,10.2322
2022-05-09 17:00:00,8.0105
2022-05-09 17:30:00,6.7685
2022-05-09 18:00:00,6.1415
2022-05-09 18:30:00,5.2304
2022-05-09 19:00:00,3.534
2022-05-09 19:30:00,3.1131
2022-05-09 20:00:00,2.3536
2022-05-09 20:30:00,1.5102
2022-05-09 21:00:00,0.9941
2022-05-09 21:30:00,0.7328
2022-05-09 22:00:00,0.5686
2022-05-09 22:30:00,-0.011
2022-05-09 23:00:00,-0.2663
2022-05-09 23:30:00,-0.2482
2022-05-10 00:00:00,-0.0086
2022-05-10 00:30:00,-0.429
2022-05-10 01:00:00,-0.0462
2022-05-10 01:30:00,-0.5784
2022-05-10 02:00:00,0.2215
2022-05-10 02:30:00,1.6234
2022-05-10 03:00:00,2.4718
2022-05-10 03:30:00,3.4788
2022-05-10 04:00:00,4.0351
2022-05-10 04:30:00,5.274
2022-05-10 05:00:00,5.6959
2022-05-10 05:30:00,6.7341
2022-05-10 06:00:00,7.9974
2022-05-10 06:30:00,9.1601
2022-05-10 07:00:00,10.3628
2022-05-10 07:30:00,11.4124
2022-05-10 08:00:00,12.15
2022-05-10 08:30:00,13.0758
2022-05-10 09:00:00,13.9188
2022-05-10 09:30:00,14.9773
2022-05-10 10:00:00,15.3942
2022-05-10 10:30:00,16.14848468935073
2022-05-10 11:00:00,17.27200862069469
2022-05-10 11:30:00,17.39185117337138
2022-05-10 12:00:00,18.021024574924
2022-05-10 12:30:00,15.4685
2022-05-10 13:00:00,15.3046
2022-05-10 13:30:00,14.4664
2022-05-10 14:00:00,14.9208
2022-05-10 14:30:00,14.3061
2022-05-10 15:00:00,13.3929
2022-05-10 15:30:00,13.2857
2022-05-10 16:00:00,12.6129
2022-05-10 16:30:00,12.5437
2022-05-10 17:00:00,12.1118
2022-05-10 17:30:00,10.9906
2022-05-10 18:00:00,10.4496
2022-05-10 18:30:00,9.9718
2022-05-10 19:00:00,9.6613
2022-05-10 19:30:00,9.6345
2022-05-10 20:00:00,9.5421
2022-05-10 20:30:00,9.6591
2022-05-10 21:00:00,9.6519
2022-05-10 21:30:00,9.3883
2022-05-10 22:00:00,9.1387
2022-05-10 22:30:00,9.2192
2022-05-10 23:00:00,9.2232
2022-05-10 23:30:00,9.0266
2022-05-11 00:00:00,8.6277
2022-05-11 00:30:00,7.4054
2022-05-11 01:00:00,7.4929
2022-05-11 01:30:00,6.7527
2022-05-11 02:00:00,6.3377
2022-05-11 02:30:00,6.2158
2022-05-11 03:00:00,6.0819
2022-05-11 03:30:00,5.9388
2022-05-11 04:00:00,5.6245
2022-05-11 04:30:00,5.7406
2022-05-11 05:00:00,5.8127
2022-05-11 05:30:00,6.2394
2022-05-11 06:00:00,6.6689
2022-05-11 06:30:00,7.1151
2022-05-11 07:00:00,7.4471
2022-05-11 07:30:00,7.694
2022-05-11 08:00:00,7.8631
2022-05-11 08:30:00,8.1526
2022-05-11 09:00:00,8.7568
2022-05-11 09:30:00,10.084
2022-05-11 10:00:00,10.0149
2022-05-11 10:30:00,10.5915
2022-05-11 11:00:00,11.1197
2022-05-11 11:30:00,11.2209
2022-05-11 12:00:00,12.0364
2022-05-11 12:30:00,12.0984
2022-05-11 13:00:00,12.0521
2022-05-11 13:30:00,12.1185
2022-05-11 14:00:00,12.6194
2022-05-11 14:30:00,12.8272
2022-05-11 15:00:00,12.9413
2022-05-11 15:30:00,13.1904
2022-05-11 16:00:00,12.9193
2022-05-11 16:30:00,12.2138
2022-05-11 17:00:00,11.4968
2022-05-11 17:30:00,10.4043
2022-05-11 18:00:00,9.72
2022-05-11 18:30:00,8.3279
2022-05-11 19:00:00,6.6881
2022-05-11 19:30:00,5.5605
2022-05-11 20:00:00,5.5052
2022-05-11 20:30:00,4.4057
2022-05-11 21:00:00,4.7683
2022-05-11 21:30:00,6.1575
2022-05-11 22:00:00,6.6078
2022-05-11 22:30:00,6.5041
2022-05-11 23:00:00,6.3413
2022-05-11 23:30:00,6.2056
2022-05-12 00:00:00,6.2391
2022-05-12 00:30:00,6.2385
2022-05-12 01:00:00,6.2171
2022-05-12 01:30:00,6.1818
2022-05-12 02:00:00,6.2413
2022-05-12 02:30:00,6.3111
2022-05-12 03:00:00,6.2227
2022-05-12 03:30:00,6.2603
2022-05-12 04:00:00,6.4952
2022-05-12 04:30:00,6.958
2022-05-12 05:00:00,7.0775
2022-05-12 05:30:00,7.1814
2022-05-12 06:00:00,7.7706
2022-05-12 06:30:00,8.1751
2022-05-12 07:00:00,8.6577
2022-05-12 07:30:00,9.5683
2022-05-12 08:00:00,10.1148
2022-05-12 08:30:00,10.1109
2022-05-12 09:00:00,10.6388
2022-05-12 09:30:00,11.2079
2022-05-12 10:00:00,11.1253
2022-05-12 10:30:00,11.1343
2022-05-12 11:00:00,12.0887
2022-05-12 11:30:00,10.5744
2022-05-12 12:00:00,8.7938
2022-05-12 12:30:00,8.5016
2022-05-12 13:00:00,10.573
2022-05-12 13:30:00,9.5931
2022-05-12 14:00:00,9.3618
2022-05-12 14:30:00,9.1701
2022-05-12 15:00:00,9.1436
2022-05-12 15:30:00,9.9087
2022-05-12 16:00:00,9.8765
2022-05-12 16:30:00,9.2299
2022-05-12 17:00:00,9.5947
2022-05-12 17:30:00,8.9098
2022-05-12 18:00:00,8.0973
2022-05-12 18:30:00,7.2799
2022-05-12 19:00:00,7.7728
2022-05-12 19:30:00,8.0439
2022-05-12 20:00:00,7.7656
2022-05-12 20:30:00,7.2161
2022-05-12 21:00:00,6.5038
2022-05-12 21:30:00,6.5555
2022-05-12 22:00:00,6.7302
2022-05-12 22:30:00,6.7837
2022-05-12 23:00:00,6.6997
2022-05-12 23:30:00,6.8049
2022-05-13 00:00:00,6.8521
2022-05-13 00:30:00,6.808
2022-05-13 01:00:00,6.4954
2022-05-13 01:30:00,6.292
2022-05-13 02:00:00,6.2148
2022-05-13 02:30:00,6.1571
2022-05-13 03:00:00,6.3737
2022-05-13 03:30:00,6.5571
2022-05-13 04:00:00,6.7602
2022-05-13 04:30:00,7.0364
2022-05-13 05:00:00,7.5431
2022-05-13 05:30:00,8.9274
2022-05-13 06:00:00,9.1885
2022-05-13 06:30:00,10.6081
2022-05-13 07:00:00,11.4518
2022-05-13 07:30:00,12.4041
2022-05-13 08:00:00,13.0828
2022-05-13 08:30:00,13.6616
2022-05-13 09:00:00,13.959
2022-05-13 09:30:00,14.3335
2022-05-13 10:00:00,14.7219
2022-05-13 10:30:00,14.9928
2022-05-13 11:00:00,15.3561
2022-05-13 11:30:00,14.8382
2022-05-13 12:00:00,14.2611
2022-05-13 12:30:00,14.0131
2022-05-13 13:00:00,14.0218
2022-05-13 13:30:00,14.6901
2022-05-13 14:00:00,14.8637
2022-05-13 14:30:00,15.0694
2022-05-13 15:00:00,14.6613
2022-05-13 15:30:00,14.4673
2022-05-13 16:00:00,14.0087
2022-05-13 16:30:00,13.4117
2022-05-13 17:00:00,12.8289
2022-05-13 17:30:00,11.9434
2022-05-13 18:00:00,10.2465
2022-05-13 18:30:00,7.1085
2022-05-13 19:00:00,5.087
2022-05-13 19:30:00,4.169
2022-05-13 20:00:00,3.3385
2022-05-13 20:30:00,2.5837
2022-05-13 21:00:00,1.7855
2022-05-13 21:30:00,0.9907
2022-05-13 22:00:00,0.3217
2022-05-13 22:30:00,-0.3922
2022-05-13 23:00:00,-0.8743
2022-05-13 23:30:00,-1.2569
2022-05-14 00:00:00,-1.8999
2022-05-14 00:30:00,-2.3014
2022-05-14 01:00:00,-2.6919
2022-05-14 01:30:00,-2.8365
2022-05-14 02:00:00,-2.9683
2022-05-14 02:30:00,-2.7135
2022-05-14 03:00:00,-1.8435
2022-05-14 03:30:00,0.2943
2022-05-14 04:00:00,2.6128
2022-05-14 04:30:00,5.9287
2022-05-14 05:00:00,9.3822
2022-05-14 05:30:00,11.0704
2022-05-14 06:00:00,11.19
2022-05-14 06:30:00,11.935
2022-05-14 07:00:00,12.6345
2022-05-14 07:30:00,13.2962
2022-05-14 08:00:00,13.1695
2022-05-14 08:30:00,14.2975
2022-05-14 09:00:00,14.3385
2022-05-14 09:30:00,14.2123
2022-05-14 10:00:00,14.4532
2022-05-14 10:30:00,13.9202
2022-05-14 11:00:00,14.5085
2022-05-14 11:30:00,15.7635
2022-05-14 12:00:00,14.7562
2022-05-14 12:30:00,14.6498
2022-05-14 13:00:00,14.5511
2022-05-14 13:30:00,14.9388
2022-05-14 14:00:00,14.697
2022-05-14 14:30:00,13.4907
2022-05-14 15:00:00,12.9108
2022-05-14 15:30:00,13.0783
2022-05-14 16:00:00,12.9172
2022-05-14 16:30:00,12.6029
2022-05-14 17:00:00,11.7417
2022-05-14 17:30:00,11.0637
2022-05-14 18:00:00,10.3376
2022-05-14 18:30:00,9.6008
2022-05-14 19:00:00,8.6628
2022-05-14 19:30:00,7.3799
2022-05-14 20:00:00,8.5627
2022-05-14 20:30:00,8.0143
2022-05-14 21:00:00,7.1554
2022-05-14 21:30:00,6.5168
2022-05-14 22:00:00,6.0285
2022-05-14 22:30:00,5.3491
2022-05-14 23:00:00,4.695
2022-05-14 23:30:00,4.5201
2022-05-15 00:00:00,3.3901
2022-05-15 00:30:00,3.2572
2022-05-15 01:00:00,3.2248
2022-05-15 01:30:00,2.1381
2022-05-15 02:00:00,1.6241
2022-05-15 02:30:00,1.8599
2022-05-15 03:00:00,3.49
2022-05-15 03:30:00,4.6727
2022-05-15 04:00:00,5.528
2022-05-15 04:30:00,6.0966
2022-05-15 05:00:00,6.527
2022-05-15 05:30:00,7.3313
2022-05-15 06:00:00,8.3363
2022-05-15 06:30:00,9.2031
2022-05-15 07:00:00,9.7777
2022-05-15 07:30:00,10.4594
2022-05-15 08:00:00,10.6568
2022-05-15 08:30:00,11.1221
2022-05-15 09:00:00,10.9094
2022-05-15 09:30:00,11.5437
2022-05-15 10:00:00,11.5069
2022-05-15 10:30:00,10.4644
2022-05-15 11:00:00,10.2279
2022-05-15 11:30:00,8.3635
2022-05-15 12:00:00,7.5088
2022-05-15 12:30:00,8.2874
2022-05-15 13:00:00,9.4703
2022-05-15 13:30:00,10.1906
2022-05-15 14:00:00,10.4897
2022-05-15 14:30:00,10.2116
2022-05-15 15:00:00,10.4322
2022-05-15 15:30:00,10.1454
2022-05-15 16:00:00,9.7759
2022-05-15 16:30:00,10.1293
2022-05-15 17:00:00,9.9984
2022-05-15 17:30:00,9.8252
2022-05-15 18:00:00,9.5138
2022-05-15 18:30:00,9.2121
2022-05-15 19:00:00,8.6865
2022-05-15 19:30:00,8.2032
2022-05-15 20:00:00,8.1364
2022-05-15 20:30:00,8.2534
2022-05-15 21:00:00,8.1992
2022-05-15 21:30:00,7.8572
2022-05-15 22:00:00,7.6489
2022-05-15 22:30:00,7.4772
2022-05-15 23:00:00,7.4823
2022-05-15 23:30:00,7.2318
2022-05-16 00:00:00,7.0326
2022-05-16 00:30:00,6.8828
2022-05-16 01:00:00,6.7932
2022-05-16 01:30:00,6.7392
2022-05-16 02:00:00,6.7535
2022-05-16 02:30:00,6.8044
2022-05-16 03:00:00,7.237
2022-05-16 03:30:00,8.0731
2022-05-16 04:00:00,8.0324
2022-05-16 04:30:00,7.7473
2022-05-16 05:00:00,8.5019
2022-05-16 05:30:00,9.0356
2022-05-16 06:00:00,9.9601
2022-05-16 06:30:00,10.6256
2022-05-16 07:00:00,11.2716
2022-05-16 07:30:00,11.4124
2022-05-16 08:00:00,11.2174
2022-05-16 08:30:00,11.3342
2022-05-16 09:00:00,11.6498
2022-05-16 09:30:00,12.0063
2022-05-16 10:00:00,12.2988
2022-05-16 10:30:00,12.1362
2022-05-16 11:00:00,12.6822
2022-05-16 11:30:00,11.0248
2022-05-16 12:00:00,8.144
2022-05-16 12:30:00,11.3755
2022-05-16 13:00:00,11.7358
2022-05-16 13:30:00,9.5416
2022-05-16 14:00:00,8.5074
2022-05-16 14:30:00,9.5072
2022-05-16 15:00:00,8.8811
2022-05-16 15:30:00,6.5573
2022-05-16 16:00:00,7.2516
2022-05-16 16:30:00,8.0217
2022-05-16 17:00:00,8.1172
2022-05-16 17:30:00,8.0267
2022-05-16 18:00:00,7.6623
2022-05-16 18:30:00,7.9487
2022-05-16 19:00:00,7.6916
2022-05-16 19:30:00,6.9346
2022-05-16 20:00:00,6.4962
2022-05-16 20:30:00,5.7908
2022-05-16 21:00:00,4.917
2022-05-16 21:30:00,4.3966
2022-05-16 22:00:00,3.5097
2022-05-16 22:30:00,3.2429
2022-05-16 23:00:00,2.6163
2022-05-16 23:30:00,2.1908
2022-05-17 00:00:00,2.3596
2022-05-17 00:30:00,2.6927
2022-05-17 01:00:00,2.6144
2022-05-17 01:30:00,2.35
2022-05-17 02:00:00,2.1958
2022-05-17 02:30:00,2.4537
2022-05-17 03:00:00,2.5053
2022-05-17 03:30:00,2.6215
2022-05-17 04:00:00,2.8088
2022-05-17 04:30:00,3.1631
2022-05-17 05:00:00,3.3712
2022-05-17 05:30:00,3.7765
2022-05-17 06:00:00,3.9848
2022-05-17 06:30:00,4.2668
2022-05-17 07:00:00,5.1325
2022-05-17 07:30:00,5.6893
2022-05-17 08:00:00,6.0666
2022-05-17 08:30:00,7.2628
2022-05-17 09:00:00,7.5342
2022-05-17 09:30:00,7.8659
2022-05-17 10:00:00,7.7608
2022-05-17 10:30:00,10.111416098262515
2022-05-17 11:00:00,11.512075932671321
2022-05-17 11:30:00,10.740589499815133
2022-05-17 12:00:00,10.837961573864943
2022-05-17 12:30:00,10.673178063934495
2022-05-17 13:00:00,12.17120997239311
2022-05-17 13:30:00,12.283562365527507
2022-05-17 14:00:00,12.358463960950436
2022-05-17 14:30:00,12.590658906761522
2022-05-17 15:00:00,12.216150929646869
2022-05-17 15:30:00,11.654388963974888
2022-05-17 16:00:00,10.22376849139691
2022-05-17 16:30:00,10.46345359675029
2022-05-17 17:00:00,10.253729129566084
2022-05-17 17:30:00,9.826790035655378
2022-05-17 18:00:00,9.429811579913846
2022-05-17 18:30:00,9.407341101286967
2022-05-17 19:00:00,9.10024456005295
2022-05-17 19:30:00,8.778167699734349
2022-05-17 20:00:00,8.381189243992816
2022-05-17 20:30:00,7.976720628708989
2022-05-17 21:00:00,7.632173289763509
2022-05-17 21:30:00,7.227704674479682
2022-05-17 22:00:00,6.950568771414838
2022-05-17 22:30:00,6.853196697365029
2022-05-17 23:00:00,6.598531272927065
2022-05-17 23:30:00,6.179082338558653
2022-05-18 00:00:00,6.036769307255085
2022-05-18 00:30:00,4.021916390378248
2022-05-18 01:00:00,1.1681656047645883
2022-05-18 01:30:00,0.11205310930126533
2022-05-18 02:00:00,-0.4721793349975947
2022-05-18 02:30:00,-0.6070022067588696
2022-05-18 03:00:00,-0.6369628449280418
2022-05-18 03:30:00,-0.8466873121122482
2022-05-18 04:00:00,-0.6070022067588696
2022-05-18 04:30:00,0.5839331604657287
2022-05-18 05:00:00,3.2054890002683036
2022-05-18 05:30:00,4.681050430100038
2022-05-18 06:00:00,5.167910800349088
2022-05-18 06:30:00,6.179082338558653
2022-05-18 07:00:00,7.864368235574593
2022-05-18 07:30:00,10.92784348837246
2022-05-18 08:00:00,11.58697752809425
2022-05-18 08:30:00,12.875284969368659
2022-05-18 09:00:00,13.055048798383693
2022-05-18 09:30:00,13.29473390373707
2022-05-18 10:00:00,15.069901715260528
2022-05-18 10:30:00,15.961230700793404
2022-05-18 11:00:00,17.227067663440934
2022-05-18 11:30:00,17.227067663440934
2022-05-18 12:00:00,19.12207802764108
2022-05-18 12:30:00,19.14454850626796
2022-05-18 13:00:00,19.077137070387323
2022-05-18 13:30:00,19.661369514686182
2022-05-18 14:00:00,20.080818449054593
2022-05-18 14:30:00,20.500267383423004
2022-05-18 15:00:00,18.672668455103494
2022-05-18 15:30:00,18.46294398791929
2022-05-18 16:00:00,18.814981486407063
2022-05-18 16:30:00,19.28686153757153
2022-05-18 17:00:00,17.17463654664488
2022-05-18 17:30:00,15.751506233609197
2022-05-18 18:00:00,16.19342564660449
2022-05-18 18:30:00,15.58672272367875
2022-05-18 19:00:00,14.50813974958855
2022-05-18 19:30:00,13.152420872433503
2022-05-18 20:00:00,11.63191848534801
2022-05-18 20:30:00,11.512075932671321
2022-05-18 21:00:00,10.276199608192963
2022-05-18 21:30:00,9.032833124172313
2022-05-18 22:00:00,7.39248818441013
2022-05-18 22:30:00,5.385125427075588
2022-05-18 23:00:00,4.186699900308696
2022-05-18 23:30:00,4.164229421681817
2022-05-19 00:00:00,4.351483410239144
2022-05-19 00:30:00,3.887093518616973
2022-05-19 01:00:00,3.7447804873134047
2022-05-19 01:30:00,3.97697543312449
2022-05-19 02:00:00,4.351483410239144
2022-05-19 02:30:00,4.471325962915833
2022-05-19 03:00:00,4.164229421681817
2022-05-19 03:30:00,4.658579951473159
2022-05-19 04:00:00,5.9918283500013265
2022-05-19 04:30:00,6.9280982927879595
2022-05-19 05:00:00,7.437429141663889
2022-05-19 05:30:00,8.119033660012558
2022-05-19 06:00:00,8.074092702758799
2022-05-19 06:30:00,8.283817169943006
2022-05-19 07:00:00,8.845579135614987
2022-05-19 07:30:00,9.504713175336777
2022-05-19 08:00:00,9.736908121147861
2022-05-19 08:30:00,9.8043195570285
2022-05-19 09:00:00,11.07015651967603
2022-05-19 09:30:00,12.425875396831074
2022-05-19 10:00:00,14.231003846523704
2022-05-19 10:30:00,15.047431236633651
2022-05-19 11:00:00,15.893819264912766
2022-05-19 11:30:00,14.672923259518996
2022-05-19 12:00:00,14.860177248076324
2022-05-19 12:30:00,16.75518761227647
2022-05-19 13:00:00,17.504203566505776
2022-05-19 13:30:00,17.549144523759534
2022-05-19 14:00:00,17.31694957794845
2022-05-19 14:30:00,14.440728313707911
2022-05-19 15:00:00,15.496840809171234
2022-05-19 15:30:00,15.519311287798113
2022-05-19 16:00:00,15.56425224505187
2022-05-19 16:30:00,15.72903575498232
2022-05-19 17:00:00,15.871348786285887
2022-05-19 17:30:00,14.650452780892117
2022-05-19 18:00:00,13.107479915179743
2022-05-19 18:30:00,11.841642952532215
2022-05-19 19:00:00,9.8043195570285
2022-05-19 19:30:00,8.351228605823643
2022-05-19 20:00:00,5.849515318697758
2022-05-19 20:30:00,3.6249379346367157
2022-05-19 21:00:00,2.081965068924343
2022-05-19 21:30:00,1.1232246475108298
2022-05-19 22:00:00,0.39667917190840196
2022-05-19 22:30:00,-0.16508279376357837
2022-05-19 23:00:00,-0.2624548678133882
2022-05-19 23:30:00,-0.6070022067588696
2022-05-20 00:00:00,-0.7043742808086795
2022-05-20 00:30:00,-0.23249422964421607
2022-05-20 01:00:00,0.1420137474704375
2022-05-20 01:30:00,0.816128106276814
2022-05-20 02:00:00,1.0707935307147785
2022-05-20 02:30:00,1.1232246475108298
2022-05-20 03:00:00,1.1681656047645883
2022-05-20 03:30:00,1.1007541688839508
2022-05-20 04:00:00,0.5614626818388495
2022-05-20 04:30:00,0.6738150749732457
2022-05-20 05:00:00,2.4340025674121173
2022-05-20 05:30:00,3.2953709147758206
2022-05-20 06:00:00,5.145440321722209
2022-05-20 06:30:00,10.036514502839584
2022-05-20 07:00:00,11.7075
2022-05-20 07:30:00,12.0723
2022-05-20 08:00:00,12.0483
2022-05-20 08:30:00,12.2522
2022-05-20 09:00:00,12.1817
2022-05-20 09:30:00,12.2086
2022-05-20 10:00:00,12.6548
2022-05-20 10:30:00,13.0662
2022-05-20 11:00:00,13.4892
2022-05-20 11:30:00,13.7508
2022-05-20 12:00:00,14.077
2022-05-20 12:30:00,14.012
2022-05-20 13:00:00,14.2207
2022-05-20 13:30:00,13.9973
2022-05-20 14:00:00,14.2994
2022-05-20 14:30:00,14.2113
2022-05-20 15:00:00,13.9816
2022-05-20 15:30:00,14.0028
2022-05-20 16:00:00,13.5322
2022-05-20 16:30:00,13.1552
2022-05-20 17:00:00,12.5184
2022-05-20 17:30:00,12.0955
2022-05-20 18:00:00,11.6216
2022-05-20 18:30:00,10.1215
2022-05-20 19:00:00,7.5958
2022-05-20 19:30:00,5.4353
2022-05-20 20:00:00,3.8114
2022-05-20 20:30:00,2.4969
2022-05-20 21:00:00,1.6972
2022-05-20 21:30:00,1.1621
2022-05-20 22:00:00,0.4695
2022-05-20 22:30:00,-0.3393
2022-05-20 23:00:00,-1.1744
2022-05-20 23:30:00,-1.85
2022-05-21 00:00:00,-2.3543
2022-05-21 00:30:00,-2.6982
2022-05-21 01:00:00,-3.1766
2022-05-21 01:30:00,-3.3905
2022-05-21 02:00:00,-3.3755
2022-05-21 02:30:00,-3.1272
2022-05-21 03:00:00,-2.1111
2022-05-21 03:30:00,2.2185
2022-05-21 04:00:00,5.2916
2022-05-21 04:30:00,6.4387
2022-05-21 05:00:00,7.3266
2022-05-21 05:30:00,8.1967
2022-05-21 06:00:00,9.1709
2022-05-21 06:30:00,9.8691
2022-05-21 07:00:00,10.6488
2022-05-21 07:30:00,11.0824
2022-05-21 08:00:00,11.3844
2022-05-21 08:30:00,11.8019
2022-05-21 09:00:00,12.3012
2022-05-21 09:30:00,12.9594
2022-05-21 10:00:00,13.0693
2022-05-21 10:30:00,13.5094
2022-05-21 11:00:00,13.2545
2022-05-21 11:30:00,13.4959
2022-05-21 12:00:00,13.7279
2022-05-21 12:30:00,13.8069
2022-05-21 13:00:00,13.8884
2022-05-21 13:30:00,13.9125
2022-05-21 14:00:00,13.8471
2022-05-21 14:30:00,13.6315
2022-05-21 15:00:00,13.5369
2022-05-21 15:30:00,13.3488
2022-05-21 16:00:00,13.1232
2022-05-21 16:30:00,12.6121
2022-05-21 17:00:00,12.1219
2022-05-21 17:30:00,11.3328
2022-05-21 18:00:00,10.4456
2022-05-21 18:30:00,8.1188
2022-05-21 19:00:00,5.3207
2022-05-21 19:30:00,3.23
2022-05-21 20:00:00,1.881
2022-05-21 20:30:00,0.641
2022-05-21 21:00:00,-0.2013
2022-05-21 21:30:00,-1.0506
2022-05-21 22:00:00,-1.6666
2022-05-21 22:30:00,-2.1126
2022-05-21 23:00:00,-2.4767
2022-05-21 23:30:00,-2.7982
2022-05-22 00:00:00,-3.0455
2022-05-22 00:30:00,-3.1849
2022-05-22 01:00:00,-3.3115
2022-05-22 01:30:00,-3.3826
2022-05-22 02:00:00,-3.2869
2022-05-22 02:30:00,-3.0101
2022-05-22 03:00:00,-2.0111
2022-05-22 03:30:00,0.5459
2022-05-22 04:00:00,3.2349
2022-05-22 04:30:00,7.1596
2022-05-22 05:00:00,9.1855
2022-05-22 05:30:00,10.1275
2022-05-22 06:00:00,10.5666
2022-05-22 06:30:00,11.1476
2022-05-22 07:00:00,11.4871
2022-05-22 07:30:00,12.0856
2022-05-22 08:00:00,12.3402
2022-05-22 08:30:00,12.9027
2022-05-22 09:00:00,13.1324
2022-05-22 09:30:00,13.5496
2022-05-22 10:00:00,14.0258
2022-05-22 10:30:00,14.2887
2022-05-22 11:00:00,14.4448
2022-05-22 11:30:00,15.116
2022-05-22 12:00:00,15.3527
2022-05-22 12:30:00,15.4178
2022-05-22 13:00:00,15.6306
2022-05-22 13:30:00,15.9837
2022-05-22 14:00:00,16.0887
2022-05-22 14:30:00,15.9959
2022-05-22 15:00:00,16.0313
2022-05-22 15:30:00,16.1747
2022-05-22 16:00:00,15.7895
2022-05-22 16:30:00,15.4264
2022-05-22 17:00:00,15.0397
2022-05-22 17:30:00,13.9567
2022-05-22 18:00:00,11.8294
2022-05-22 18:30:00,9.406
2022-05-22 19:00:00,7.3439
2022-05-22 19:30:00,5.8351
2022-05-22 20:00:00,4.4045
2022-05-22 20:30:00,3.0652
2022-05-22 21:00:00,2.1919
2022-05-22 21:30:00,1.6174
2022-05-22 22:00:00,0.9483
2022-05-22 22:30:00,0.3962
2022-05-22 23:00:00,-0.205
2022-05-22 23:30:00,-0.6162
2022-05-23 00:00:00,-1.0231
2022-05-23 00:30:00,-1.3116
2022-05-23 01:00:00,-1.5353
2022-05-23 01:30:00,-1.7892
2022-05-23 02:00:00,-1.4699
2022-05-23 02:30:00,-1.0523
2022-05-23 03:00:00,-0.4574
2022-05-23 03:30:00,0.2188
2022-05-23 04:00:00,3.8628
2022-05-23 04:30:00,8.9045
2022-05-23 05:00:00,13.7516
2022-05-23 05:30:00,15.9988
2022-05-23 06:00:00,16.8044
2022-05-23 06:30:00,17.1937
2022-05-23 07:00:00,17.5704
2022-05-23 07:30:00,17.7175
2022-05-23 08:00:00,18.2083
2022-05-23 08:30:00,17.3983
2022-05-23 09:00:00,17.6088
2022-05-23 09:30:00,17.2878
2022-05-23 10:00:00,17.2115
2022-05-23 10:30:00,18.0421
2022-05-23 11:00:00,18.1828
2022-05-23 11:30:00,17.9534
2022-05-23 12:00:00,18.4672
2022-05-23 12:30:00,18.539
2022-05-23 13:00:00,18.2221
2022-05-23 13:30:00,18.5628
2022-05-23 14:00:00,19.2725
2022-05-23 14:30:00,19.3075
2022-05-23 15:00:00,19.6941
2022-05-23 15:30:00,19.6919
2022-05-23 16:00:00,19.2881
2022-05-23 16:30:00,18.6853
2022-05-23 17:00:00,18.082
2022-05-23 17:30:00,16.6753
2022-05-23 18:00:00,13.6933
2022-05-23 18:30:00,10.9186
2022-05-23 19:00:00,8.8605
2022-05-23 19:30:00,7.1817
2022-05-23 20:00:00,5.9803
2022-05-23 20:30:00,5.0677
2022-05-23 21:00:00,4.5488
2022-05-23 21:30:00,4.1849
2022-05-23 22:00:00,3.754
2022-05-23 22:30:00,3.4747
2022-05-23 23:00:00,3.4535
2022-05-23 23:30:00,3.0709
2022-05-24 00:00:00,2.8132
2022-05-24 00:30:00,2.3324
2022-05-24 01:00:00,1.8246
2022-05-24 01:30:00,1.471
2022-05-24 02:00:00,1.0797
2022-05-24 02:30:00,1.1978
2022-05-24 03:00:00,2.2851
2022-05-24 03:30:00,5.2966
2022-05-24 04:00:00,8.8333
2022-05-24 04:30:00,12.7644
2022-05-24 05:00:00,14.3672
2022-05-24 05:30:00,15.5997
2022-05-24 06:00:00,16.7107
2022-05-24 06:30:00,17.8007
2022-05-24 07:00:00,18.1794
2022-05-24 07:30:00,18.4447
2022-05-24 08:00:00,19.3289
2022-05-24 08:30:00,19.273
2022-05-24 09:00:00,18.8893
2022-05-24 09:30:00,19.9499
2022-05-24 10:00:00,19.938
2022-05-24 10:30:00,19.8779
2022-05-24 11:00:00,19.7997
2022-05-24 11:30:00,20.6186
2022-05-24 12:00:00,20.9256
2022-05-24 12:30:00,21.0374
2022-05-24 13:00:00,20.6565
2022-05-24 13:30:00,21.4622
2022-05-24 14:00:00,21.6132
2022-05-24 14:30:00,21.4883
2022-05-24 15:00:00,21.7155
2022-05-24 15:30:00,21.148
2022-05-24 16:00:00,20.8908
2022-05-24 16:30:00,20.6559
2022-05-24 17:00:00,20.3176
2022-05-24 17:30:00,19.4864
2022-05-24 18:00:00,18.0544
2022-05-24 18:30:00,16.9469
2022-05-24 19:00:00,14.9223
2022-05-24 19:30:00,11.3248
2022-05-24 20:00:00,9.0947
2022-05-24 20:30:00,7.4806
2022-05-24 21:00:00,6.103
2022-05-24 21:30:00,5.0652
2022-05-24 22:00:00,3.5414
2022-05-24 22:30:00,2.8865
2022-05-24 23:00:00,2.4979
2022-05-24 23:30:00,1.9437
2022-05-25 00:00:00,1.4844
2022-05-25 00:30:00,0.986
2022-05-25 01:00:00,0.569
2022-05-25 01:30:00,0.2406
2022-05-25 02:00:00,0.1835
2022-05-25 02:30:00,0.5045
2022-05-25 03:00:00,2.0898
2022-05-25 03:30:00,6.2581
2022-05-25 04:00:00,11.8254
2022-05-25 04:30:00,13.6494
2022-05-25 05:00:00,14.7519
2022-05-25 05:30:00,15.8193
2022-05-25 06:00:00,17.0373
2022-05-25 06:30:00,18.0201
2022-05-25 07:00:00,18.8182
2022-05-25 07:30:00,19.3408
2022-05-25 08:00:00,19.9969
2022-05-25 08:30:00,20.3835
2022-05-25 09:00:00,20.8148
2022-05-25 09:30:00,21.2093
2022-05-25 10:00:00,21.0945
2022-05-25 10:30:00,21.6345
2022-05-25 11:00:00,21.4406
2022-05-25 11:30:00,21.7906
2022-05-25 12:00:00,21.8429
2022-05-25 12:30:00,21.6802
2022-05-25 13:00:00,21.7837
2022-05-25 13:30:00,21.414
2022-05-25 14:00:00,21.5535
2022-05-25 14:30:00,20.7713
2022-05-25 15:00:00,20.3099
2022-05-25 15:30:00,19.9923
2022-05-25 16:00:00,19.6716
2022-05-25 16:30:00,19.1069
2022-05-25 17:00:00,18.3169
2022-05-25 17:30:00,17.6129
2022-05-25 18:00:00,16.9958
2022-05-25 18:30:00,16.3506
2022-05-25 19:00:00,15.651
2022-05-25 19:30:00,14.8286
2022-05-25 20:00:00,14.723
2022-05-25 20:30:00,14.5434
2022-05-25 21:00:00,14.2234
2022-05-25 21:30:00,13.517
2022-05-25 22:00:00,13.082
2022-05-25 22:30:00,12.7907
2022-05-25 23:00:00,12.6503
2022-05-25 23:30:00,12.3521
2022-05-26 00:00:00,11.2693
2022-05-26 00:30:00,10.3879
2022-05-26 01:00:00,9.7685
2022-05-26 01:30:00,9.7582
2022-05-26 02:00:00,9.9208
2022-05-26 02:30:00,9.9867
2022-05-26 03:00:00,9.8315
2022-05-26 03:30:00,9.8715
2022-05-26 04:00:00,9.9382
2022-05-26 04:30:00,9.9374
2022-05-26 05:00:00,10.0122
2022-05-26 05:30:00,10.2149
2022-05-26 06:00:00,10.4107
2022-05-26 06:30:00,10.4773
2022-05-26 07:00:00,10.1057
2022-05-26 07:30:00,9.0525
2022-05-26 08:00:00,8.8565
2022-05-26 08:30:00,8.9042
2022-05-26 09:00:00,9.129
2022-05-26 09:30:00,8.9543
2022-05-26 10:00:00,8.9712
2022-05-26 10:30:00,8.8912
2022-05-26 11:00:00,9.1113
2022-05-26 11:30:00,9.3408
2022-05-26 12:00:00,9.3489
2022-05-26 12:30:00,9.1991
2022-05-26 13:00:00,9.013
2022-05-26 13:30:00,9.3016
2022-05-26 14:00:00,9.473
2022-05-26 14:30:00,9.3257
2022-05-26 15:00:00,9.174
2022-05-26 15:30:00,8.9475
2022-05-26 16:00:00,8.8666
2022-05-26 16:30:00,8.6889
2022-05-26 17:00:00,8.6459
2022-05-26 17:30:00,8.5781
2022-05-26 18:00:00,8.5116
2022-05-26 18:30:00,8.376
2022-05-26 19:00:00,8.2284
2022-05-26 19:30:00,7.9466
2022-05-26 20:00:00,7.7221
2022-05-26 20:30:00,7.5361
2022-05-26 21:00:00,7.3217
2022-05-26 21:30:00,7.1898
2022-05-26 22:00:00,7.0773
2022-05-26 22:30:00,6.9521
2022-05-26 23:00:00,6.8621
2022-05-26 23:30:00,6.7877
2022-05-27 00:00:00,6.5667
2022-05-27 00:30:00,6.6774
2022-05-27 01:00:00,6.5247
2022-05-27 01:30:00,6.3826
2022-05-27 02:00:00,6.3946
2022-05-27 02:30:00,6.4633
2022-05-27 03:00:00,6.8382
2022-05-27 03:30:00,7.1352
2022-05-27 04:00:00,7.3685
2022-05-27 04:30:00,7.6168
2022-05-27 05:00:00,8.0379
2022-05-27 05:30:00,8.4002
2022-05-27 06:00:00,8.4286
2022-05-27 06:30:00,9.0049
2022-05-27 07:00:00,9.2949
2022-05-27 07:30:00,9.5673
2022-05-27 08:00:00,9.6218
2022-05-27 08:30:00,9.6681
2022-05-27 09:00:00,10.0053
2022-05-27 09:30:00,10.3326
2022-05-27 10:00:00,10.5309
2022-05-27 10:30:00,11.4429
2022-05-27 11:00:00,11.3226
2022-05-27 11:30:00,10.1429
2022-05-27 12:00:00,10.2351
2022-05-27 12:30:00,10.6694
2022-05-27 13:00:00,10.6291
2022-05-27 13:30:00,10.805
2022-05-27 14:00:00,11.0074
2022-05-27 14:30:00,11.0303
2022-05-27 15:00:00,11.0091
2022-05-27 15:30:00,10.8213
2022-05-27 16:00:00,10.4758
2022-05-27 16:30:00,8.9693
2022-05-27 17:00:00,8.7633
2022-05-27 17:30:00,8.678
2022-05-27 18:00:00,8.5763
2022-05-27 18:30:00,8.3734
2022-05-27 19:00:00,8.0865
2022-05-27 19:30:00,7.6676
2022-05-27 20:00:00,6.7222
2022-05-27 20:30:00,5.999
2022-05-27 21:00:00,5.5313
2022-05-27 21:30:00,5.1031
2022-05-27 22:00:00,4.5672
2022-05-27 22:30:00,3.9296
2022-05-27 23:00:00,3.4999
2022-05-27 23:30:00,3.3023
2022-05-28 00:00:00,3.2438
2022-05-28 00:30:00,3.2684
2022-05-28 01:00:00,3.3722
2022-05-28 01:30:00,3.5963
2022-05-28 02:00:00,3.7991
2022-05-28 02:30:00,4.2034
2022-05-28 03:00:00,5.0775
2022-05-28 03:30:00,6.1207
2022-05-28 04:00:00,7.2486
2022-05-28 04:30:00,8.1505
2022-05-28 05:00:00,8.6769
2022-05-28 05:30:00,9.2174
2022-05-28 06:00:00,9.8258
2022-05-28 06:30:00,10.6788
2022-05-28 07:00:00,11.4031
2022-05-28 07:30:00,11.5813
2022-05-28 08:00:00,10.9415
2022-05-28 08:30:00,11.5668
2022-05-28 09:00:00,12.161
2022-05-28 09:30:00,12.1341
2022-05-28 10:00:00,12.5249
2022-05-28 10:30:00,13.2324
2022-05-28 11:00:00,13.7385
2022-05-28 11:30:00,13.1161
2022-05-28 12:00:00,13.3637
2022-05-28 12:30:00,13.6581
2022-05-28 13:00:00,14.2798
2022-05-28 13:30:00,13.2956
2022-05-28 14:00:00,12.9789
2022-05-28 14:30:00,13.2783
2022-05-28 15:00:00,14.4965
2022-05-28 15:30:00,14.2279
2022-05-28 16:00:00,12.9078
2022-05-28 16:30:00,11.9498
2022-05-28 17:00:00,12.1828
2022-05-28 17:30:00,12.1917
2022-05-28 18:00:00,10.7051
2022-05-28 18:30:00,10.3527
2022-05-28 19:00:00,9.878
2022-05-28 19:30:00,8.8937
2022-05-28 20:00:00,7.2426
2022-05-28 20:30:00,6.1243
2022-05-28 21:00:00,5.0419
2022-05-28 21:30:00,4.1378
2022-05-28 22:00:00,3.3356
2022-05-28 22:30:00,2.6284
2022-05-28 23:00:00,2.1207
2022-05-28 23:30:00,1.7129
2022-05-29 00:00:00,1.4018
2022-05-29 00:30:00,0.8593
2022-05-29 01:00:00,0.3916
2022-05-29 01:30:00,0.1085
2022-05-29 02:00:00,0.3452
2022-05-29 02:30:00,1.0262
2022-05-29 03:00:00,2.3631
2022-05-29 03:30:00,4.3801
2022-05-29 04:00:00,6.5774
2022-05-29 04:30:00,8.2714
2022-05-29 05:00:00,9.5935
2022-05-29 05:30:00,11.7877
2022-05-29 06:00:00,12.0939
2022-05-29 06:30:00,12.6186
2022-05-29 07:00:00,13.7124
2022-05-29 07:30:00,14.6023
2022-05-29 08:00:00,14.1296
2022-05-29 08:30:00,14.2963
2022-05-29 09:00:00,14.67
2022-05-29 09:30:00,15.5937
2022-05-29 10:00:00,15.1372
2022-05-29 10:30:00,15.8757
2022-05-29 11:00:00,16.4679
2022-05-29 11:30:00,16.9624
2022-05-29 12:00:00,17.5655
2022-05-29 12:30:00,15.9874
2022-05-29 13:00:00,14.047
2022-05-29 13:30:00,11.911
2022-05-29 14:00:00,12.9472
2022-05-29 14:30:00,13.6334
2022-05-29 15:00:00,14.112
2022-05-29 15:30:00,14.7893
2022-05-29 16:00:00,14.3055
2022-05-29 16:30:00,13.9667
2022-05-29 17:00:00,14.2477
2022-05-29 17:30:00,13.7479
2022-05-29 18:00:00,13.4023
2022-05-29 18:30:00,12.308
2022-05-29 19:00:00,11.0863
2022-05-29 19:30:00,9.8206
2022-05-29 20:00:00,8.6628
2022-05-29 20:30:00,7.7803
2022-05-29 21:00:00,6.9803
2022-05-29 21:30:00,6.2974
2022-05-29 22:00:00,5.8098
2022-05-29 22:30:00,5.4957
2022-05-29 23:00:00,5.365
2022-05-29 23:30:00,5.4793
2022-05-30 00:00:00,5.481
2022-05-30 00:30:00,5.373
2022-05-30 01:00:00,5.2317
2022-05-30 01:30:00,5.1758
2022-05-30 02:00:00,5.533
2022-05-30 02:30:00,6.2372
2022-05-30 03:00:00,8.0015
2022-05-30 03:30:00,9.2366
2022-05-30 04:00:00,10.3385
2022-05-30 04:30:00,10.2596
2022-05-30 05:00:00,11.089
2022-05-30 05:30:00,12.1551
2022-05-30 06:00:00,13.217
2022-05-30 06:30:00,14.2696
2022-05-30 07:00:00,15.2039
2022-05-30 07:30:00,15.5652
2022-05-30 08:00:00,15.8025
2022-05-30 08:30:00,15.7676
2022-05-30 09:00:00,15.5587
2022-05-30 09:30:00,14.9187
2022-05-30 10:00:00,16.6388
2022-05-30 10:30:00,15.7137
2022-05-30 11:00:00,14.8255
2022-05-30 11:30:00,15.0848
2022-05-30 12:00:00,15.5666
2022-05-30 12:30:00,16.6021
2022-05-30 13:00:00,17.0438
2022-05-30 13:30:00,16.7834
2022-05-30 14:00:00,16.865
2022-05-30 14:30:00,16.8768
2022-05-30 15:00:00,17.0048
2022-05-30 15:30:00,16.8632
2022-05-30 16:00:00,16.8923
2022-05-30 16:30:00,17.1023
2022-05-30 17:00:00,15.6773
2022-05-30 17:30:00,14.3234
2022-05-30 18:00:00,13.4539
2022-05-30 18:30:00,12.9779
2022-05-30 19:00:00,11.5946
2022-05-30 19:30:00,10.2
2022-05-30 20:00:00,9.0438
2022-05-30 20:30:00,8.1196
2022-05-30 21:00:00,7.208
2022-05-30 21:30:00,6.324
2022-05-30 22:00:00,5.5743
2022-05-30 22:30:00,4.8224
2022-05-30 23:00:00,4.3329
2022-05-30 23:30:00,4.2257
2022-05-31 00:00:00,4.617
2022-05-31 00:30:00,5.264
2022-05-31 01:00:00,5.5129
2022-05-31 01:30:00,6.5406
2022-05-31 02:00:00,7.3572
2022-05-31 02:30:00,8.9049
2022-05-31 03:00:00,11.3009
2022-05-31 03:30:00,12.1015
2022-05-31 04:00:00,12.3544
2022-05-31 04:30:00,12.7195
2022-05-31 05:00:00,13.035
2022-05-31 05:30:00,13.4823
2022-05-31 06:00:00,13.9616
2022-05-31 06:30:00,14.0832
2022-05-31 07:00:00,14.1721
2022-05-31 07:30:00,12.7763
2022-05-31 08:00:00,11.3496
2022-05-31 08:30:00,11.2583
2022-05-31 09:00:00,12.0746
2022-05-31 09:30:00,11.9669
2022-05-31 10:00:00,11.3918
2022-05-31 10:30:00,11.1559
2022-05-31 11:00:00,11.3806
2022-05-31 11:30:00,11.7311
2022-05-31 12:00:00,11.8068
2022-05-31 12:30:00,11.5952
2022-05-31 13:00:00,11.644
2022-05-31 13:30:00,11.576
2022-05-31 14:00:00,10.8601
2022-05-31 14:30:00,10.5639
2022-05-31 15:00:00,10.4464
2022-05-31 15:30:00,10.4208
2022-05-31 16:00:00,10.5909
2022-05-31 16:30:00,10.6387
2022-05-31 17:00:00,10.7109
2022-05-31 17:30:00,10.2871
2022-05-31 18:00:00,10.1389
2022-05-31 18:30:00,9.8036
2022-05-31 19:00:00,9.5754
2022-05-31 19:30:00,9.4491
2022-05-31 20:00:00,9.2981
2022-05-31 20:30:00,9.155
2022-05-31 21:00:00,9.0557
2022-05-31 21:30:00,9.0411
2022-05-31 22:00:00,9.0124
2022-05-31 22:30:00,8.9457
2022-05-31 23:00:00,8.855
2022-05-31 23:30:00,8.8192
2022-06-01 00:00:00,8.8052
2022-06-01 00:30:00,8.7225
2022-06-01 01:00:00,8.6491
2022-06-01 01:30:00,8.5888
2022-06-01 02:00:00,8.499
2022-06-01 02:30:00,8.5527
2022-06-01 03:00:00,8.6907
2022-06-01 03:30:00,8.8089
2022-06-01 04:00:00,8.9748
2022-06-01 04:30:00,9.1787
2022-06-01 05:00:00,9.392
2022-06-01 05:30:00,9.4944
2022-06-01 06:00:00,9.7825
2022-06-01 06:30:00,10.5367
2022-06-01 07:00:00,12.3923
2022-06-01 07:30:00,13.4614
2022-06-01 08:00:00,14.2566
2022-06-01 08:30:00,14.8548
2022-06-01 09:00:00,15.3805
2022-06-01 09:30:00,15.8
2022-06-01 10:00:00,15.4396
2022-06-01 10:30:00,16.2634
2022-06-01 11:00:00,15.854
2022-06-01 11:30:00,16.5809
2022-06-01 12:00:00,16.7199
2022-06-01 12:30:00,16.7358
2022-06-01 13:00:00,16.9136
2022-06-01 13:30:00,16.4033
2022-06-01 14:00:00,16.6807
2022-06-01 14:30:00,16.9152
2022-06-01 15:00:00,16.6507
2022-06-01 15:30:00,16.2035
2022-06-01 16:00:00,16.1968
2022-06-01 16:30:00,16.7
2022-06-01 17:00:00,16.0397
2022-06-01 17:30:00,15.5768
2022-06-01 18:00:00,14.5727
2022-06-01 18:30:00,13.3875
2022-06-01 19:00:00,12.5408
2022-06-01 19:30:00,11.5945
2022-06-01 20:00:00,10.4081
2022-06-01 20:30:00,9.5738
2022-06-01 21:00:00,8.8067
2022-06-01 21:30:00,8.8444
2022-06-01 22:00:00,10.3261
2022-06-01 22:30:00,13.2012
2022-06-01 23:00:00,13.1663
2022-06-01 23:30:00,12.8591
2022-06-02 00:00:00,12.8693
2022-06-02 00:30:00,12.6954
2022-06-02 01:00:00,12.4308
2022-06-02 01:30:00,12.4838
2022-06-02 02:00:00,12.4468
2022-06-02 02:30:00,12.5481
2022-06-02 03:00:00,12.4121
2022-06-02 03:30:00,12.396
2022-06-02 04:00:00,12.22
2022-06-02 04:30:00,10.6806
2022-06-02 05:00:00,10.1256
2022-06-02 05:30:00,9.8927
2022-06-02 06:00:00,10.1132
2022-06-02 06:30:00,10.3147
2022-06-02 07:00:00,10.5781
2022-06-02 07:30:00,10.9129
2022-06-02 08:00:00,11.3426
2022-06-02 08:30:00,12.1547
2022-06-02 09:00:00,12.6446
2022-06-02 09:30:00,12.1597
2022-06-02 10:00:00,12.6776
2022-06-02 10:30:00,12.6885
2022-06-02 11:00:00,11.7299
2022-06-02 11:30:00,10.7702
2022-06-02 12:00:00,10.5831
2022-06-02 12:30:00,10.5183
2022-06-02 13:00:00,10.2726
2022-06-02 13:30:00,10.199
2022-06-02 14:00:00,10.11
2022-06-02 14:30:00,9.9538
2022-06-02 15:00:00,9.8594
2022-06-02 15:30:00,9.7419
2022-06-02 16:00:00,9.7487
2022-06-02 16:30:00,9.7287
2022-06-02 17:00:00,9.581
2022-06-02 17:30:00,9.447
2022-06-02 18:00:00,9.3826
2022-06-02 18:30:00,9.2543
2022-06-02 19:00:00,9.2299
2022-06-02 19:30:00,9.1794
2022-06-02 20:00:00,9.1889
2022-06-02 20:30:00,9.0977
2022-06-02 21:00:00,8.9435
2022-06-02 21:30:00,8.8822
2022-06-02 22:00:00,8.8404
2022-06-02 22:30:00,8.8803
2022-06-02 23:00:00,8.9657
2022-06-02 23:30:00,9.0287
2022-06-03 00:00:00,9.0993
2022-06-03 00:30:00,9.2559
2022-06-03 01:00:00,9.3336
2022-06-03 01:30:00,9.371
2022-06-03 02:00:00,9.4068
2022-06-03 02:30:00,9.4353
2022-06-03 03:00:00,9.4982
2022-06-03 03:30:00,9.4787
2022-06-03 04:00:00,9.4509
2022-06-03 04:30:00,9.8041
2022-06-03 05:00:00,10.1047
2022-06-03 05:30:00,10.5911
2022-06-03 06:00:00,10.6238
2022-06-03 06:30:00,11.0389
2022-06-03 07:00:00,12.02
2022-06-03 07:30:00,12.95
2022-06-03 08:00:00,13.8346
2022-06-03 08:30:00,14.6716
2022-06-03 09:00:00,15.525
2022-06-03 09:30:00,15.8444
2022-06-03 10:00:00,16.4533
2022-06-03 10:30:00,16.7265
2022-06-03 11:00:00,17.0145
2022-06-03 11:30:00,17.1505
2022-06-03 12:00:00,17.7759
2022-06-03 12:30:00,17.8553
2022-06-03 13:00:00,16.5571
2022-06-03 13:30:00,14.8722
2022-06-03 14:00:00,13.5648
2022-06-03 14:30:00,13.5073
2022-06-03 15:00:00,13.9283
2022-06-03 15:30:00,13.8929
2022-06-03 16:00:00,14.9426
2022-06-03 16:30:00,15.5161
2022-06-03 17:00:00,15.586
2022-06-03 17:30:00,14.8567
2022-06-03 18:00:00,13.514
2022-06-03 18:30:00,12.7678
2022-06-03 19:00:00,12.05
2022-06-03 19:30:00,11.9342
2022-06-03 20:00:00,11.2959
2022-06-03 20:30:00,10.2906
2022-06-03 21:00:00,10.3269
2022-06-03 21:30:00,10.2845
2022-06-03 22:00:00,10.5828
2022-06-03 22:30:00,10.5778
2022-06-03 23:00:00,10.4353
2022-06-03 23:30:00,10.3902
2022-06-04 00:00:00,10.3077
2022-06-04 00:30:00,10.2087
2022-06-04 01:00:00,10.1251
2022-06-04 01:30:00,10.1359
2022-06-04 02:00:00,10.2515
2022-06-04 02:30:00,10.1863
2022-06-04 03:00:00,10.0794
2022-06-04 03:30:00,10.232
2022-06-04 04:00:00,10.4264
2022-06-04 04:30:00,11.0522
2022-06-04 05:00:00,11.2339
2022-06-04 05:30:00,11.3231
2022-06-04 06:00:00,11.6365
2022-06-04 06:30:00,11.6361
2022-06-04 07:00:00,12.2471
2022-06-04 07:30:00,13.2986
2022-06-04 08:00:00,13.6019
2022-06-04 08:30:00,14.6339
2022-06-04 09:00:00,14.7972
2022-06-04 09:30:00,14.9252
2022-06-04 10:00:00,15.3507
2022-06-04 10:30:00,16.2035
2022-06-04 11:00:00,16.36
2022-06-04 11:30:00,16.2788
2022-06-04 12:00:00,16.7708
2022-06-04 12:30:00,17.9317
2022-06-04 13:00:00,17.8794
2022-06-04 13:30:00,18.4118
2022-06-04 14:00:00,19.0688
2022-06-04 14:30:00,15.6219
2022-06-04 15:00:00,14.3816
2022-06-04 15:30:00,16.7544
2022-06-04 16:00:00,16.9284
2022-06-04 16:30:00,16.4345
2022-06-04 17:00:00,16.7635
2022-06-04 17:30:00,15.8369
2022-06-04 18:00:00,14.5477
2022-06-04 18:30:00,12.9017
2022-06-04 19:00:00,12.6885
2022-06-04 19:30:00,11.253
2022-06-04 20:00:00,9.8414
2022-06-04 20:30:00,8.7046
2022-06-04 21:00:00,8.9062
2022-06-04 21:30:00,9.7652
2022-06-04 22:00:00,8.8886
2022-06-04 22:30:00,9.0528
2022-06-04 23:00:00,8.5145
2022-06-04 23:30:00,7.5119
2022-06-05 00:00:00,8.481
2022-06-05 00:30:00,9.223
2022-06-05 01:00:00,9.25
2022-06-05 01:30:00,8.6388
2022-06-05 02:00:00,9.1301
2022-06-05 02:30:00,9.5559
2022-06-05 03:00:00,10.5902
2022-06-05 03:30:00,10.7862
2022-06-05 04:00:00,11.4776
2022-06-05 04:30:00,12.3895
2022-06-05 05:00:00,12.7679
2022-06-05 05:30:00,13.865
2022-06-05 06:00:00,13.9601
2022-06-05 06:30:00,14.3966
2022-06-05 07:00:00,15.0058
2022-06-05 07:30:00,15.0564
2022-06-05 08:00:00,16.2351
2022-06-05 08:30:00,16.1362
2022-06-05 09:00:00,16.0396
2022-06-05 09:30:00,16.357
2022-06-05 10:00:00,16.3761
2022-06-05 10:30:00,16.8823
2022-06-05 11:00:00,16.9052
2022-06-05 11:30:00,17.2012
2022-06-05 12:00:00,16.7683
2022-06-05 12:30:00,15.3551
2022-06-05 13:00:00,13.294
2022-06-05 13:30:00,11.9367
2022-06-05 14:00:00,10.9602
2022-06-05 14:30:00,10.5676
2022-06-05 15:00:00,10.9028
2022-06-05 15:30:00,11.0922
2022-06-05 16:00:00,11.8026
2022-06-05 16:30:00,12.0458
2022-06-05 17:00:00,12.2976
2022-06-05 17:30:00,12.2547
2022-06-05 18:00:00,11.2466
2022-06-05 18:30:00,9.4759
2022-06-05 19:00:00,8.4864
2022-06-05 19:30:00,7.5812
2022-06-05 20:00:00,6.5927
2022-06-05 20:30:00,5.8399
2022-06-05 21:00:00,5.0221
2022-06-05 21:30:00,4.4906
2022-06-05 22:00:00,3.7891
2022-06-05 22:30:00,3.202
2022-06-05 23:00:00,2.5424
2022-06-05 23:30:00,2.0971
2022-06-06 00:00:00,1.648
2022-06-06 00:30:00,1.2743
2022-06-06 01:00:00,1.0085
2022-06-06 01:30:00,0.8431
2022-06-06 02:00:00,1.0159
2022-06-06 02:30:00,1.6401
2022-06-06 03:00:00,3.1516
2022-06-06 03:30:00,5.7031
2022-06-06 04:00:00,8.9819
2022-06-06 04:30:00,10.7727
2022-06-06 05:00:00,11.8991
2022-06-06 05:30:00,12.3714
2022-06-06 06:00:00,12.8026
2022-06-06 06:30:00,13.2865
2022-06-06 07:00:00,13.4298
2022-06-06 07:30:00,14.0035
2022-06-06 08:00:00,14.439
2022-06-06 08:30:00,14.7136
2022-06-06 09:00:00,14.9603
2022-06-06 09:30:00,15.5934
2022-06-06 10:00:00,15.4448
2022-06-06 10:30:00,16.0424
2022-06-06 11:00:00,16.5596
2022-06-06 11:30:00,16.5154
2022-06-06 12:00:00,16.9723
2022-06-06 12:30:00,17.3451
2022-06-06 13:00:00,17.4139
2022-06-06 13:30:00,17.3826
2022-06-06 14:00:00,17.7052
2022-06-06 14:30:00,17.6673
2022-06-06 15:00:00,17.7926
2022-06-06 15:30:00,17.5134
2022-06-06 16:00:00,17.3846
2022-06-06 16:30:00,17.0572
2022-06-06 17:00:00,16.8744
2022-06-06 17:30:00,16.4102
2022-06-06 18:00:00,14.3091
2022-06-06 18:30:00,11.4763
2022-06-06 19:00:00,9.4619
2022-06-06 19:30:00,7.6941
2022-06-06 20:00:00,6.2974
2022-06-06 20:30:00,4.9982
2022-06-06 21:00:00,4.2058
2022-06-06 21:30:00,3.3436
2022-06-06 22:00:00,2.6338
2022-06-06 22:30:00,2.1188
2022-06-06 23:00:00,1.5223
2022-06-06 23:30:00,0.9274
2022-06-07 00:00:00,0.6044
2022-06-07 00:30:00,0.269
2022-06-07 01:00:00,0.0196
2022-06-07 01:30:00,-0.0684
2022-06-07 02:00:00,0.0207
2022-06-07 02:30:00,0.7026
2022-06-07 03:00:00,2.882
2022-06-07 03:30:00,5.2566
2022-06-07 04:00:00,8.4794
2022-06-07 04:30:00,12.0626
2022-06-07 05:00:00,15.7129
2022-06-07 05:30:00,16.69
2022-06-07 06:00:00,17.1306
2022-06-07 06:30:00,17.3873
2022-06-07 07:00:00,17.7195
2022-06-07 07:30:00,18.0281
2022-06-07 08:00:00,18.4589
2022-06-07 08:30:00,18.91
2022-06-07 09:00:00,19.4897
2022-06-07 09:30:00,19.6656
2022-06-07 10:00:00,19.9608
2022-06-07 10:30:00,20.2166
2022-06-07 11:00:00,20.4594
2022-06-07 11:30:00,20.737
2022-06-07 12:00:00,21.2974
2022-06-07 12:30:00,21.4935
2022-06-07 13:00:00,21.8179
2022-06-07 13:30:00,22.087
2022-06-07 14:00:00,22.4913
2022-06-07 14:30:00,22.1967
2022-06-07 15:00:00,21.9578
2022-06-07 15:30:00,21.8059
2022-06-07 16:00:00,21.294
2022-06-07 16:30:00,20.769
2022-06-07 17:00:00,20.592
2022-06-07 17:30:00,20.3246
2022-06-07 18:00:00,18.9374
2022-06-07 18:30:00,17.5843
2022-06-07 19:00:00,15.8549
2022-06-07 19:30:00,13.1745
2022-06-07 20:00:00,11.6653
2022-06-07 20:30:00,10.7213
2022-06-07 21:00:00,9.3807
2022-06-07 21:30:00,8.0945
2022-06-07 22:00:00,6.986
2022-06-07 22:30:00,5.8963
2022-06-07 23:00:00,5.1035
2022-06-07 23:30:00,4.7545
2022-06-08 00:00:00,4.1907
2022-06-08 00:30:00,4.3166
2022-06-08 01:00:00,5.0698
2022-06-08 01:30:00,5.7764
2022-06-08 02:00:00,6.4258
2022-06-08 02:30:00,7.0909
2022-06-08 03:00:00,10.1628
2022-06-08 03:30:00,11.9328
2022-06-08 04:00:00,12.3527
2022-06-08 04:30:00,12.7305
2022-06-08 05:00:00,13.0669
2022-06-08 05:30:00,12.1651
2022-06-08 06:00:00,10.4317
2022-06-08 06:30:00,10.1339
2022-06-08 07:00:00,10.2913
2022-06-08 07:30:00,10.4383
2022-06-08 08:00:00,10.3551
2022-06-08 08:30:00,10.8031
2022-06-08 09:00:00,11.3705
2022-06-08 09:30:00,12.1452
2022-06-08 10:00:00,13.1666
2022-06-08 10:30:00,13.6404
2022-06-08 11:00:00,14.0567
2022-06-08 11:30:00,14.5433
2022-06-08 12:00:00,15.4037
2022-06-08 12:30:00,15.8801
2022-06-08 13:00:00,16.402
2022-06-08 13:30:00,16.2076
2022-06-08 14:00:00,16.6709
2022-06-08 14:30:00,17.6211
2022-06-08 15:00:00,18.0008
2022-06-08 15:30:00,18.2833
2022-06-08 16:00:00,17.809
2022-06-08 16:30:00,18.0154
2022-06-08 17:00:00,17.7327
2022-06-08 17:30:00,17.072
2022-06-08 18:00:00,16.4514
2022-06-08 18:30:00,15.9197
2022-06-08 19:00:00,15.1745
2022-06-08 19:30:00,14.0186
2022-06-08 20:00:00,13.1864
2022-06-08 20:30:00,12.4007
2022-06-08 21:00:00,11.8185
2022-06-08 21:30:00,11.3271
2022-06-08 22:00:00,11.1251
2022-06-08 22:30:00,11.0213
2022-06-08 23:00:00,10.8609
2022-06-08 23:30:00,10.5654
2022-06-09 00:00:00,10.8001
2022-06-09 00:30:00,11.3353
2022-06-09 01:00:00,11.0269
2022-06-09 01:30:00,10.7901
2022-06-09 02:00:00,10.6917
2022-06-09 02:30:00,10.5002
2022-06-09 03:00:00,11.5968
2022-06-09 03:30:00,13.176
2022-06-09 04:00:00,14.0353
2022-06-09 04:30:00,14.5709
2022-06-09 05:00:00,14.808
2022-06-09 05:30:00,15.5
2022-06-09 06:00:00,16.484
2022-06-09 06:30:00,17.0273
2022-06-09 07:00:00,17.1371
2022-06-09 07:30:00,16.7799
2022-06-09 08:00:00,16.6776
2022-06-09 08:30:00,16.8376
2022-06-09 09:00:00,17.1938
2022-06-09 09:30:00,17.5385
2022-06-09 10:00:00,18.3313
2022-06-09 10:30:00,18.8638
2022-06-09 11:00:00,19.5095
2022-06-09 11:30:00,18.4506
2022-06-09 12:00:00,15.6292
2022-06-09 12:30:00,15.9893
2022-06-09 13:00:00,15.3683
2022-06-09 13:30:00,13.6805
2022-06-09 14:00:00,13.9069
2022-06-09 14:30:00,15.6221
2022-06-09 15:00:00,15.7479
2022-06-09 15:30:00,16.3624
2022-06-09 16:00:00,16.7244
2022-06-09 16:30:00,16.4549
2022-06-09 17:00:00,16.3894
2022-06-09 17:30:00,15.8833
2022-06-09 18:00:00,14.7542
2022-06-09 18:30:00,13.5084
2022-06-09 19:00:00,12.3474
2022-06-09 19:30:00,11.5194
2022-06-09 20:00:00,10.6224
2022-06-09 20:30:00,9.8053
2022-06-09 21:00:00,9.0708
2022-06-09 21:30:00,8.4727
2022-06-09 22:00:00,7.892
2022-06-09 22:30:00,7.2202
2022-06-09 23:00:00,6.6097
2022-06-09 23:30:00,6.3214
2022-06-10 00:00:00,5.9033
2022-06-10 00:30:00,5.622
2022-06-10 01:00:00,5.4032
2022-06-10 01:30:00,5.4762
2022-06-10 02:00:00,5.6105
2022-06-10 02:30:00,6.0202
2022-06-10 03:00:00,7.9228
2022-06-10 03:30:00,10.5115
2022-06-10 04:00:00,10.7425
2022-06-10 04:30:00,10.9124
2022-06-10 05:00:00,11.2123
2022-06-10 05:30:00,11.5271
2022-06-10 06:00:00,11.9568
2022-06-10 06:30:00,12.2261
2022-06-10 07:00:00,12.3395
2022-06-10 07:30:00,12.4934
2022-06-10 08:00:00,12.7886
2022-06-10 08:30:00,13.0538
2022-06-10 09:00:00,13.0671
2022-06-10 09:30:00,13.4886
2022-06-10 10:00:00,14.2488
2022-06-10 10:30:00,14.5934
2022-06-10 11:00:00,14.8959
2022-06-10 11:30:00,15.4041
2022-06-10 12:00:00,16.9014
2022-06-10 12:30:00,17.6277
2022-06-10 13:00:00,18.5148
2022-06-10 13:30:00,19.3225
2022-06-10 14:00:00,19.6585
2022-06-10 14:30:00,19.0875
2022-06-10 15:00:00,17.7414
2022-06-10 15:30:00,17.7146
2022-06-10 16:00:00,17.8521
2022-06-10 16:30:00,17.9072
2022-06-10 17:00:00,17.8854
2022-06-10 17:30:00,17.4101
2022-06-10 18:00:00,15.6365
2022-06-10 18:30:00,13.9949
2022-06-10 19:00:00,12.8889
2022-06-10 19:30:00,11.8763
2022-06-10 20:00:00,10.8441
2022-06-10 20:30:00,9.8842
2022-06-10 21:00:00,9.1523
2022-06-10 21:30:00,8.4036
2022-06-10 22:00:00,7.6834
2022-06-10 22:30:00,7.2327
2022-06-10 23:00:00,6.8621
2022-06-10 23:30:00,7.145
2022-06-11 00:00:00,7.5117
2022-06-11 00:30:00,7.8619
2022-06-11 01:00:00,7.9008
2022-06-11 01:30:00,8.0934
2022-06-11 02:00:00,8.7315
2022-06-11 02:30:00,9.3583
2022-06-11 03:00:00,10.1675
2022-06-11 03:30:00,10.9907
2022-06-11 04:00:00,12.1033
2022-06-11 04:30:00,15.2676
2022-06-11 05:00:00,16.4548
2022-06-11 05:30:00,16.7111
2022-06-11 06:00:00,17.1159
2022-06-11 06:30:00,17.1475
2022-06-11 07:00:00,17.7327
2022-06-11 07:30:00,17.9823
2022-06-11 08:00:00,18.2454
2022-06-11 08:30:00,18.8437
2022-06-11 09:00:00,19.8124
2022-06-11 09:30:00,20.8202
2022-06-11 10:00:00,21.1626
2022-06-11 10:30:00,21.8914
2022-06-11 11:00:00,22.5422
2022-06-11 11:30:00,22.6983
2022-06-11 12:00:00,22.8614
2022-06-11 12:30:00,23.2823
2022-06-11 13:00:00,23.4302
2022-06-11 13:30:00,23.1879
2022-06-11 14:00:00,23.0385
2022-06-11 14:30:00,23.1304
2022-06-11 15:00:00,22.9848
2022-06-11 15:30:00,22.7513
2022-06-11 16:00:00,22.0386
2022-06-11 16:30:00,22.1896
2022-06-11 17:00:00,21.8227
2022-06-11 17:30:00,20.9499
2022-06-11 18:00:00,20.2635
2022-06-11 18:30:00,19.2088
2022-06-11 19:00:00,18.0361
2022-06-11 19:30:00,17.3345
2022-06-11 20:00:00,16.513
2022-06-11 20:30:00,15.5262
2022-06-11 21:00:00,14.0743
2022-06-11 21:30:00,12.9704
2022-06-11 22:00:00,12.823
2022-06-11 22:30:00,10.7505
2022-06-11 23:00:00,9.4213
2022-06-11 23:30:00,8.5271
2022-06-12 00:00:00,8.1122
2022-06-12 00:30:00,8.0368
2022-06-12 01:00:00,8.8833
2022-06-12 01:30:00,9.7137
2022-06-12 02:00:00,10.7223
2022-06-12 02:30:00,11.2217
2022-06-12 03:00:00,12.0684
2022-06-12 03:30:00,13.1917
2022-06-12 04:00:00,14.5082
2022-06-12 04:30:00,14.6024
2022-06-12 05:00:00,15.2832
2022-06-12 05:30:00,16.202
2022-06-12 06:00:00,17.0553
2022-06-12 06:30:00,17.9085
2022-06-12 07:00:00,18.5369
2022-06-12 07:30:00,18.8428
2022-06-12 08:00:00,19.3798
2022-06-12 08:30:00,19.8408
2022-06-12 09:00:00,19.821
2022-06-12 09:30:00,19.2167
2022-06-12 10:00:00,19.3566
2022-06-12 10:30:00,20.0598
2022-06-12 11:00:00,20.0628
2022-06-12 11:30:00,20.2272
2022-06-12 12:00:00,21.033
2022-06-12 12:30:00,21.8897
2022-06-12 13:00:00,21.9554
2022-06-12 13:30:00,21.8332
2022-06-12 14:00:00,21.8911
2022-06-12 14:30:00,21.1162
2022-06-12 15:00:00,20.586
2022-06-12 15:30:00,20.826
2022-06-12 16:00:00,20.1944
2022-06-12 16:30:00,19.9298
2022-06-12 17:00:00,19.221
2022-06-12 17:30:00,18.4607
2022-06-12 18:00:00,17.6276
2022-06-12 18:30:00,16.6335
2022-06-12 19:00:00,15.7352
2022-06-12 19:30:00,14.8724
2022-06-12 20:00:00,13.5099
2022-06-12 20:30:00,12.1292
2022-06-12 21:00:00,12.635599864015282
2022-06-12 21:30:00,9.691
2022-06-12 22:00:00,8.6432
2022-06-12 22:30:00,7.9629
2022-06-12 23:00:00,7.3296
2022-06-12 23:30:00,6.89
2022-06-13 00:00:00,6.5166
2022-06-13 00:30:00,6.3056
2022-06-13 01:00:00,6.9815
2022-06-13 01:30:00,8.3879
2022-06-13 02:00:00,8.6417
2022-06-13 02:30:00,10.3188
2022-06-13 03:00:00,11.0243
2022-06-13 03:30:00,11.7173
2022-06-13 04:00:00,12.1595
2022-06-13 04:30:00,12.8127
2022-06-13 05:00:00,13.9303
2022-06-13 05:30:00,14.0517
2022-06-13 06:00:00,14.1316
2022-06-13 06:30:00,14.8796
2022-06-13 07:00:00,16.1122
2022-06-13 07:30:00,15.8332
2022-06-13 08:00:00,16.8274
2022-06-13 08:30:00,16.6033
2022-06-13 09:00:00,18.046
2022-06-13 09:30:00,15.5576
2022-06-13 10:00:00,16.4491
2022-06-13 10:30:00,18.043495053550878
2022-06-13 11:00:00,18.0777
2022-06-13 11:30:00,17.5402
2022-06-13 12:00:00,18.6914
2022-06-13 12:30:00,18.2126
2022-06-13 13:00:00,16.8597
2022-06-13 13:30:00,15.1383
2022-06-13 14:00:00,13.1637
2022-06-13 14:30:00,13.1981
2022-06-13 15:00:00,14.5775
2022-06-13 15:30:00,14.4584
2022-06-13 16:00:00,14.9041
2022-06-13 16:30:00,15.096
2022-06-13 17:00:00,14.9064
2022-06-13 17:30:00,14.7998
2022-06-13 18:00:00,14.5301
2022-06-13 18:30:00,13.7348
2022-06-13 19:00:00,12.8633
2022-06-13 19:30:00,12.2351
2022-06-13 20:00:00,12.3452
2022-06-13 20:30:00,12.3844
2022-06-13 21:00:00,11.8494
2022-06-13 21:30:00,10.3676
2022-06-13 22:00:00,8.9872
2022-06-13 22:30:00,8.0017
2022-06-13 23:00:00,7.7274
2022-06-13 23:30:00,7.3377
2022-06-14 00:00:00,7.0777
2022-06-14 00:30:00,6.8697
2022-06-14 01:00:00,6.5808
2022-06-14 01:30:00,6.2301
2022-06-14 02:00:00,6.2056
2022-06-14 02:30:00,6.2945
2022-06-14 03:00:00,7.698
2022-06-14 03:30:00,10.1516
2022-06-14 04:00:00,11.8758
2022-06-14 04:30:00,13.0851
2022-06-14 05:00:00,13.161
2022-06-14 05:30:00,14.1199
2022-06-14 06:00:00,15.0384
2022-06-14 06:30:00,15.5013
2022-06-14 07:00:00,15.9377
2022-06-14 07:30:00,16.223
2022-06-14 08:00:00,16.5047
2022-06-14 08:30:00,16.9259
2022-06-14 09:00:00,17.4266
2022-06-14 09:30:00,18.0818
2022-06-14 10:00:00,18.1541
2022-06-14 10:30:00,18.3733
2022-06-14 11:00:00,18.1818
2022-06-14 11:30:00,19.1339
2022-06-14 12:00:00,18.868
2022-06-14 12:30:00,17.1055
2022-06-14 13:00:00,18.1814
2022-06-14 13:30:00,18.2267
2022-06-14 14:00:00,17.2939
2022-06-14 14:30:00,17.4572
2022-06-14 15:00:00,15.7492
2022-06-14 15:30:00,16.4485
2022-06-14 16:00:00,17.075
2022-06-14 16:30:00,17.4959
2022-06-14 17:00:00,17.1375
2022-06-14 17:30:00,16.8178
2022-06-14 18:00:00,16.0134
2022-06-14 18:30:00,15.0913
2022-06-14 19:00:00,14.3038
2022-06-14 19:30:00,13.5934
2022-06-14 20:00:00,12.7417
2022-06-14 20:30:00,11.6558
2022-06-14 21:00:00,11.1493
2022-06-14 21:30:00,10.8237
2022-06-14 22:00:00,10.4977
2022-06-14 22:30:00,11.1351
2022-06-14 23:00:00,11.8015
2022-06-14 23:30:00,12.1086
2022-06-15 00:00:00,12.3245
2022-06-15 00:30:00,12.0141
2022-06-15 01:00:00,11.6402
2022-06-15 01:30:00,11.4144
2022-06-15 02:00:00,11.438
2022-06-15 02:30:00,11.7321
2022-06-15 03:00:00,12.6434
2022-06-15 03:30:00,12.6891
2022-06-15 04:00:00,13.5567
2022-06-15 04:30:00,14.4079
2022-06-15 05:00:00,16.2105
2022-06-15 05:30:00,16.9119
2022-06-15 06:00:00,17.1166
2022-06-15 06:30:00,18.0382
2022-06-15 07:00:00,18.5367
2022-06-15 07:30:00,18.8796
2022-06-15 08:00:00,18.3249
2022-06-15 08:30:00,18.7236
2022-06-15 09:00:00,19.0017
2022-06-15 09:30:00,19.2734
2022-06-15 10:00:00,19.5281
2022-06-15 10:30:00,20.1643
2022-06-15 11:00:00,20.0407
2022-06-15 11:30:00,20.4474
2022-06-15 12:00:00,20.1018
2022-06-15 12:30:00,20.786
2022-06-15 13:00:00,20.3149
2022-06-15 13:30:00,20.1817
2022-06-15 14:00:00,19.4677
2022-06-15 14:30:00,20.0599
2022-06-15 15:00:00,20.2218
2022-06-15 15:30:00,19.4952
2022-06-15 16:00:00,18.9373
2022-06-15 16:30:00,18.9495
2022-06-15 17:00:00,18.4729
2022-06-15 17:30:00,17.9469
2022-06-15 18:00:00,17.1568
2022-06-15 18:30:00,16.5222
2022-06-15 19:00:00,15.9433
2022-06-15 19:30:00,15.0583
2022-06-15 20:00:00,14.2928
2022-06-15 20:30:00,13.7162
2022-06-15 21:00:00,12.9261
2022-06-15 21:30:00,12.2465
2022-06-15 22:00:00,11.7364
2022-06-15 22:30:00,11.6671
2022-06-15 23:00:00,11.2141
2022-06-15 23:30:00,10.8482
2022-06-16 00:00:00,10.5673
2022-06-16 00:30:00,9.9984
2022-06-16 01:00:00,9.819
2022-06-16 01:30:00,10.2259
2022-06-16 02:00:00,10.2799
2022-06-16 02:30:00,10.884
2022-06-16 03:00:00,11.6912
2022-06-16 03:30:00,12.157
2022-06-16 04:00:00,12.5768
2022-06-16 04:30:00,12.3724
2022-06-16 05:00:00,13.4184
2022-06-16 05:30:00,12.9813
2022-06-16 06:00:00,12.8108
2022-06-16 06:30:00,13.0675
2022-06-16 07:00:00,13.2118
2022-06-16 07:30:00,13.5896
2022-06-16 08:00:00,13.8671
2022-06-16 08:30:00,13.8875
2022-06-16 09:00:00,13.9665
2022-06-16 09:30:00,14.3955
2022-06-16 10:00:00,15.2649
2022-06-16 10:30:00,15.7231
2022-06-16 11:00:00,16.3385
2022-06-16 11:30:00,16.3552
2022-06-16 12:00:00,16.7211
2022-06-16 12:30:00,17.6105
2022-06-16 13:00:00,17.3434
2022-06-16 13:30:00,17.65
2022-06-16 14:00:00,17.5156
2022-06-16 14:30:00,17.3059
2022-06-16 15:00:00,17.045
2022-06-16 15:30:00,16.4016
2022-06-16 16:00:00,16.6219
2022-06-16 16:30:00,15.764
2022-06-16 17:00:00,15.8158
2022-06-16 17:30:00,15.3134
2022-06-16 18:00:00,14.8939
2022-06-16 18:30:00,14.4164
2022-06-16 19:00:00,13.933
2022-06-16 19:30:00,13.0672
2022-06-16 20:00:00,12.3217
2022-06-16 20:30:00,12.2284
2022-06-16 21:00:00,11.7511
2022-06-16 21:30:00,12.7448
2022-06-16 22:00:00,13.0034
2022-06-16 22:30:00,13.0018
2022-06-16 23:00:00,12.8412
2022-06-16 23:30:00,12.5172
2022-06-17 00:00:00,12.1393
2022-06-17 00:30:00,12.1251
2022-06-17 01:00:00,11.6632
2022-06-17 01:30:00,11.0182
2022-06-17 02:00:00,10.4111
2022-06-17 02:30:00,9.926
2022-06-17 03:00:00,9.641
2022-06-17 03:30:00,10.1561
2022-06-17 04:00:00,10.6044
2022-06-17 04:30:00,11.2406
2022-06-17 05:00:00,11.694
2022-06-17 05:30:00,12.0861
2022-06-17 06:00:00,12.2517
2022-06-17 06:30:00,12.533
2022-06-17 07:00:00,13.6358
2022-06-17 07:30:00,13.5557
2022-06-17 08:00:00,13.9995
2022-06-17 08:30:00,14.4317
2022-06-17 09:00:00,14.6856
2022-06-17 09:30:00,14.6235
2022-06-17 10:00:00,14.3911
2022-06-17 10:30:00,14.7602
2022-06-17 11:00:00,15.1206
2022-06-17 11:30:00,15.2088
2022-06-17 12:00:00,15.5005
2022-06-17 12:30:00,15.4532
2022-06-17 13:00:00,15.9389
2022-06-17 13:30:00,16.224
2022-06-17 14:00:00,16.1569
2022-06-17 14:30:00,16.5857
2022-06-17 15:00:00,16.6608
2022-06-17 15:30:00,16.2963
2022-06-17 16:00:00,16.1305
2022-06-17 16:30:00,16.4623
2022-06-17 17:00:00,16.6712
2022-06-17 17:30:00,16.2478
2022-06-17 18:00:00,14.2224
2022-06-17 18:30:00,12.4272
2022-06-17 19:00:00,10.863
2022-06-17 19:30:00,9.5821
2022-06-17 20:00:00,8.4361
2022-06-17 20:30:00,7.4923
2022-06-17 21:00:00,6.593
2022-06-17 21:30:00,5.9857
2022-06-17 22:00:00,5.3967
2022-06-17 22:30:00,5.1397
2022-06-17 23:00:00,4.7312
2022-06-17 23:30:00,4.416
2022-06-18 00:00:00,4.1416
2022-06-18 00:30:00,3.8761
2022-06-18 01:00:00,4.0412
2022-06-18 01:30:00,4.3357
2022-06-18 02:00:00,5.3754
2022-06-18 02:30:00,6.3917
2022-06-18 03:00:00,8.0832
2022-06-18 03:30:00,10.9843
2022-06-18 04:00:00,12.986
2022-06-18 04:30:00,13.7576
2022-06-18 05:00:00,14.3847
2022-06-18 05:30:00,14.0261
2022-06-18 06:00:00,13.5287
2022-06-18 06:30:00,12.8844
2022-06-18 07:00:00,12.8939
2022-06-18 07:30:00,13.1473
2022-06-18 08:00:00,13.4474
2022-06-18 08:30:00,13.5405
2022-06-18 09:00:00,13.1861
2022-06-18 09:30:00,12.8488
2022-06-18 10:00:00,12.8215
2022-06-18 10:30:00,12.8574
2022-06-18 11:00:00,12.9329
2022-06-18 11:30:00,12.9659
2022-06-18 12:00:00,12.903
2022-06-18 12:30:00,12.9523
2022-06-18 13:00:00,13.0175
2022-06-18 13:30:00,13.0285
2022-06-18 14:00:00,13.1795
2022-06-18 14:30:00,13.2786
2022-06-18 15:00:00,13.3236
2022-06-18 15:30:00,13.3943
2022-06-18 16:00:00,13.5559
2022-06-18 16:30:00,13.683
2022-06-18 17:00:00,13.7872
2022-06-18 17:30:00,13.7681
2022-06-18 18:00:00,13.7184
2022-06-18 18:30:00,13.7477
2022-06-18 19:00:00,13.7843
2022-06-18 19:30:00,13.7141
2022-06-18 20:00:00,13.6926
2022-06-18 20:30:00,13.6952
2022-06-18 21:00:00,13.6829
2022-06-18 21:30:00,13.6171
2022-06-18 22:00:00,13.5234
2022-06-18 22:30:00,13.4288
2022-06-18 23:00:00,13.28
2022-06-18 23:30:00,12.6794
2022-06-19 00:00:00,11.7808
2022-06-19 00:30:00,11.683
2022-06-19 01:00:00,11.7063
2022-06-19 01:30:00,11.7119
2022-06-19 02:00:00,11.9267
2022-06-19 02:30:00,12.5844
2022-06-19 03:00:00,12.2902
2022-06-19 03:30:00,12.1846
2022-06-19 04:00:00,11.1197
2022-06-19 04:30:00,10.6139
2022-06-19 05:00:00,10.1316
2022-06-19 05:30:00,10.5304
2022-06-19 06:00:00,11.1781
2022-06-19 06:30:00,10.9806
2022-06-19 07:00:00,11.9614
2022-06-19 07:30:00,12.4948
2022-06-19 08:00:00,12.9044
2022-06-19 08:30:00,13.4249
2022-06-19 09:00:00,13.7649
2022-06-19 09:30:00,14.7628
2022-06-19 10:00:00,14.4673
2022-06-19 10:30:00,15.1307
2022-06-19 11:00:00,14.8182
2022-06-19 11:30:00,14.8993
2022-06-19 12:00:00,15.159
2022-06-19 12:30:00,15.0186
2022-06-19 13:00:00,14.9843
2022-06-19 13:30:00,15.4512
2022-06-19 14:00:00,14.5445
2022-06-19 14:30:00,13.6729
2022-06-19 15:00:00,12.6041
2022-06-19 15:30:00,12.7205
2022-06-19 16:00:00,12.8547
2022-06-19 16:30:00,12.4964
2022-06-19 17:00:00,12.0382
2022-06-19 17:30:00,11.8837
2022-06-19 18:00:00,11.6907
2022-06-19 18:30:00,11.0268
2022-06-19 19:00:00,10.7655
2022-06-19 19:30:00,10.4864
2022-06-19 20:00:00,9.8641
2022-06-19 20:30:00,9.8088
2022-06-19 21:00:00,9.0683
2022-06-19 21:30:00,7.8169
2022-06-19 22:00:00,6.6763
2022-06-19 22:30:00,6.5919
2022-06-19 23:00:00,8.2061
2022-06-19 23:30:00,9.5266
2022-06-20 00:00:00,9.8275
2022-06-20 00:30:00,9.7772
2022-06-20 01:00:00,9.3672
2022-06-20 01:30:00,9.5333
2022-06-20 02:00:00,9.8345
2022-06-20 02:30:00,10.1439
2022-06-20 03:00:00,10.572
2022-06-20 03:30:00,10.8868
2022-06-20 04:00:00,10.8048
2022-06-20 04:30:00,10.7679
2022-06-20 05:00:00,10.999
2022-06-20 05:30:00,11.2693
2022-06-20 06:00:00,11.2372
2022-06-20 06:30:00,11.6531
2022-06-20 07:00:00,12.1235
2022-06-20 07:30:00,12.4557
2022-06-20 08:00:00,12.3323
2022-06-20 08:30:00,12.4754
2022-06-20 09:00:00,13.3898
2022-06-20 09:30:00,13.5307
2022-06-20 10:00:00,14.2707
2022-06-20 10:30:00,15.1324
2022-06-20 11:00:00,15.9431
2022-06-20 11:30:00,16.6413
2022-06-20 12:00:00,17.0616
2022-06-20 12:30:00,17.5378
2022-06-20 13:00:00,17.5747
2022-06-20 13:30:00,17.6919
2022-06-20 14:00:00,18.1186
2022-06-20 14:30:00,18.1694
2022-06-20 15:00:00,18.0903
2022-06-20 15:30:00,18.2441
2022-06-20 16:00:00,18.2822
2022-06-20 16:30:00,18.1776
2022-06-20 17:00:00,17.2616
2022-06-20 17:30:00,14.8938
2022-06-20 18:00:00,16.2475
2022-06-20 18:30:00,14.683
2022-06-20 19:00:00,12.1975
2022-06-20 19:30:00,10.4737
2022-06-20 20:00:00,9.1309
2022-06-20 20:30:00,8.0919
2022-06-20 21:00:00,7.1533
2022-06-20 21:30:00,6.5576
2022-06-20 22:00:00,5.9034
2022-06-20 22:30:00,5.2698
2022-06-20 23:00:00,4.683
2022-06-20 23:30:00,4.1984
2022-06-21 00:00:00,3.7283
2022-06-21 00:30:00,3.3366
2022-06-21 01:00:00,2.9156
2022-06-21 01:30:00,2.7301
2022-06-21 02:00:00,2.7991
2022-06-21 02:30:00,3.5406
2022-06-21 03:00:00,6.1815
2022-06-21 03:30:00,8.2804
2022-06-21 04:00:00,11.1984
2022-06-21 04:30:00,14.4631
2022-06-21 05:00:00,16.1628
2022-06-21 05:30:00,17.0363
2022-06-21 06:00:00,17.2751
2022-06-21 06:30:00,17.8198
2022-06-21 07:00:00,17.9465
2022-06-21 07:30:00,18.4909
2022-06-21 08:00:00,19.0169
2022-06-21 08:30:00,19.3323
2022-06-21 09:00:00,19.6401
2022-06-21 09:30:00,19.388
2022-06-21 10:00:00,19.109
2022-06-21 10:30:00,18.681
2022-06-21 11:00:00,18.9728
2022-06-21 11:30:00,19.6608
2022-06-21 12:00:00,20.1846
2022-06-21 12:30:00,20.7233
2022-06-21 13:00:00,20.6498
2022-06-21 13:30:00,19.9243
2022-06-21 14:00:00,20.0456
2022-06-21 14:30:00,19.9663
2022-06-21 15:00:00,20.0598
2022-06-21 15:30:00,19.0859
2022-06-21 16:00:00,19.2457
2022-06-21 16:30:00,19.3886
2022-06-21 17:00:00,19.7394
2022-06-21 17:30:00,18.8757
2022-06-21 18:00:00,16.9832
2022-06-21 18:30:00,14.6326
2022-06-21 19:00:00,13.2828
2022-06-21 19:30:00,11.9703
2022-06-21 20:00:00,10.9441
2022-06-21 20:30:00,10.2307
2022-06-21 21:00:00,9.8278
2022-06-21 21:30:00,9.2493
2022-06-21 22:00:00,8.886
2022-06-21 22:30:00,8.2611
2022-06-21 23:00:00,7.9451
2022-06-21 23:30:00,7.6943
2022-06-22 00:00:00,7.3961
2022-06-22 00:30:00,6.9436
2022-06-22 01:00:00,6.6599
2022-06-22 01:30:00,6.3673
2022-06-22 02:00:00,6.3708
2022-06-22 02:30:00,7.2451
2022-06-22 03:00:00,9.9023
2022-06-22 03:30:00,12.4992
2022-06-22 04:00:00,14.0819
2022-06-22 04:30:00,15.8925
2022-06-22 05:00:00,16.9215
2022-06-22 05:30:00,17.189
2022-06-22 06:00:00,17.7191
2022-06-22 06:30:00,18.0783
2022-06-22 07:00:00,19.0193
2022-06-22 07:30:00,19.6537
2022-06-22 08:00:00,19.7922
2022-06-22 08:30:00,19.7963
2022-06-22 09:00:00,19.6211
2022-06-22 09:30:00,20.125
2022-06-22 10:00:00,20.4933
2022-06-22 10:30:00,21.4882
2022-06-22 11:00:00,22.0532
2022-06-22 11:30:00,21.8253
2022-06-22 12:00:00,21.6258
2022-06-22 12:30:00,22.1789
2022-06-22 13:00:00,20.9717
2022-06-22 13:30:00,20.8526
2022-06-22 14:00:00,20.4176
2022-06-22 14:30:00,20.2011
2022-06-22 15:00:00,19.4189
2022-06-22 15:30:00,19.0595
2022-06-22 16:00:00,19.0387
2022-06-22 16:30:00,18.5027
2022-06-22 17:00:00,18.3693
2022-06-22 17:30:00,18.3361
2022-06-22 18:00:00,18.2382
2022-06-22 18:30:00,18.2197
2022-06-22 19:00:00,17.2272
2022-06-22 19:30:00,15.3469
2022-06-22 20:00:00,13.3601
2022-06-22 20:30:00,12.1669
2022-06-22 21:00:00,12.1338
2022-06-22 21:30:00,12.3527
2022-06-22 22:00:00,12.4711
2022-06-22 22:30:00,12.0188
2022-06-22 23:00:00,11.6119
2022-06-22 23:30:00,11.4007
2022-06-23 00:00:00,11.4723
2022-06-23 00:30:00,11.5459
2022-06-23 01:00:00,11.6616
2022-06-23 01:30:00,11.7858
2022-06-23 02:00:00,10.9659
2022-06-23 02:30:00,12.1486
2022-06-23 03:00:00,13.8936
2022-06-23 03:30:00,15.5031
2022-06-23 04:00:00,15.9588
2022-06-23 04:30:00,16.4128
2022-06-23 05:00:00,17.1308
2022-06-23 05:30:00,17.0826
2022-06-23 06:00:00,17.7313
2022-06-23 06:30:00,17.7646
2022-06-23 07:00:00,17.7491
2022-06-23 07:30:00,18.3417
2022-06-23 08:00:00,18.7192
2022-06-23 08:30:00,19.572
2022-06-23 09:00:00,19.7007
2022-06-23 09:30:00,19.7647
2022-06-23 10:00:00,20.3766
2022-06-23 10:30:00,20.7167
2022-06-23 11:00:00,21.0725
2022-06-23 11:30:00,20.663
2022-06-23 12:00:00,21.1798
2022-06-23 12:30:00,21.4625
2022-06-23 13:00:00,21.4496
2022-06-23 13:30:00,21.2346
2022-06-23 14:00:00,21.2622
2022-06-23 14:30:00,21.6139
2022-06-23 15:00:00,21.1162
2022-06-23 15:30:00,21.1672
2022-06-23 16:00:00,21.6552
2022-06-23 16:30:00,21.3351
2022-06-23 17:00:00,21.0571
2022-06-23 17:30:00,20.5621
2022-06-23 18:00:00,20.3983
2022-06-23 18:30:00,19.3218
2022-06-23 19:00:00,17.487
2022-06-23 19:30:00,15.182
2022-06-23 20:00:00,14.4705
2022-06-23 20:30:00,13.7526
2022-06-23 21:00:00,12.6228
2022-06-23 21:30:00,11.8599
2022-06-23 22:00:00,11.0986
2022-06-23 22:30:00,10.5619
2022-06-23 23:00:00,10.0761
2022-06-23 23:30:00,9.5787
2022-06-24 00:00:00,9.1275
2022-06-24 00:30:00,8.8125
2022-06-24 01:00:00,8.5979
2022-06-24 01:30:00,8.2669
2022-06-24 02:00:00,8.1984
2022-06-24 02:30:00,8.8883
2022-06-24 03:00:00,11.7948
2022-06-24 03:30:00,12.5183
2022-06-24 04:00:00,13.7041
2022-06-24 04:30:00,15.3774
2022-06-24 05:00:00,16.4537
2022-06-24 05:30:00,17.4997
2022-06-24 06:00:00,18.1846
2022-06-24 06:30:00,18.9183
2022-06-24 07:00:00,19.9565
2022-06-24 07:30:00,20.7108
2022-06-24 08:00:00,21.337
2022-06-24 08:30:00,22.3601
2022-06-24 09:00:00,22.866
2022-06-24 09:30:00,23.6736
2022-06-24 10:00:00,24.1085
2022-06-24 10:30:00,24.6167
2022-06-24 11:00:00,24.9518
2022-06-24 11:30:00,25.4296
2022-06-24 12:00:00,25.807
2022-06-24 12:30:00,25.8069
2022-06-24 13:00:00,26.3011
2022-06-24 13:30:00,26.7833
2022-06-24 14:00:00,26.8152
2022-06-24 14:30:00,26.8446
2022-06-24 15:00:00,26.8852
2022-06-24 15:30:00,26.6919
2022-06-24 16:00:00,26.7641
2022-06-24 16:30:00,26.3708
2022-06-24 17:00:00,25.8715
2022-06-24 17:30:00,25.4356
2022-06-24 18:00:00,24.742
2022-06-24 18:30:00,23.0252
2022-06-24 19:00:00,20.473
2022-06-24 19:30:00,19.0868
2022-06-24 20:00:00,17.6579
2022-06-24 20:30:00,16.6287
2022-06-24 21:00:00,15.9831
2022-06-24 21:30:00,15.282
2022-06-24 22:00:00,14.7786
2022-06-24 22:30:00,14.2239
2022-06-24 23:00:00,13.8012
2022-06-24 23:30:00,13.2953
2022-06-25 00:00:00,12.8869
2022-06-25 00:30:00,12.3799
2022-06-25 01:00:00,12.0558
2022-06-25 01:30:00,11.7252
2022-06-25 02:00:00,11.6033
2022-06-25 02:30:00,11.9155
2022-06-25 03:00:00,13.4543
2022-06-25 03:30:00,15.7435
2022-06-25 04:00:00,19.2733
2022-06-25 04:30:00,20.557
2022-06-25 05:00:00,21.2934
2022-06-25 05:30:00,21.5176
2022-06-25 06:00:00,22.0111
2022-06-25 06:30:00,22.4445
2022-06-25 07:00:00,22.8611
2022-06-25 07:30:00,23.4018
2022-06-25 08:00:00,23.6716
2022-06-25 08:30:00,24.2322
2022-06-25 09:00:00,24.9455
2022-06-25 09:30:00,25.3821
2022-06-25 10:00:00,25.9141
2022-06-25 10:30:00,26.7474
2022-06-25 11:00:00,26.6765
2022-06-25 11:30:00,27.5545
2022-06-25 12:00:00,27.613
2022-06-25 12:30:00,27.8386
2022-06-25 13:00:00,28.3114
2022-06-25 13:30:00,28.5078
2022-06-25 14:00:00,28.5893
2022-06-25 14:30:00,28.3975
2022-06-25 15:00:00,28.4888
2022-06-25 15:30:00,28.3629
2022-06-25 16:00:00,28.2538
2022-06-25 16:30:00,27.5404
2022-06-25 17:00:00,27.1933
2022-06-25 17:30:00,26.3191
2022-06-25 18:00:00,23.8358
2022-06-25 18:30:00,21.3171
2022-06-25 19:00:00,19.9412
2022-06-25 19:30:00,18.6271
2022-06-25 20:00:00,17.4331
2022-06-25 20:30:00,16.3462
2022-06-25 21:00:00,15.5016
2022-06-25 21:30:00,14.8764
2022-06-25 22:00:00,14.4881
2022-06-25 22:30:00,14.1046
2022-06-25 23:00:00,13.818
2022-06-25 23:30:00,13.5152
2022-06-26 00:00:00,13.0474
2022-06-26 00:30:00,12.6465
2022-06-26 01:00:00,12.43
2022-06-26 01:30:00,12.0885
2022-06-26 02:00:00,12.0592
2022-06-26 02:30:00,12.592
2022-06-26 03:00:00,14.1949
2022-06-26 03:30:00,16.4262
2022-06-26 04:00:00,19.0597
2022-06-26 04:30:00,22.2917
2022-06-26 05:00:00,23.9167
2022-06-26 05:30:00,24.2233
2022-06-26 06:00:00,24.5421
2022-06-26 06:30:00,25.1567
2022-06-26 07:00:00,25.1905
2022-06-26 07:30:00,25.8673
2022-06-26 08:00:00,25.9465
2022-06-26 08:30:00,26.4573
2022-06-26 09:00:00,26.7748
2022-06-26 09:30:00,27.3778
2022-06-26 10:00:00,27.4061
2022-06-26 10:30:00,28.0011
2022-06-26 11:00:00,28.209
2022-06-26 11:30:00,28.9539
2022-06-26 12:00:00,28.7072
2022-06-26 12:30:00,28.6703
2022-06-26 13:00:00,28.9243
2022-06-26 13:30:00,29.052
2022-06-26 14:00:00,29.0917
2022-06-26 14:30:00,29.1054
2022-06-26 15:00:00,29.1297
2022-06-26 15:30:00,28.9266
2022-06-26 16:00:00,28.6768
2022-06-26 16:30:00,28.3053
2022-06-26 17:00:00,27.9004
2022-06-26 17:30:00,27.1493
2022-06-26 18:00:00,24.4541
2022-06-26 18:30:00,22.0218
2022-06-26 19:00:00,20.4181
2022-06-26 19:30:00,19.0365
2022-06-26 20:00:00,17.8349
2022-06-26 20:30:00,16.9129
2022-06-26 21:00:00,16.2089
2022-06-26 21:30:00,15.4391
2022-06-26 22:00:00,15.0417
2022-06-26 22:30:00,14.5665
2022-06-26 23:00:00,14.0531
2022-06-26 23:30:00,13.6435
2022-06-27 00:00:00,13.2949
2022-06-27 00:30:00,13.0373
2022-06-27 01:00:00,12.6858
2022-06-27 01:30:00,12.609
2022-06-27 02:00:00,12.6593
2022-06-27 02:30:00,13.3315
2022-06-27 03:00:00,14.8955
2022-06-27 03:30:00,16.1053
2022-06-27 04:00:00,19.5876
2022-06-27 04:30:00,22.4226
2022-06-27 05:00:00,24.4649
2022-06-27 05:30:00,25.4878
2022-06-27 06:00:00,26.4566
2022-06-27 06:30:00,27.2204
2022-06-27 07:00:00,27.2469
2022-06-27 07:30:00,27.9187
2022-06-27 08:00:00,28.1294
2022-06-27 08:30:00,27.6553
2022-06-27 09:00:00,28.5458
2022-06-27 09:30:00,28.4089
2022-06-27 10:00:00,28.8107
2022-06-27 10:30:00,28.9318
2022-06-27 11:00:00,28.7677
2022-06-27 11:30:00,30.4285
2022-06-27 12:00:00,29.978
2022-06-27 12:30:00,30.0395
2022-06-27 13:00:00,30.8503
2022-06-27 13:30:00,31.0054
2022-06-27 14:00:00,31.3745
2022-06-27 14:30:00,30.7734
2022-06-27 15:00:00,30.6981
2022-06-27 15:30:00,30.5855
2022-06-27 16:00:00,30.2676
2022-06-27 16:30:00,29.2819
2022-06-27 17:00:00,28.6792
2022-06-27 17:30:00,27.37
2022-06-27 18:00:00,25.227
2022-06-27 18:30:00,23.104
2022-06-27 19:00:00,21.3458
2022-06-27 19:30:00,20.045
2022-06-27 20:00:00,19.0487
2022-06-27 20:30:00,18.2241
2022-06-27 21:00:00,17.5592
2022-06-27 21:30:00,16.9083
2022-06-27 22:00:00,16.4937
2022-06-27 22:30:00,15.986
2022-06-27 23:00:00,15.7129
2022-06-27 23:30:00,15.2209
2022-06-28 00:00:00,14.9564
2022-06-28 00:30:00,14.5708
2022-06-28 01:00:00,14.5003
2022-06-28 01:30:00,14.3409
2022-06-28 02:00:00,14.4164
2022-06-28 02:30:00,15.0141
2022-06-28 03:00:00,16.7453
2022-06-28 03:30:00,18.6586
2022-06-28 04:00:00,20.9199
2022-06-28 04:30:00,23.5694
2022-06-28 05:00:00,26.0448
2022-06-28 05:30:00,26.5125
2022-06-28 06:00:00,26.7451
2022-06-28 06:30:00,27.0158
2022-06-28 07:00:00,27.4317
2022-06-28 07:30:00,27.9694
2022-06-28 08:00:00,28.2342
2022-06-28 08:30:00,28.5733
2022-06-28 09:00:00,29.3217
2022-06-28 09:30:00,29.2145
2022-06-28 10:00:00,29.5056
2022-06-28 10:30:00,29.7059
2022-06-28 11:00:00,29.8112
2022-06-28 11:30:00,30.11
2022-06-28 12:00:00,29.7061
2022-06-28 12:30:00,29.6735
2022-06-28 13:00:00,29.6124
2022-06-28 13:30:00,29.4574
2022-06-28 14:00:00,29.33
2022-06-28 14:30:00,28.9126
2022-06-28 15:00:00,28.5437
2022-06-28 15:30:00,27.2305
2022-06-28 16:00:00,26.2655
2022-06-28 16:30:00,25.5334
2022-06-28 17:00:00,25.1487
2022-06-28 17:30:00,24.8298
2022-06-28 18:00:00,22.9131
2022-06-28 18:30:00,21.3021
2022-06-28 19:00:00,20.4196
2022-06-28 19:30:00,19.4146
2022-06-28 20:00:00,18.6658
2022-06-28 20:30:00,19.4561
2022-06-28 21:00:00,20.9203
2022-06-28 21:30:00,20.6632
2022-06-28 22:00:00,20.1454
2022-06-28 22:30:00,19.6233
2022-06-28 23:00:00,18.9783
2022-06-28 23:30:00,18.3676
2022-06-29 00:00:00,17.7922
2022-06-29 00:30:00,17.7717
2022-06-29 01:00:00,17.2589
2022-06-29 01:30:00,17.1151
2022-06-29 02:00:00,17.137
2022-06-29 02:30:00,17.2962
2022-06-29 03:00:00,17.7961
2022-06-29 03:30:00,18.3636
2022-06-29 04:00:00,18.9478
2022-06-29 04:30:00,19.4899
2022-06-29 05:00:00,19.8547
2022-06-29 05:30:00,20.347
2022-06-29 06:00:00,21.1069
2022-06-29 06:30:00,22.1084
2022-06-29 07:00:00,21.8057
2022-06-29 07:30:00,22.3924
2022-06-29 08:00:00,23.8367
2022-06-29 08:30:00,24.345
2022-06-29 09:00:00,24.3402
2022-06-29 09:30:00,25.0893
2022-06-29 10:00:00,25.0167
2022-06-29 10:30:00,25.8046
2022-06-29 11:00:00,26.1228
2022-06-29 11:30:00,26.8347
2022-06-29 12:00:00,27.2126
2022-06-29 12:30:00,27.374
2022-06-29 13:00:00,27.4945
2022-06-29 13:30:00,27.617
2022-06-29 14:00:00,27.7866
2022-06-29 14:30:00,27.7523
2022-06-29 15:00:00,27.6253
2022-06-29 15:30:00,27.6655
2022-06-29 16:00:00,27.5849
2022-06-29 16:30:00,27.4418
2022-06-29 17:00:00,27.012
2022-06-29 17:30:00,25.2807
2022-06-29 18:00:00,23.9101
2022-06-29 18:30:00,22.6411
2022-06-29 19:00:00,22.0328
2022-06-29 19:30:00,21.668
2022-06-29 20:00:00,19.6112
2022-06-29 20:30:00,18.0024
2022-06-29 21:00:00,16.7734
2022-06-29 21:30:00,15.8485
2022-06-29 22:00:00,15.094
2022-06-29 22:30:00,14.2074
2022-06-29 23:00:00,13.5688
2022-06-29 23:30:00,13.0566
2022-06-30 00:00:00,12.5417
2022-06-30 00:30:00,12.0534
2022-06-30 01:00:00,11.6499
2022-06-30 01:30:00,11.4397
2022-06-30 02:00:00,11.3891
2022-06-30 02:30:00,11.7423
2022-06-30 03:00:00,13.4037
2022-06-30 03:30:00,15.4334
2022-06-30 04:00:00,17.8842
2022-06-30 04:30:00,20.2661
2022-06-30 05:00:00,21.2884
2022-06-30 05:30:00,21.8218
2022-06-30 06:00:00,21.9774
2022-06-30 06:30:00,23.0397
2022-06-30 07:00:00,23.4616
2022-06-30 07:30:00,23.7605
2022-06-30 08:00:00,24.0852
2022-06-30 08:30:00,24.0661
2022-06-30 09:00:00,24.4023
2022-06-30 09:30:00,24.8455
2022-06-30 10:00:00,25.2305
2022-06-30 10:30:00,25.3185
2022-06-30 11:00:00,25.8675
2022-06-30 11:30:00,26.0264
2022-06-30 12:00:00,26.3616
2022-06-30 12:30:00,26.5176
2022-06-30 13:00:00,26.6022
2022-06-30 13:30:00,26.9139
2022-06-30 14:00:00,26.8287
2022-06-30 14:30:00,26.8902
2022-06-30 15:00:00,26.7602
2022-06-30 15:30:00,26.7704
2022-06-30 16:00:00,26.669
2022-06-30 16:30:00,26.5052
2022-06-30 17:00:00,26.2025
2022-06-30 17:30:00,24.8983
2022-06-30 18:00:00,22.3716
2022-06-30 18:30:00,19.8395
2022-06-30 19:00:00,18.0402
2022-06-30 19:30:00,16.4107
2022-06-30 20:00:00,14.8783
2022-06-30 20:30:00,13.6743
2022-06-30 21:00:00,12.7386
2022-06-30 21:30:00,12.0404
2022-06-30 22:00:00,11.2993
2022-06-30 22:30:00,10.7638
2022-06-30 23:00:00,10.107
2022-06-30 23:30:00,9.4596
2022-07-01 00:00:00,9.0084
2022-07-01 00:30:00,8.3891
2022-07-01 01:00:00,8.013
2022-07-01 01:30:00,7.664
2022-07-01 02:00:00,7.7742
2022-07-01 02:30:00,8.3965
2022-07-01 03:00:00,10.5623
2022-07-01 03:30:00,13.0005
2022-07-01 04:00:00,14.9644
2022-07-01 04:30:00,18.7275
2022-07-01 05:00:00,21.7315
2022-07-01 05:30:00,22.7964
2022-07-01 06:00:00,23.5789
2022-07-01 06:30:00,24.4685
2022-07-01 07:00:00,25.0088
2022-07-01 07:30:00,25.3647
2022-07-01 08:00:00,25.9898
2022-07-01 08:30:00,26.3673
2022-07-01 09:00:00,26.4188
2022-07-01 09:30:00,26.8626
2022-07-01 10:00:00,26.2521
2022-07-01 10:30:00,26.6945
2022-07-01 11:00:00,27.5236
2022-07-01 11:30:00,27.3823
2022-07-01 12:00:00,27.1253
2022-07-01 12:30:00,27.3566
2022-07-01 13:00:00,28.2076
2022-07-01 13:30:00,28.2199
2022-07-01 14:00:00,28.2464
2022-07-01 14:30:00,27.9149
2022-07-01 15:00:00,27.0342
2022-07-01 15:30:00,25.9333
2022-07-01 16:00:00,26.2942
2022-07-01 16:30:00,25.3009
2022-07-01 17:00:00,24.6884
2022-07-01 17:30:00,24.1859
2022-07-01 18:00:00,23.6829
2022-07-01 18:30:00,23.0734
2022-07-01 19:00:00,21.1352
2022-07-01 19:30:00,19.9845
2022-07-01 20:00:00,19.3044
2022-07-01 20:30:00,18.7711
2022-07-01 21:00:00,18.2971
2022-07-01 21:30:00,17.6454
2022-07-01 22:00:00,17.0918
2022-07-01 22:30:00,16.4391
2022-07-01 23:00:00,15.7396
2022-07-01 23:30:00,15.1307
2022-07-02 00:00:00,14.5212
2022-07-02 00:30:00,14.0476
2022-07-02 01:00:00,13.512
2022-07-02 01:30:00,13.2653
2022-07-02 02:00:00,13.4012
2022-07-02 02:30:00,14.1371
2022-07-02 03:00:00,15.3928
2022-07-02 03:30:00,16.3951
2022-07-02 04:00:00,19.0042
2022-07-02 04:30:00,20.5714
2022-07-02 05:00:00,21.255
2022-07-02 05:30:00,21.5531
2022-07-02 06:00:00,24.1299
2022-07-02 06:30:00,25.0842
2022-07-02 07:00:00,25.8718
2022-07-02 07:30:00,26.578
2022-07-02 08:00:00,26.6685
2022-07-02 08:30:00,28.2828
2022-07-02 09:00:00,27.8786
2022-07-02 09:30:00,27.8452
2022-07-02 10:00:00,28.759
2022-07-02 10:30:00,29.1055
2022-07-02 11:00:00,29.4771
2022-07-02 11:30:00,29.724
2022-07-02 12:00:00,29.8383
2022-07-02 12:30:00,29.6909
2022-07-02 13:00:00,29.5063
2022-07-02 13:30:00,29.2421
2022-07-02 14:00:00,28.9421
2022-07-02 14:30:00,28.7892
2022-07-02 15:00:00,28.8134
2022-07-02 15:30:00,28.3008
2022-07-02 16:00:00,28.3493
2022-07-02 16:30:00,27.9349
2022-07-02 17:00:00,26.8714
2022-07-02 17:30:00,26.2691
2022-07-02 18:00:00,25.2512
2022-07-02 18:30:00,23.3807
2022-07-02 19:00:00,22.3873
2022-07-02 19:30:00,21.5671
2022-07-02 20:00:00,20.2049
2022-07-02 20:30:00,19.1102
2022-07-02 21:00:00,18.4639
2022-07-02 21:30:00,18.2163
2022-07-02 22:00:00,18.3727
2022-07-02 22:30:00,18.263
2022-07-02 23:00:00,17.9463
2022-07-02 23:30:00,17.6284
2022-07-03 00:00:00,18.4354
2022-07-03 00:30:00,19.6292
2022-07-03 01:00:00,19.399
2022-07-03 01:30:00,19.0402
2022-07-03 02:00:00,18.8194
2022-07-03 02:30:00,18.8032
2022-07-03 03:00:00,18.9333
2022-07-03 03:30:00,19.0171
2022-07-03 04:00:00,19.5149
2022-07-03 04:30:00,19.7237
2022-07-03 05:00:00,20.0879
2022-07-03 05:30:00,20.1463
2022-07-03 06:00:00,20.1048
2022-07-03 06:30:00,21.308
2022-07-03 07:00:00,22.1988
2022-07-03 07:30:00,22.4067
2022-07-03 08:00:00,23.0706
2022-07-03 08:30:00,23.4744
2022-07-03 09:00:00,23.8569
2022-07-03 09:30:00,23.9506
2022-07-03 10:00:00,24.4193
2022-07-03 10:30:00,24.5546
2022-07-03 11:00:00,24.7564
2022-07-03 11:30:00,25.3247
2022-07-03 12:00:00,25.2263
2022-07-03 12:30:00,25.5541
2022-07-03 13:00:00,25.3444
2022-07-03 13:30:00,25.5474
2022-07-03 14:00:00,25.3293
2022-07-03 14:30:00,25.4108
2022-07-03 15:00:00,25.1226
2022-07-03 15:30:00,24.9664
2022-07-03 16:00:00,24.8862
2022-07-03 16:30:00,24.3812
2022-07-03 17:00:00,24.1163
2022-07-03 17:30:00,23.4805
2022-07-03 18:00:00,22.543
2022-07-03 18:30:00,20.1968
2022-07-03 19:00:00,17.978
2022-07-03 19:30:00,16.322
2022-07-03 20:00:00,14.7602
2022-07-03 20:30:00,13.4809
2022-07-03 21:00:00,12.2215
2022-07-03 21:30:00,11.2603
2022-07-03 22:00:00,10.5085
2022-07-03 22:30:00,9.6139
2022-07-03 23:00:00,9.16
2022-07-03 23:30:00,8.542
2022-07-04 00:00:00,8.2084
2022-07-04 00:30:00,7.8402
2022-07-04 01:00:00,7.5971
2022-07-04 01:30:00,7.3666
2022-07-04 02:00:00,7.3204
2022-07-04 02:30:00,7.8278
2022-07-04 03:00:00,9.7879
2022-07-04 03:30:00,12.0898
2022-07-04 04:00:00,14.7652
2022-07-04 04:30:00,18.0548
2022-07-04 05:00:00,20.2605
2022-07-04 05:30:00,20.896
2022-07-04 06:00:00,21.5727
2022-07-04 06:30:00,21.9419
2022-07-04 07:00:00,22.5148
2022-07-04 07:30:00,22.9758
2022-07-04 08:00:00,23.3067
2022-07-04 08:30:00,22.9997
2022-07-04 09:00:00,23.2767
2022-07-04 09:30:00,24.2337
2022-07-04 10:00:00,24.3735
2022-07-04 10:30:00,24.4999
2022-07-04 11:00:00,24.6826
2022-07-04 11:30:00,24.6614
2022-07-04 12:00:00,25.0746
2022-07-04 12:30:00,25.2698
2022-07-04 13:00:00,25.7554
2022-07-04 13:30:00,25.9239
2022-07-04 14:00:00,25.6499
2022-07-04 14:30:00,25.6518
2022-07-04 15:00:00,25.42
2022-07-04 15:30:00,25.3398
2022-07-04 16:00:00,24.8267
2022-07-04 16:30:00,24.0798
2022-07-04 17:00:00,23.6022
2022-07-04 17:30:00,22.0704
2022-07-04 18:00:00,20.2284
2022-07-04 18:30:00,18.2556
2022-07-04 19:00:00,16.4117
2022-07-04 19:30:00,15.33
2022-07-04 20:00:00,14.0604
2022-07-04 20:30:00,13.0625
2022-07-04 21:00:00,12.192
2022-07-04 21:30:00,11.2093
2022-07-04 22:00:00,10.3739
2022-07-04 22:30:00,9.8246
2022-07-04 23:00:00,9.301
2022-07-04 23:30:00,8.9258
2022-07-05 00:00:00,8.5494
2022-07-05 00:30:00,8.0975
2022-07-05 01:00:00,7.79
2022-07-05 01:30:00,7.5316
2022-07-05 02:00:00,7.7651
2022-07-05 02:30:00,8.4836
2022-07-05 03:00:00,10.2217
2022-07-05 03:30:00,12.5371
2022-07-05 04:00:00,16.4189
2022-07-05 04:30:00,17.0534
2022-07-05 05:00:00,17.6411
2022-07-05 05:30:00,18.7509
2022-07-05 06:00:00,19.9716
2022-07-05 06:30:00,20.16
2022-07-05 07:00:00,20.9473
2022-07-05 07:30:00,20.8139
2022-07-05 08:00:00,16.9702
2022-07-05 08:30:00,16.5557
2022-07-05 09:00:00,17.0292
2022-07-05 09:30:00,19.5344
2022-07-05 10:00:00,19.8199
2022-07-05 10:30:00,19.7758
2022-07-05 11:00:00,20.2554
2022-07-05 11:30:00,19.8173
2022-07-05 12:00:00,20.7833
2022-07-05 12:30:00,17.5385
2022-07-05 13:00:00,19.4223
2022-07-05 13:30:00,20.3436
2022-07-05 14:00:00,20.3221
2022-07-05 14:30:00,20.848
2022-07-05 15:00:00,19.4347
2022-07-05 15:30:00,19.0483
2022-07-05 16:00:00,19.3256
2022-07-05 16:30:00,19.1081
2022-07-05 17:00:00,18.6661
2022-07-05 17:30:00,18.3307
2022-07-05 18:00:00,17.4277
2022-07-05 18:30:00,16.5428
2022-07-05 19:00:00,15.0179
2022-07-05 19:30:00,14.2365
2022-07-05 20:00:00,13.4832
2022-07-05 20:30:00,12.7909
2022-07-05 21:00:00,11.9594
2022-07-05 21:30:00,11.6491
2022-07-05 22:00:00,10.5693
2022-07-05 22:30:00,10.012
2022-07-05 23:00:00,9.9634
2022-07-05 23:30:00,9.3282
2022-07-06 00:00:00,9.0473
2022-07-06 00:30:00,8.6009
2022-07-06 01:00:00,7.8337
2022-07-06 01:30:00,7.4276
2022-07-06 02:00:00,7.5504
2022-07-06 02:30:00,7.8144
2022-07-06 03:00:00,9.3191
2022-07-06 03:30:00,11.5156
2022-07-06 04:00:00,12.6192
2022-07-06 04:30:00,14.7866
2022-07-06 05:00:00,16.3813
2022-07-06 05:30:00,17.3025
2022-07-06 06:00:00,17.4387
2022-07-06 06:30:00,17.7082
2022-07-06 07:00:00,17.8586
2022-07-06 07:30:00,19.1209
2022-07-06 08:00:00,19.1832
2022-07-06 08:30:00,19.8028
2022-07-06 09:00:00,19.7196
2022-07-06 09:30:00,14.9778
2022-07-06 10:00:00,15.6097
2022-07-06 10:30:00,18.2964
2022-07-06 11:00:00,19.1723
2022-07-06 11:30:00,18.6864
2022-07-06 12:00:00,17.5209
2022-07-06 12:30:00,18.9879
2022-07-06 13:00:00,19.5521
2022-07-06 13:30:00,20.1338
2022-07-06 14:00:00,19.5178
2022-07-06 14:30:00,21.103
2022-07-06 15:00:00,19.2628
2022-07-06 15:30:00,20.1433
2022-07-06 16:00:00,19.9286
2022-07-06 16:30:00,18.3832
2022-07-06 17:00:00,18.0879
2022-07-06 17:30:00,17.5663
2022-07-06 18:00:00,16.2513
2022-07-06 18:30:00,14.5815
2022-07-06 19:00:00,13.8699
2022-07-06 19:30:00,13.93
2022-07-06 20:00:00,13.5879
2022-07-06 20:30:00,12.527
2022-07-06 21:00:00,11.1641
2022-07-06 21:30:00,10.1117
2022-07-06 22:00:00,9.3087
2022-07-06 22:30:00,8.6498
2022-07-06 23:00:00,8.013
2022-07-06 23:30:00,7.5539
2022-07-07 00:00:00,7.0462
2022-07-07 00:30:00,6.5628
2022-07-07 01:00:00,6.0321
2022-07-07 01:30:00,5.7243
2022-07-07 02:00:00,5.5658
2022-07-07 02:30:00,5.9265
2022-07-07 03:00:00,7.3094
2022-07-07 03:30:00,9.9672
2022-07-07 04:00:00,13.3406
2022-07-07 04:30:00,14.485
2022-07-07 05:00:00,15.6631
2022-07-07 05:30:00,16.3831
2022-07-07 06:00:00,16.9582
2022-07-07 06:30:00,17.3828
2022-07-07 07:00:00,18.3086
2022-07-07 07:30:00,19.2819
2022-07-07 08:00:00,19.4838
2022-07-07 08:30:00,19.913
2022-07-07 09:00:00,20.3132
2022-07-07 09:30:00,20.0223
2022-07-07 10:00:00,17.9038
2022-07-07 10:30:00,14.7245
2022-07-07 11:00:00,14.3345
2022-07-07 11:30:00,14.9377
2022-07-07 12:00:00,16.1237
2022-07-07 12:30:00,18.2802
2022-07-07 13:00:00,19.2315
2022-07-07 13:30:00,20.4233
2022-07-07 14:00:00,20.3282
2022-07-07 14:30:00,18.8849
2022-07-07 15:00:00,17.9673
2022-07-07 15:30:00,16.3876
2022-07-07 16:00:00,15.4325
2022-07-07 16:30:00,15.1228
2022-07-07 17:00:00,15.0216
2022-07-07 17:30:00,15.2383
2022-07-07 18:00:00,14.5093
2022-07-07 18:30:00,13.2326
2022-07-07 19:00:00,12.3656
2022-07-07 19:30:00,11.6374
2022-07-07 20:00:00,11.3101
2022-07-07 20:30:00,10.9915
2022-07-07 21:00:00,10.6921
2022-07-07 21:30:00,9.974
2022-07-07 22:00:00,8.9819
2022-07-07 22:30:00,8.351
2022-07-07 23:00:00,7.8496
2022-07-07 23:30:00,7.371
2022-07-08 00:00:00,7.0368
2022-07-08 00:30:00,6.8576
2022-07-08 01:00:00,6.4638
2022-07-08 01:30:00,6.4858
2022-07-08 02:00:00,6.7752
2022-07-08 02:30:00,7.4813
2022-07-08 03:00:00,9.9651
2022-07-08 03:30:00,11.8662
2022-07-08 04:00:00,13.1533
2022-07-08 04:30:00,13.7104
2022-07-08 05:00:00,14.8326
2022-07-08 05:30:00,16.37
2022-07-08 06:00:00,16.9712
2022-07-08 06:30:00,17.4889
2022-07-08 07:00:00,17.3644
2022-07-08 07:30:00,17.109
2022-07-08 08:00:00,17.1843
2022-07-08 08:30:00,18.5408
2022-07-08 09:00:00,19.3818
2022-07-08 09:30:00,18.4799
2022-07-08 10:00:00,18.8857
2022-07-08 10:30:00,20.3402
2022-07-08 11:00:00,20.7509
2022-07-08 11:30:00,19.994
2022-07-08 12:00:00,20.5542
2022-07-08 12:30:00,19.7176
2022-07-08 13:00:00,19.9477
2022-07-08 13:30:00,20.7273
2022-07-08 14:00:00,20.8664
2022-07-08 14:30:00,20.6094
2022-07-08 15:00:00,19.5729
2022-07-08 15:30:00,20.675
2022-07-08 16:00:00,20.289
2022-07-08 16:30:00,19.1053
2022-07-08 17:00:00,17.6886
2022-07-08 17:30:00,16.7191
2022-07-08 18:00:00,17.3803
2022-07-08 18:30:00,15.9525
2022-07-08 19:00:00,14.4903
2022-07-08 19:30:00,13.1602
2022-07-08 20:00:00,12.6811
2022-07-08 20:30:00,12.1502
2022-07-08 21:00:00,11.1178
2022-07-08 21:30:00,10.2093
2022-07-08 22:00:00,9.388
2022-07-08 22:30:00,8.7471
2022-07-08 23:00:00,8.0483
2022-07-08 23:30:00,7.4355
2022-07-09 00:00:00,6.9375
2022-07-09 00:30:00,6.4438
2022-07-09 01:00:00,5.9643
2022-07-09 01:30:00,5.7019
2022-07-09 02:00:00,5.6332
2022-07-09 02:30:00,5.9521
2022-07-09 03:00:00,7.101
2022-07-09 03:30:00,8.8798
2022-07-09 04:00:00,10.566
2022-07-09 04:30:00,12.3083
2022-07-09 05:00:00,14.8942
2022-07-09 05:30:00,16.8698
2022-07-09 06:00:00,16.5962
2022-07-09 06:30:00,16.4567
2022-07-09 07:00:00,16.7139
2022-07-09 07:30:00,16.9188
2022-07-09 08:00:00,17.0685
2022-07-09 08:30:00,17.1729
2022-07-09 09:00:00,17.5544
2022-07-09 09:30:00,17.8308
2022-07-09 10:00:00,17.8684
2022-07-09 10:30:00,18.754
2022-07-09 11:00:00,19.1456
2022-07-09 11:30:00,18.9213
2022-07-09 12:00:00,18.8426
2022-07-09 12:30:00,19.0652
2022-07-09 13:00:00,17.7216
2022-07-09 13:30:00,13.8941
2022-07-09 14:00:00,13.1264
2022-07-09 14:30:00,13.4863
2022-07-09 15:00:00,14.2503
2022-07-09 15:30:00,15.2305
2022-07-09 16:00:00,15.5192
2022-07-09 16:30:00,15.4901
2022-07-09 17:00:00,15.7081
2022-07-09 17:30:00,15.6782
2022-07-09 18:00:00,15.4062
2022-07-09 18:30:00,15.0984
2022-07-09 19:00:00,14.7741
2022-07-09 19:30:00,13.9016
2022-07-09 20:00:00,13.0964
2022-07-09 20:30:00,12.6356
2022-07-09 21:00:00,12.4883
2022-07-09 21:30:00,12.2717
2022-07-09 22:00:00,12.1268
2022-07-09 22:30:00,11.8903
2022-07-09 23:00:00,11.6276
2022-07-09 23:30:00,11.2281
2022-07-10 00:00:00,10.7779
2022-07-10 00:30:00,10.837
2022-07-10 01:00:00,10.6513
2022-07-10 01:30:00,10.4376
2022-07-10 02:00:00,10.2098
2022-07-10 02:30:00,9.5863
2022-07-10 03:00:00,9.4691
2022-07-10 03:30:00,10.1101
2022-07-10 04:00:00,11.3144
2022-07-10 04:30:00,12.4205
2022-07-10 05:00:00,14.7337
2022-07-10 05:30:00,15.3835
2022-07-10 06:00:00,15.7392
2022-07-10 06:30:00,16.0867
2022-07-10 07:00:00,16.6569
2022-07-10 07:30:00,17.0512
2022-07-10 08:00:00,17.603
2022-07-10 08:30:00,18.1863
2022-07-10 09:00:00,18.3898
2022-07-10 09:30:00,18.8034
2022-07-10 10:00:00,18.8987
2022-07-10 10:30:00,19.1303
2022-07-10 11:00:00,20.3463
2022-07-10 11:30:00,20.0838
2022-07-10 12:00:00,21.1766
2022-07-10 12:30:00,21.7046
2022-07-10 13:00:00,21.2728
2022-07-10 13:30:00,21.1845
2022-07-10 14:00:00,21.4052
2022-07-10 14:30:00,19.5407
2022-07-10 15:00:00,17.9081
2022-07-10 15:30:00,20.8226
2022-07-10 16:00:00,21.4237
2022-07-10 16:30:00,21.0443
2022-07-10 17:00:00,20.2637
2022-07-10 17:30:00,18.3072
2022-07-10 18:00:00,17.1629
2022-07-10 18:30:00,17.1087
2022-07-10 19:00:00,16.092
2022-07-10 19:30:00,15.0301
2022-07-10 20:00:00,14.5214
2022-07-10 20:30:00,14.0692
2022-07-10 21:00:00,13.7134
2022-07-10 21:30:00,13.3853
2022-07-10 22:00:00,12.7468
2022-07-10 22:30:00,11.6695
2022-07-10 23:00:00,10.8369
2022-07-10 23:30:00,10.3286
2022-07-11 00:00:00,9.7228
2022-07-11 00:30:00,9.1137
2022-07-11 01:00:00,8.6742
2022-07-11 01:30:00,8.7056
2022-07-11 02:00:00,8.8693
2022-07-11 02:30:00,9.4524
2022-07-11 03:00:00,10.0846
2022-07-11 03:30:00,11.8962
2022-07-11 04:00:00,14.0899
2022-07-11 04:30:00,17.5784
2022-07-11 05:00:00,18.9395
2022-07-11 05:30:00,19.6463
2022-07-11 06:00:00,20.16
2022-07-11 06:30:00,20.6576
2022-07-11 07:00:00,20.9498
2022-07-11 07:30:00,21.2677
2022-07-11 08:00:00,21.0168
2022-07-11 08:30:00,21.2044
2022-07-11 09:00:00,21.4306
2022-07-11 09:30:00,21.0598
2022-07-11 10:00:00,21.7296
2022-07-11 10:30:00,22.2187
2022-07-11 11:00:00,22.6288
2022-07-11 11:30:00,22.3982
2022-07-11 12:00:00,22.1826
2022-07-11 12:30:00,23.4636
2022-07-11 13:00:00,23.2195
2022-07-11 13:30:00,21.6026
2022-07-11 14:00:00,21.4778
2022-07-11 14:30:00,20.4382
2022-07-11 15:00:00,19.5822
2022-07-11 15:30:00,20.0066
2022-07-11 16:00:00,20.0072
2022-07-11 16:30:00,19.9165
2022-07-11 17:00:00,19.3178
2022-07-11 17:30:00,17.7437
2022-07-11 18:00:00,16.7184
2022-07-11 18:30:00,16.2902
2022-07-11 19:00:00,15.6686
2022-07-11 19:30:00,14.9663
2022-07-11 20:00:00,14.6081
2022-07-11 20:30:00,14.3107
2022-07-11 21:00:00,13.6757
2022-07-11 21:30:00,13.0745
2022-07-11 22:00:00,12.8055
2022-07-11 22:30:00,12.5371
2022-07-11 23:00:00,12.3456
2022-07-11 23:30:00,11.8941
2022-07-12 00:00:00,11.8768
2022-07-12 00:30:00,12.1851
2022-07-12 01:00:00,12.2588
2022-07-12 01:30:00,12.159
2022-07-12 02:00:00,13.5514
2022-07-12 02:30:00,14.7312
2022-07-12 03:00:00,15.4153
2022-07-12 03:30:00,16.6602
2022-07-12 04:00:00,17.1804
2022-07-12 04:30:00,17.2513
2022-07-12 05:00:00,17.3716
2022-07-12 05:30:00,17.5031
2022-07-12 06:00:00,18.1676
2022-07-12 06:30:00,18.3015
2022-07-12 07:00:00,18.5836
2022-07-12 07:30:00,18.6088
2022-07-12 08:00:00,18.5358
2022-07-12 08:30:00,18.346
2022-07-12 09:00:00,18.5316
2022-07-12 09:30:00,19.5524
2022-07-12 10:00:00,20.3469
2022-07-12 10:30:00,20.447
2022-07-12 11:00:00,20.8908
2022-07-12 11:30:00,21.6227
2022-07-12 12:00:00,20.3232
2022-07-12 12:30:00,19.1844
2022-07-12 13:00:00,20.6366
2022-07-12 13:30:00,21.6607
2022-07-12 14:00:00,21.8
2022-07-12 14:30:00,21.5036
2022-07-12 15:00:00,21.3362
2022-07-12 15:30:00,20.7994
2022-07-12 16:00:00,20.5011
2022-07-12 16:30:00,20.4875
2022-07-12 17:00:00,20.4522
2022-07-12 17:30:00,20.2102
2022-07-12 18:00:00,19.9627
2022-07-12 18:30:00,19.8272
2022-07-12 19:00:00,19.6825
2022-07-12 19:30:00,19.3958
2022-07-12 20:00:00,19.3312
2022-07-12 20:30:00,19.4211
2022-07-12 21:00:00,18.6471
2022-07-12 21:30:00,17.9657
2022-07-12 22:00:00,17.0743
2022-07-12 22:30:00,16.7356
2022-07-12 23:00:00,16.1377
2022-07-12 23:30:00,15.9884
2022-07-13 00:00:00,16.3683
2022-07-13 00:30:00,16.3749
2022-07-13 01:00:00,17.0625
2022-07-13 01:30:00,17.5237
2022-07-13 02:00:00,17.4948
2022-07-13 02:30:00,17.2798
2022-07-13 03:00:00,17.2998
2022-07-13 03:30:00,17.638
2022-07-13 04:00:00,17.9092
2022-07-13 04:30:00,18.7306
2022-07-13 05:00:00,19.9352
2022-07-13 05:30:00,19.7576
2022-07-13 06:00:00,20.3284
2022-07-13 06:30:00,20.6643
2022-07-13 07:00:00,20.9052
2022-07-13 07:30:00,20.7128
2022-07-13 08:00:00,20.8607
2022-07-13 08:30:00,21.0197
2022-07-13 09:00:00,21.105
2022-07-13 09:30:00,21.0279
2022-07-13 10:00:00,21.4281
2022-07-13 10:30:00,21.6269
2022-07-13 11:00:00,21.8079
2022-07-13 11:30:00,19.9121
2022-07-13 12:00:00,18.6961
2022-07-13 12:30:00,18.6059
2022-07-13 13:00:00,18.4931
2022-07-13 13:30:00,18.2663
2022-07-13 14:00:00,18.446
2022-07-13 14:30:00,19.0572
2022-07-13 15:00:00,19.139
2022-07-13 15:30:00,18.9052
2022-07-13 16:00:00,18.4368
2022-07-13 16:30:00,18.1578
2022-07-13 17:00:00,17.9967
2022-07-13 17:30:00,17.7318
2022-07-13 18:00:00,17.6189
2022-07-13 18:30:00,17.5339
2022-07-13 19:00:00,17.216
2022-07-13 19:30:00,16.8974
2022-07-13 20:00:00,16.1114
2022-07-13 20:30:00,15.3791
2022-07-13 21:00:00,15.3183
2022-07-13 21:30:00,14.9342
2022-07-13 22:00:00,14.5699
2022-07-13 22:30:00,14.1529
2022-07-13 23:00:00,13.7714
2022-07-13 23:30:00,13.5789
2022-07-14 00:00:00,13.4764
2022-07-14 00:30:00,13.4824
2022-07-14 01:00:00,13.6721
2022-07-14 01:30:00,13.8042
2022-07-14 02:00:00,14.1518
2022-07-14 02:30:00,14.2438
2022-07-14 03:00:00,14.226
2022-07-14 03:30:00,14.4662
2022-07-14 04:00:00,14.7234
2022-07-14 04:30:00,14.9618
2022-07-14 05:00:00,14.9848
2022-07-14 05:30:00,15.0414
2022-07-14 06:00:00,15.3252
2022-07-14 06:30:00,16.124
2022-07-14 07:00:00,16.7358
2022-07-14 07:30:00,17.1272
2022-07-14 08:00:00,17.6329
2022-07-14 08:30:00,18.2216
2022-07-14 09:00:00,18.4676
2022-07-14 09:30:00,17.2084
2022-07-14 10:00:00,17.0734
2022-07-14 10:30:00,18.3593
2022-07-14 11:00:00,18.537
2022-07-14 11:30:00,19.0626
2022-07-14 12:00:00,19.7132
2022-07-14 12:30:00,19.1205
2022-07-14 13:00:00,19.3387
2022-07-14 13:30:00,19.4441
2022-07-14 14:00:00,18.1722
2022-07-14 14:30:00,17.4866
2022-07-14 15:00:00,17.3592
2022-07-14 15:30:00,16.6981
2022-07-14 16:00:00,16.1622
2022-07-14 16:30:00,16.2658
2022-07-14 17:00:00,15.8304
2022-07-14 17:30:00,15.695
2022-07-14 18:00:00,14.3838
2022-07-14 18:30:00,13.8409
2022-07-14 19:00:00,13.3612
2022-07-14 19:30:00,12.6455
2022-07-14 20:00:00,12.36
2022-07-14 20:30:00,12.4842
2022-07-14 21:00:00,12.6147
2022-07-14 21:30:00,11.9758
2022-07-14 22:00:00,11.0187
2022-07-14 22:30:00,10.1595
2022-07-14 23:00:00,8.647
2022-07-14 23:30:00,7.6859
2022-07-15 00:00:00,6.8799
2022-07-15 00:30:00,6.3936
2022-07-15 01:00:00,5.9299
2022-07-15 01:30:00,5.5479
2022-07-15 02:00:00,5.4387
2022-07-15 02:30:00,5.6516
2022-07-15 03:00:00,6.2634
2022-07-15 03:30:00,8.4927
2022-07-15 04:00:00,10.7755
2022-07-15 04:30:00,12.5887
2022-07-15 05:00:00,14.0082
2022-07-15 05:30:00,14.6942
2022-07-15 06:00:00,15.4707
2022-07-15 06:30:00,16.0806
2022-07-15 07:00:00,15.8636
2022-07-15 07:30:00,15.3581
2022-07-15 08:00:00,14.819
2022-07-15 08:30:00,13.8347
2022-07-15 09:00:00,14.7559
2022-07-15 09:30:00,14.945
2022-07-15 10:00:00,14.0417
2022-07-15 10:30:00,14.0583
2022-07-15 11:00:00,15.0995
2022-07-15 11:30:00,15.3121
2022-07-15 12:00:00,15.5666
2022-07-15 12:30:00,14.6736
2022-07-15 13:00:00,15.0786
2022-07-15 13:30:00,15.515
2022-07-15 14:00:00,16.4813
2022-07-15 14:30:00,16.471
2022-07-15 15:00:00,15.7506
2022-07-15 15:30:00,16.0484
2022-07-15 16:00:00,15.8359
2022-07-15 16:30:00,15.3025
2022-07-15 17:00:00,14.9723
2022-07-15 17:30:00,14.95
2022-07-15 18:00:00,13.4838
2022-07-15 18:30:00,12.7193
2022-07-15 19:00:00,12.0073
2022-07-15 19:30:00,10.8554
2022-07-15 20:00:00,9.4364
2022-07-15 20:30:00,8.4916
2022-07-15 21:00:00,8.1077
2022-07-15 21:30:00,7.4375
2022-07-15 22:00:00,6.7267
2022-07-15 22:30:00,6.2741
2022-07-15 23:00:00,5.8947
2022-07-15 23:30:00,5.7889
2022-07-16 00:00:00,5.4995
2022-07-16 00:30:00,5.1585
2022-07-16 01:00:00,5.6618
2022-07-16 01:30:00,6.9826
2022-07-16 02:00:00,7.3112
2022-07-16 02:30:00,8.0897
2022-07-16 03:00:00,8.7077
2022-07-16 03:30:00,9.1828
2022-07-16 04:00:00,9.4728
2022-07-16 04:30:00,10.1581
2022-07-16 05:00:00,11.2233
2022-07-16 05:30:00,11.3656
2022-07-16 06:00:00,11.936
2022-07-16 06:30:00,12.0121
2022-07-16 07:00:00,12.6098
2022-07-16 07:30:00,13.1488
2022-07-16 08:00:00,12.4265
2022-07-16 08:30:00,12.7431
2022-07-16 09:00:00,13.5433
2022-07-16 09:30:00,13.4961
2022-07-16 10:00:00,14.7312
2022-07-16 10:30:00,15.6785
2022-07-16 11:00:00,14.9902
2022-07-16 11:30:00,14.4272
2022-07-16 12:00:00,11.7905
2022-07-16 12:30:00,13.4049
2022-07-16 13:00:00,14.4574
2022-07-16 13:30:00,12.7118
2022-07-16 14:00:00,13.7204
2022-07-16 14:30:00,13.6139
2022-07-16 15:00:00,13.2434
2022-07-16 15:30:00,13.0202
2022-07-16 16:00:00,12.7742
2022-07-16 16:30:00,14.0852
2022-07-16 17:00:00,13.3782
2022-07-16 17:30:00,13.2147
2022-07-16 18:00:00,12.6073
2022-07-16 18:30:00,11.8251
2022-07-16 19:00:00,11.6362
2022-07-16 19:30:00,11.4165
2022-07-16 20:00:00,10.74
2022-07-16 20:30:00,10.7619
2022-07-16 21:00:00,10.8924
2022-07-16 21:30:00,10.8251
2022-07-16 22:00:00,10.9006
2022-07-16 22:30:00,10.8834
2022-07-16 23:00:00,10.6509
2022-07-16 23:30:00,10.5725
2022-07-17 00:00:00,10.511
2022-07-17 00:30:00,10.4533
2022-07-17 01:00:00,10.4411
2022-07-17 01:30:00,10.4133
2022-07-17 02:00:00,10.4299
2022-07-17 02:30:00,10.5708
2022-07-17 03:00:00,10.8104
2022-07-17 03:30:00,11.5134
2022-07-17 04:00:00,11.9677
2022-07-17 04:30:00,11.9384
2022-07-17 05:00:00,12.0349
2022-07-17 05:30:00,12.4358
2022-07-17 06:00:00,13.2945
2022-07-17 06:30:00,13.2325
2022-07-17 07:00:00,13.8541
2022-07-17 07:30:00,13.9723
2022-07-17 08:00:00,14.015
2022-07-17 08:30:00,14.4906
2022-07-17 09:00:00,14.8241
2022-07-17 09:30:00,14.7924
2022-07-17 10:00:00,15.3048
2022-07-17 10:30:00,15.2551
2022-07-17 11:00:00,16.4238
2022-07-17 11:30:00,13.6915
2022-07-17 12:00:00,12.8951
2022-07-17 12:30:00,13.5088
2022-07-17 13:00:00,14.4145
2022-07-17 13:30:00,15.0904
2022-07-17 14:00:00,15.2091
2022-07-17 14:30:00,14.3358
2022-07-17 15:00:00,15.0114
2022-07-17 15:30:00,13.9701
2022-07-17 16:00:00,14.458
2022-07-17 16:30:00,13.4801
2022-07-17 17:00:00,13.2912
2022-07-17 17:30:00,12.4676
2022-07-17 18:00:00,11.6821
2022-07-17 18:30:00,11.3071
2022-07-17 19:00:00,11.1608
2022-07-17 19:30:00,11.0005
2022-07-17 20:00:00,10.6807
2022-07-17 20:30:00,10.5435
2022-07-17 21:00:00,10.3736
2022-07-17 21:30:00,10.2387
2022-07-17 22:00:00,10.4068
2022-07-17 22:30:00,10.4657
2022-07-17 23:00:00,10.3937
2022-07-17 23:30:00,10.3146
2022-07-18 00:00:00,10.0903
2022-07-18 00:30:00,9.8771
2022-07-18 01:00:00,9.6862
2022-07-18 01:30:00,9.5917
2022-07-18 02:00:00,10.1219
2022-07-18 02:30:00,10.439
2022-07-18 03:00:00,10.5088
2022-07-18 03:30:00,10.703
2022-07-18 04:00:00,11.2279
2022-07-18 04:30:00,12.0799
2022-07-18 05:00:00,13.0776
2022-07-18 05:30:00,13.3037
2022-07-18 06:00:00,13.5527
2022-07-18 06:30:00,14.1232
2022-07-18 07:00:00,15.0137
2022-07-18 07:30:00,15.1738
2022-07-18 08:00:00,15.7177
2022-07-18 08:30:00,16.2424
2022-07-18 09:00:00,16.9203
2022-07-18 09:30:00,17.0896
2022-07-18 10:00:00,16.8042
2022-07-18 10:30:00,17.4665
2022-07-18 11:00:00,16.8624
2022-07-18 11:30:00,17.7229
2022-07-18 12:00:00,18.2222
2022-07-18 12:30:00,18.6318
2022-07-18 13:00:00,18.5061
2022-07-18 13:30:00,18.7233
2022-07-18 14:00:00,18.9042
2022-07-18 14:30:00,18.1664
2022-07-18 15:00:00,17.9753
2022-07-18 15:30:00,18.2037
2022-07-18 16:00:00,17.7313
2022-07-18 16:30:00,17.3155
2022-07-18 17:00:00,17.2378
2022-07-18 17:30:00,16.8801
2022-07-18 18:00:00,15.8284
2022-07-18 18:30:00,14.8045
2022-07-18 19:00:00,14.6264
2022-07-18 19:30:00,14.2688
2022-07-18 20:00:00,12.9573
2022-07-18 20:30:00,12.0016
2022-07-18 21:00:00,11.2968
2022-07-18 21:30:00,10.9239
2022-07-18 22:00:00,10.9565
2022-07-18 22:30:00,10.8578
2022-07-18 23:00:00,10.9128
2022-07-18 23:30:00,11.0602
2022-07-19 00:00:00,10.9608
2022-07-19 00:30:00,10.8627
2022-07-19 01:00:00,10.7486
2022-07-19 01:30:00,10.6053
2022-07-19 02:00:00,10.4935
2022-07-19 02:30:00,10.0525
2022-07-19 03:00:00,9.8243
2022-07-19 03:30:00,11.3255
2022-07-19 04:00:00,13.6803
2022-07-19 04:30:00,14.571
2022-07-19 05:00:00,15.0007
2022-07-19 05:30:00,15.2842
2022-07-19 06:00:00,15.6541
2022-07-19 06:30:00,15.494
2022-07-19 07:00:00,16.3004
2022-07-19 07:30:00,17.0502
2022-07-19 08:00:00,18.0396
2022-07-19 08:30:00,18.662
2022-07-19 09:00:00,19.2215
2022-07-19 09:30:00,20.0185
2022-07-19 10:00:00,19.9609
2022-07-19 10:30:00,20.05
2022-07-19 11:00:00,19.8208
2022-07-19 11:30:00,18.9919
2022-07-19 12:00:00,13.3158
2022-07-19 12:30:00,16.0927
2022-07-19 13:00:00,18.0283
2022-07-19 13:30:00,19.397
2022-07-19 14:00:00,19.4659
2022-07-19 14:30:00,19.4658
2022-07-19 15:00:00,19.5758
2022-07-19 15:30:00,19.2895
2022-07-19 16:00:00,18.2767
2022-07-19 16:30:00,17.8219
2022-07-19 17:00:00,17.6565
2022-07-19 17:30:00,16.4524
2022-07-19 18:00:00,15.9802
2022-07-19 18:30:00,14.9359
2022-07-19 19:00:00,13.9026
2022-07-19 19:30:00,11.9548
2022-07-19 20:00:00,10.3138
2022-07-19 20:30:00,9.8866
2022-07-19 21:00:00,9.9159
2022-07-19 21:30:00,10.2768
2022-07-19 22:00:00,10.5472
2022-07-19 22:30:00,10.7611
2022-07-19 23:00:00,10.7379
2022-07-19 23:30:00,10.4421
2022-07-20 00:00:00,10.4243
2022-07-20 00:30:00,10.4492
2022-07-20 01:00:00,9.9959
2022-07-20 01:30:00,9.8316
2022-07-20 02:00:00,9.773
2022-07-20 02:30:00,10.133
2022-07-20 03:00:00,10.5822
2022-07-20 03:30:00,12.0636
2022-07-20 04:00:00,13.2821
2022-07-20 04:30:00,13.9237
2022-07-20 05:00:00,14.7736
2022-07-20 05:30:00,16.0216
2022-07-20 06:00:00,16.732
2022-07-20 06:30:00,17.2358
2022-07-20 07:00:00,17.5877
2022-07-20 07:30:00,18.3598
2022-07-20 08:00:00,18.8531
2022-07-20 08:30:00,19.1387
2022-07-20 09:00:00,19.8798
2022-07-20 09:30:00,20.126
2022-07-20 10:00:00,20.7939
2022-07-20 10:30:00,21.3093
2022-07-20 11:00:00,21.8489
2022-07-20 11:30:00,22.2372
2022-07-20 12:00:00,22.4692
2022-07-20 12:30:00,22.8565
2022-07-20 13:00:00,23.0865
2022-07-20 13:30:00,23.2834
2022-07-20 14:00:00,23.1908
2022-07-20 14:30:00,23.1111
2022-07-20 15:00:00,23.0751
2022-07-20 15:30:00,22.9944
2022-07-20 16:00:00,22.8801
2022-07-20 16:30:00,22.507
2022-07-20 17:00:00,22.0524
2022-07-20 17:30:00,20.509
2022-07-20 18:00:00,17.7398
2022-07-20 18:30:00,16.0011
2022-07-20 19:00:00,14.6232
2022-07-20 19:30:00,13.5046
2022-07-20 20:00:00,12.516
2022-07-20 20:30:00,11.7348
2022-07-20 21:00:00,11.0394
2022-07-20 21:30:00,10.5757
2022-07-20 22:00:00,10.2236
2022-07-20 22:30:00,9.7986
2022-07-20 23:00:00,9.4099
2022-07-20 23:30:00,9.096
2022-07-21 00:00:00,8.7874
2022-07-21 00:30:00,8.4455
2022-07-21 01:00:00,8.1482
2022-07-21 01:30:00,8.0054
2022-07-21 02:00:00,8.0842
2022-07-21 02:30:00,8.2419
2022-07-21 03:00:00,8.8443
2022-07-21 03:30:00,10.6321
2022-07-21 04:00:00,13.0128
2022-07-21 04:30:00,15.635
2022-07-21 05:00:00,18.1915
2022-07-21 05:30:00,20.6605
2022-07-21 06:00:00,20.9551
2022-07-21 06:30:00,21.5685
2022-07-21 07:00:00,22.1308
2022-07-21 07:30:00,22.779
2022-07-21 08:00:00,23.6942
2022-07-21 08:30:00,24.318
2022-07-21 09:00:00,24.5903
2022-07-21 09:30:00,24.9056
2022-07-21 10:00:00,25.4763
2022-07-21 10:30:00,26.1543
2022-07-21 11:00:00,26.4765
2022-07-21 11:30:00,27.094
2022-07-21 12:00:00,27.2169
2022-07-21 12:30:00,27.6981
2022-07-21 13:00:00,27.8126
2022-07-21 13:30:00,28.0574
2022-07-21 14:00:00,27.9877
2022-07-21 14:30:00,28.0683
2022-07-21 15:00:00,28.0578
2022-07-21 15:30:00,27.8346
2022-07-21 16:00:00,27.809
2022-07-21 16:30:00,27.1789
2022-07-21 17:00:00,26.57
2022-07-21 17:30:00,24.4911
2022-07-21 18:00:00,22.4895
2022-07-21 18:30:00,20.2807
2022-07-21 19:00:00,18.8609
2022-07-21 19:30:00,17.5998
2022-07-21 20:00:00,16.6462
2022-07-21 20:30:00,16.1217
2022-07-21 21:00:00,16.007
2022-07-21 21:30:00,15.5743
2022-07-21 22:00:00,14.8821
2022-07-21 22:30:00,14.4979
2022-07-21 23:00:00,14.0633
2022-07-21 23:30:00,13.6846
2022-07-22 00:00:00,13.3661
2022-07-22 00:30:00,13.8311
2022-07-22 01:00:00,13.3968
2022-07-22 01:30:00,12.7155
2022-07-22 02:00:00,12.4515
2022-07-22 02:30:00,12.7478
2022-07-22 03:00:00,13.3925
2022-07-22 03:30:00,14.4131
2022-07-22 04:00:00,15.7292
2022-07-22 04:30:00,18.6507
2022-07-22 05:00:00,20.3616
2022-07-22 05:30:00,21.4368
2022-07-22 06:00:00,21.71
2022-07-22 06:30:00,22.5776
2022-07-22 07:00:00,23.8537
2022-07-22 07:30:00,24.4966
2022-07-22 08:00:00,25.1198
2022-07-22 08:30:00,25.3869
2022-07-22 09:00:00,25.9688
2022-07-22 09:30:00,26.6569
2022-07-22 10:00:00,27.7281
2022-07-22 10:30:00,28.3311
2022-07-22 11:00:00,28.8987
2022-07-22 11:30:00,29.1702
2022-07-22 12:00:00,29.2622
2022-07-22 12:30:00,29.2112
2022-07-22 13:00:00,28.9461
2022-07-22 13:30:00,28.7661
2022-07-22 14:00:00,28.8074
2022-07-22 14:30:00,28.8927
2022-07-22 15:00:00,28.601
2022-07-22 15:30:00,28.6162
2022-07-22 16:00:00,28.1497
2022-07-22 16:30:00,27.8423
2022-07-22 17:00:00,27.3335
2022-07-22 17:30:00,26.3187
2022-07-22 18:00:00,24.8148
2022-07-22 18:30:00,22.8598
2022-07-22 19:00:00,21.929
2022-07-22 19:30:00,20.9704
2022-07-22 20:00:00,20.1049
2022-07-22 20:30:00,19.6272
2022-07-22 21:00:00,19.5443
2022-07-22 21:30:00,19.4586
2022-07-22 22:00:00,18.9919
2022-07-22 22:30:00,18.741
2022-07-22 23:00:00,19.652
2022-07-22 23:30:00,20.1353
2022-07-23 00:00:00,20.0979
2022-07-23 00:30:00,19.1663
2022-07-23 01:00:00,18.8576
2022-07-23 01:30:00,17.7324
2022-07-23 02:00:00,16.8945
2022-07-23 02:30:00,16.6293
2022-07-23 03:00:00,16.685
2022-07-23 03:30:00,16.8824
2022-07-23 04:00:00,17.1117
2022-07-23 04:30:00,17.4279
2022-07-23 05:00:00,18.5739
2022-07-23 05:30:00,18.728
2022-07-23 06:00:00,18.5189
2022-07-23 06:30:00,18.4265
2022-07-23 07:00:00,18.124
2022-07-23 07:30:00,18.1519
2022-07-23 08:00:00,18.5787
2022-07-23 08:30:00,19.816
2022-07-23 09:00:00,21.1742
2022-07-23 09:30:00,21.3089
2022-07-23 10:00:00,21.6976
2022-07-23 10:30:00,21.9068
2022-07-23 11:00:00,22.1868
2022-07-23 11:30:00,22.1794
2022-07-23 12:00:00,21.5735
2022-07-23 12:30:00,17.8705
2022-07-23 13:00:00,17.7907
2022-07-23 13:30:00,19.3274
2022-07-23 14:00:00,19.3449
2022-07-23 14:30:00,18.2363
2022-07-23 15:00:00,17.9763
2022-07-23 15:30:00,18.4231
2022-07-23 16:00:00,18.5498
2022-07-23 16:30:00,18.1594
2022-07-23 17:00:00,17.8675
2022-07-23 17:30:00,17.7494
2022-07-23 18:00:00,17.6377
2022-07-23 18:30:00,17.5851
2022-07-23 19:00:00,16.8478
2022-07-23 19:30:00,16.354
2022-07-23 20:00:00,15.9897
2022-07-23 20:30:00,15.7765
2022-07-23 21:00:00,15.6831
2022-07-23 21:30:00,15.5146
2022-07-23 22:00:00,15.381
2022-07-23 22:30:00,15.1029
2022-07-23 23:00:00,14.8116
2022-07-23 23:30:00,14.6181
2022-07-24 00:00:00,14.4876
2022-07-24 00:30:00,14.3928
2022-07-24 01:00:00,14.3312
2022-07-24 01:30:00,14.2983
2022-07-24 02:00:00,14.2126
2022-07-24 02:30:00,14.2454
2022-07-24 03:00:00,14.5106
2022-07-24 03:30:00,14.7453
2022-07-24 04:00:00,14.9
2022-07-24 04:30:00,15.0253
2022-07-24 05:00:00,15.2346
2022-07-24 05:30:00,15.4965
2022-07-24 06:00:00,15.7927
2022-07-24 06:30:00,16.1007
2022-07-24 07:00:00,16.214
2022-07-24 07:30:00,16.3542
2022-07-24 08:00:00,16.1976
2022-07-24 08:30:00,16.605
2022-07-24 09:00:00,16.9107
2022-07-24 09:30:00,17.4089
2022-07-24 10:00:00,17.7525
2022-07-24 10:30:00,17.6523
2022-07-24 11:00:00,17.6594
2022-07-24 11:30:00,17.9927
2022-07-24 12:00:00,18.6413
2022-07-24 12:30:00,19.262
2022-07-24 13:00:00,19.5613
2022-07-24 13:30:00,19.4351
2022-07-24 14:00:00,19.3878
2022-07-24 14:30:00,19.5034
2022-07-24 15:00:00,19.3112
2022-07-24 15:30:00,19.1056
2022-07-24 16:00:00,18.7171
2022-07-24 16:30:00,18.7827
2022-07-24 17:00:00,18.667
2022-07-24 17:30:00,18.1964
2022-07-24 18:00:00,17.7428
2022-07-24 18:30:00,16.8935
2022-07-24 19:00:00,15.8898
2022-07-24 19:30:00,14.9582
2022-07-24 20:00:00,14.5053
2022-07-24 20:30:00,14.5527
2022-07-24 21:00:00,14.3761
2022-07-24 21:30:00,13.6994
2022-07-24 22:00:00,12.7786
2022-07-24 22:30:00,11.9271
2022-07-24 23:00:00,11.2305
2022-07-24 23:30:00,10.4633
2022-07-25 00:00:00,10.0125
2022-07-25 00:30:00,9.6065
2022-07-25 01:00:00,8.9349
2022-07-25 01:30:00,8.5348
2022-07-25 02:00:00,8.4472
2022-07-25 02:30:00,8.4782
2022-07-25 03:00:00,9.0246
2022-07-25 03:30:00,10.3573
2022-07-25 04:00:00,12.43
2022-07-25 04:30:00,15.3564
2022-07-25 05:00:00,17.7879
2022-07-25 05:30:00,18.6491
2022-07-25 06:00:00,19.8248
2022-07-25 06:30:00,20.3068
2022-07-25 07:00:00,20.6182
2022-07-25 07:30:00,21.2466
2022-07-25 08:00:00,21.5809
2022-07-25 08:30:00,21.9534
2022-07-25 09:00:00,22.3635
2022-07-25 09:30:00,22.2012
2022-07-25 10:00:00,22.4454
2022-07-25 10:30:00,23.0095
2022-07-25 11:00:00,23.1334
2022-07-25 11:30:00,23.63
2022-07-25 12:00:00,23.5852
2022-07-25 12:30:00,23.7821
2022-07-25 13:00:00,23.5659
2022-07-25 13:30:00,23.4769
2022-07-25 14:00:00,23.2854
2022-07-25 14:30:00,23.3614
2022-07-25 15:00:00,22.8729
2022-07-25 15:30:00,22.4465
2022-07-25 16:00:00,21.5987
2022-07-25 16:30:00,21.7098
2022-07-25 17:00:00,20.7652
2022-07-25 17:30:00,19.9559
2022-07-25 18:00:00,18.6723
2022-07-25 18:30:00,18.6324
2022-07-25 19:00:00,18.245
2022-07-25 19:30:00,17.6954
2022-07-25 20:00:00,18.0791
2022-07-25 20:30:00,18.1189
2022-07-25 21:00:00,17.9896
2022-07-25 21:30:00,17.6829
2022-07-25 22:00:00,17.6265
2022-07-25 22:30:00,17.5771
2022-07-25 23:00:00,17.4585
2022-07-25 23:30:00,17.298
2022-07-26 00:00:00,17.233
2022-07-26 00:30:00,17.0616
2022-07-26 01:00:00,16.8326
2022-07-26 01:30:00,16.4682
2022-07-26 02:00:00,16.435
2022-07-26 02:30:00,16.5488
2022-07-26 03:00:00,16.7038
2022-07-26 03:30:00,16.9828
2022-07-26 04:00:00,17.226
2022-07-26 04:30:00,17.7271
2022-07-26 05:00:00,17.9457
2022-07-26 05:30:00,18.5651
2022-07-26 06:00:00,19.2553
2022-07-26 06:30:00,20.5726
2022-07-26 07:00:00,21.6063
2022-07-26 07:30:00,21.9311
2022-07-26 08:00:00,21.5847
2022-07-26 08:30:00,22.2658
2022-07-26 09:00:00,22.3053
2022-07-26 09:30:00,22.5384
2022-07-26 10:00:00,23.3967
2022-07-26 10:30:00,23.5503
2022-07-26 11:00:00,23.1162
2022-07-26 11:30:00,22.2025
2022-07-26 12:00:00,21.4579
2022-07-26 12:30:00,20.2305
2022-07-26 13:00:00,19.4901
2022-07-26 13:30:00,18.308
2022-07-26 14:00:00,18.2108
2022-07-26 14:30:00,18.2765
2022-07-26 15:00:00,18.3212
2022-07-26 15:30:00,18.4085
2022-07-26 16:00:00,18.6022
2022-07-26 16:30:00,18.6002
2022-07-26 17:00:00,18.6197
2022-07-26 17:30:00,18.6045
2022-07-26 18:00:00,17.9896
2022-07-26 18:30:00,16.7337
2022-07-26 19:00:00,16.4796
2022-07-26 19:30:00,16.0998
2022-07-26 20:00:00,15.6273
2022-07-26 20:30:00,15.3267
2022-07-26 21:00:00,15.3075
2022-07-26 21:30:00,15.0851
2022-07-26 22:00:00,14.7188
2022-07-26 22:30:00,15.0494
2022-07-26 23:00:00,15.3968
2022-07-26 23:30:00,15.4536
2022-07-27 00:00:00,15.5948
2022-07-27 00:30:00,15.636
2022-07-27 01:00:00,15.5319
2022-07-27 01:30:00,15.5465
2022-07-27 02:00:00,15.4978
2022-07-27 02:30:00,15.48
2022-07-27 03:00:00,15.565
2022-07-27 03:30:00,15.891
2022-07-27 04:00:00,16.2594
2022-07-27 04:30:00,16.6151
2022-07-27 05:00:00,16.6584
2022-07-27 05:30:00,17.2292
2022-07-27 06:00:00,18.4709
2022-07-27 06:30:00,18.5099
2022-07-27 07:00:00,18.5295
2022-07-27 07:30:00,18.6167
2022-07-27 08:00:00,19.1692
2022-07-27 08:30:00,18.4135
2022-07-27 09:00:00,18.6141
2022-07-27 09:30:00,18.7722
2022-07-27 10:00:00,18.7419
2022-07-27 10:30:00,19.9691
2022-07-27 11:00:00,19.4985
2022-07-27 11:30:00,18.9769
2022-07-27 12:00:00,18.5772
2022-07-27 12:30:00,18.8053
2022-07-27 13:00:00,18.6181
2022-07-27 13:30:00,18.9031
2022-07-27 14:00:00,18.7773
2022-07-27 14:30:00,18.9171
2022-07-27 15:00:00,17.8043
2022-07-27 15:30:00,14.9986
2022-07-27 16:00:00,14.7837
2022-07-27 16:30:00,14.7299
2022-07-27 17:00:00,14.6762
2022-07-27 17:30:00,14.6651
2022-07-27 18:00:00,14.601
2022-07-27 18:30:00,14.4343
2022-07-27 19:00:00,14.1766
2022-07-27 19:30:00,14.0408
2022-07-27 20:00:00,14.1332
2022-07-27 20:30:00,14.0187
2022-07-27 21:00:00,13.8289
2022-07-27 21:30:00,13.6098
2022-07-27 22:00:00,13.2771
2022-07-27 22:30:00,13.0986
2022-07-27 23:00:00,12.7855
2022-07-27 23:30:00,12.9606
2022-07-28 00:00:00,12.9757
2022-07-28 00:30:00,12.9101
2022-07-28 01:00:00,12.9422
2022-07-28 01:30:00,12.9381
2022-07-28 02:00:00,12.8665
2022-07-28 02:30:00,12.8141
2022-07-28 03:00:00,13.1068
2022-07-28 03:30:00,13.4634
2022-07-28 04:00:00,13.8597
2022-07-28 04:30:00,14.2479
2022-07-28 05:00:00,14.6224
2022-07-28 05:30:00,15.0727
2022-07-28 06:00:00,15.4358
2022-07-28 06:30:00,16.3968
2022-07-28 07:00:00,16.3881
2022-07-28 07:30:00,16.5927
2022-07-28 08:00:00,17.0984
2022-07-28 08:30:00,17.3933
2022-07-28 09:00:00,17.6225
2022-07-28 09:30:00,16.8788
2022-07-28 10:00:00,15.5263
2022-07-28 10:30:00,16.3944
2022-07-28 11:00:00,17.9068
2022-07-28 11:30:00,17.83
2022-07-28 12:00:00,17.9988
2022-07-28 12:30:00,17.1821
2022-07-28 13:00:00,16.8773
2022-07-28 13:30:00,16.7504
2022-07-28 14:00:00,16.5378
2022-07-28 14:30:00,16.7644
2022-07-28 15:00:00,16.9106
2022-07-28 15:30:00,16.7971
2022-07-28 16:00:00,17.0414
2022-07-28 16:30:00,17.4827
2022-07-28 17:00:00,16.9382
2022-07-28 17:30:00,16.6781
2022-07-28 18:00:00,14.4179
2022-07-28 18:30:00,12.2653
2022-07-28 19:00:00,10.6273
2022-07-28 19:30:00,9.5252
2022-07-28 20:00:00,8.8612
2022-07-28 20:30:00,8.485
2022-07-28 21:00:00,8.0065
2022-07-28 21:30:00,7.7424
2022-07-28 22:00:00,7.6657
2022-07-28 22:30:00,7.7476
2022-07-28 23:00:00,8.6436
2022-07-28 23:30:00,9.2239
2022-07-29 00:00:00,10.0481
2022-07-29 00:30:00,10.8826
2022-07-29 01:00:00,11.3596
2022-07-29 01:30:00,11.5499
2022-07-29 02:00:00,11.9226
2022-07-29 02:30:00,12.3263
2022-07-29 03:00:00,12.2379
2022-07-29 03:30:00,12.2555
2022-07-29 04:00:00,12.3728
2022-07-29 04:30:00,12.5269
2022-07-29 05:00:00,12.7595
2022-07-29 05:30:00,13.0427
2022-07-29 06:00:00,13.6783
2022-07-29 06:30:00,14.8947
2022-07-29 07:00:00,15.8494
2022-07-29 07:30:00,16.159
2022-07-29 08:00:00,16.1004
2022-07-29 08:30:00,15.7531
2022-07-29 09:00:00,16.1267
2022-07-29 09:30:00,15.6234
2022-07-29 10:00:00,16.2106
2022-07-29 10:30:00,16.353
2022-07-29 11:00:00,16.7542
2022-07-29 11:30:00,16.226
2022-07-29 12:00:00,17.0424
2022-07-29 12:30:00,16.1579
2022-07-29 13:00:00,17.0751
2022-07-29 13:30:00,17.2807
2022-07-29 14:00:00,17.3875
2022-07-29 14:30:00,17.951
2022-07-29 15:00:00,16.8172
2022-07-29 15:30:00,17.0583
2022-07-29 16:00:00,17.28
2022-07-29 16:30:00,16.2551
2022-07-29 17:00:00,15.9751
2022-07-29 17:30:00,15.268
2022-07-29 18:00:00,14.3624
2022-07-29 18:30:00,12.7962
2022-07-29 19:00:00,11.7729
2022-07-29 19:30:00,11.0307
2022-07-29 20:00:00,11.2893
2022-07-29 20:30:00,12.4097
2022-07-29 21:00:00,12.5958
2022-07-29 21:30:00,12.1017
2022-07-29 22:00:00,12.0508
2022-07-29 22:30:00,12.5041
2022-07-29 23:00:00,12.8735
2022-07-29 23:30:00,12.9353
2022-07-30 00:00:00,12.9091
2022-07-30 00:30:00,12.8509
2022-07-30 01:00:00,12.7493
2022-07-30 01:30:00,12.6224
2022-07-30 02:00:00,12.5731
2022-07-30 02:30:00,12.6294
2022-07-30 03:00:00,12.8041
2022-07-30 03:30:00,13.093
2022-07-30 04:00:00,13.1635
2022-07-30 04:30:00,13.4825
2022-07-30 05:00:00,13.6105
2022-07-30 05:30:00,13.882
2022-07-30 06:00:00,14.1207
2022-07-30 06:30:00,14.533
2022-07-30 07:00:00,14.9904
2022-07-30 07:30:00,14.7936
2022-07-30 08:00:00,14.7525
2022-07-30 08:30:00,13.9045
2022-07-30 09:00:00,13.8563
2022-07-30 09:30:00,14.0363
2022-07-30 10:00:00,13.6821
2022-07-30 10:30:00,13.9145
2022-07-30 11:00:00,14.1396
2022-07-30 11:30:00,14.5284
2022-07-30 12:00:00,15.135
2022-07-30 12:30:00,16.541
2022-07-30 13:00:00,16.5328
2022-07-30 13:30:00,16.8501
2022-07-30 14:00:00,16.4095
2022-07-30 14:30:00,16.1137
2022-07-30 15:00:00,15.7436
2022-07-30 15:30:00,15.1087
2022-07-30 16:00:00,13.466
2022-07-30 16:30:00,13.1588
2022-07-30 17:00:00,13.8064
2022-07-30 17:30:00,13.6876
2022-07-30 18:00:00,13.2205
2022-07-30 18:30:00,12.0674
2022-07-30 19:00:00,11.6573
2022-07-30 19:30:00,11.3954
2022-07-30 20:00:00,10.8817
2022-07-30 20:30:00,10.4844
2022-07-30 21:00:00,9.5897
2022-07-30 21:30:00,8.7142
2022-07-30 22:00:00,7.9244
2022-07-30 22:30:00,7.7993
2022-07-30 23:00:00,7.9562
2022-07-30 23:30:00,7.7046
2022-07-31 00:00:00,7.5837
2022-07-31 00:30:00,7.5221
2022-07-31 01:00:00,7.781
2022-07-31 01:30:00,8.0439
2022-07-31 02:00:00,8.3154
2022-07-31 02:30:00,8.5231
2022-07-31 03:00:00,9.1899
2022-07-31 03:30:00,10.7084
2022-07-31 04:00:00,11.5212
2022-07-31 04:30:00,13.0596
2022-07-31 05:00:00,14.7032
2022-07-31 05:30:00,15.5852
2022-07-31 06:00:00,16.2022
2022-07-31 06:30:00,16.9276
2022-07-31 07:00:00,17.5855
2022-07-31 07:30:00,17.6307
2022-07-31 08:00:00,18.5561
2022-07-31 08:30:00,19.0067
2022-07-31 09:00:00,19.5947
2022-07-31 09:30:00,20.1054
2022-07-31 10:00:00,20.4099
2022-07-31 10:30:00,20.1391
2022-07-31 11:00:00,19.8141
2022-07-31 11:30:00,20.5626
2022-07-31 12:00:00,21.9793
2022-07-31 12:30:00,22.3126
2022-07-31 13:00:00,22.6344
2022-07-31 13:30:00,19.077137070387323
2022-07-31 14:00:00,16.0448
2022-07-31 14:30:00,16.5664
2022-07-31 15:00:00,18.3897
2022-07-31 15:30:00,18.5237
2022-07-31 16:00:00,18.1738
2022-07-31 16:30:00,17.5877
2022-07-31 17:00:00,16.2753
2022-07-31 17:30:00,15.6781
2022-07-31 18:00:00,14.5159
2022-07-31 18:30:00,13.566
2022-07-31 19:00:00,12.7587
2022-07-31 19:30:00,12.0081
2022-07-31 20:00:00,11.5136
2022-07-31 20:30:00,10.8341
2022-07-31 21:00:00,10.2033
2022-07-31 21:30:00,9.7101
2022-07-31 22:00:00,9.2471
2022-07-31 22:30:00,8.7858
2022-07-31 23:00:00,8.311
2022-07-31 23:30:00,7.8096
2022-08-01 00:00:00,7.3922
2022-08-01 00:30:00,6.755
2022-08-01 01:00:00,6.2602
2022-08-01 01:30:00,5.9951
2022-08-01 02:00:00,5.833
2022-08-01 02:30:00,5.5333
2022-08-01 03:00:00,5.7965
2022-08-01 03:30:00,7.0763
2022-08-01 04:00:00,8.8495
2022-08-01 04:30:00,11.3948
2022-08-01 05:00:00,14.5459
2022-08-01 05:30:00,16.9814
2022-08-01 06:00:00,18.7111
2022-08-01 06:30:00,20.1415
2022-08-01 07:00:00,21.0986
2022-08-01 07:30:00,21.6502
2022-08-01 08:00:00,21.9889
2022-08-01 08:30:00,22.0212
2022-08-01 09:00:00,22.331
2022-08-01 09:30:00,22.4952
2022-08-01 10:00:00,23.0984
2022-08-01 10:30:00,23.1288
2022-08-01 11:00:00,23.3352
2022-08-01 11:30:00,23.5333
2022-08-01 12:00:00,23.6157
2022-08-01 12:30:00,22.9723
2022-08-01 13:00:00,20.8307
2022-08-01 13:30:00,20.413
2022-08-01 14:00:00,20.3365
2022-08-01 14:30:00,20.0155
2022-08-01 15:00:00,19.8375
2022-08-01 15:30:00,20.1472
2022-08-01 16:00:00,18.3515
2022-08-01 16:30:00,16.3786
2022-08-01 17:00:00,15.9135
2022-08-01 17:30:00,15.2986
2022-08-01 18:00:00,14.8434
2022-08-01 18:30:00,14.41
2022-08-01 19:00:00,13.9416
2022-08-01 19:30:00,13.1751
2022-08-01 20:00:00,12.4925
2022-08-01 20:30:00,11.9988
2022-08-01 21:00:00,11.5339
2022-08-01 21:30:00,11.075
2022-08-01 22:00:00,10.2646
2022-08-01 22:30:00,9.594
2022-08-01 23:00:00,8.941
2022-08-01 23:30:00,8.483
2022-08-02 00:00:00,7.994
2022-08-02 00:30:00,7.5835
2022-08-02 01:00:00,7.3042
2022-08-02 01:30:00,7.5818
2022-08-02 02:00:00,7.868
2022-08-02 02:30:00,7.8913
2022-08-02 03:00:00,7.9852
2022-08-02 03:30:00,9.1414
2022-08-02 04:00:00,11.8406
2022-08-02 04:30:00,15.0867
2022-08-02 05:00:00,16.5088
2022-08-02 05:30:00,17.5668
2022-08-02 06:00:00,18.325
2022-08-02 06:30:00,19.2075
2022-08-02 07:00:00,19.5889
2022-08-02 07:30:00,20.0388
2022-08-02 08:00:00,20.5782
2022-08-02 08:30:00,20.8489
2022-08-02 09:00:00,20.9071
2022-08-02 09:30:00,21.6361
2022-08-02 10:00:00,21.9498
2022-08-02 10:30:00,22.0105
2022-08-02 11:00:00,19.5546
2022-08-02 11:30:00,19.1715
2022-08-02 12:00:00,19.6471
2022-08-02 12:30:00,18.1431
2022-08-02 13:00:00,18.943
2022-08-02 13:30:00,17.7955
2022-08-02 14:00:00,18.2051
2022-08-02 14:30:00,18.7032
2022-08-02 15:00:00,19.7248
2022-08-02 15:30:00,19.4652
2022-08-02 16:00:00,19.1025
2022-08-02 16:30:00,18.5388
2022-08-02 17:00:00,17.6421
2022-08-02 17:30:00,15.7749
2022-08-02 18:00:00,14.2505
2022-08-02 18:30:00,12.3769
2022-08-02 19:00:00,11.0537
2022-08-02 19:30:00,10.1798
2022-08-02 20:00:00,9.2597
2022-08-02 20:30:00,8.3883
2022-08-02 21:00:00,7.6127
2022-08-02 21:30:00,6.9041
2022-08-02 22:00:00,6.0887
2022-08-02 22:30:00,5.447
2022-08-02 23:00:00,4.9066
2022-08-02 23:30:00,4.5261
2022-08-03 00:00:00,3.9921
2022-08-03 00:30:00,3.6043
2022-08-03 01:00:00,3.0773
2022-08-03 01:30:00,2.9431
2022-08-03 02:00:00,2.7653
2022-08-03 02:30:00,2.9798
2022-08-03 03:00:00,3.4887
2022-08-03 03:30:00,4.7757
2022-08-03 04:00:00,6.6089
2022-08-03 04:30:00,8.1914
2022-08-03 05:00:00,11.8356
2022-08-03 05:30:00,13.8661
2022-08-03 06:00:00,15.256
2022-08-03 06:30:00,16.7954
2022-08-03 07:00:00,16.7297
2022-08-03 07:30:00,17.5813
2022-08-03 08:00:00,18.2971
2022-08-03 08:30:00,19.0827
2022-08-03 09:00:00,20.0665
2022-08-03 09:30:00,20.7879
2022-08-03 10:00:00,21.3205
2022-08-03 10:30:00,21.3258
2022-08-03 11:00:00,22.0204
2022-08-03 11:30:00,22.0613
2022-08-03 12:00:00,22.3777
2022-08-03 12:30:00,22.5262
2022-08-03 13:00:00,22.2963
2022-08-03 13:30:00,22.6533
2022-08-03 14:00:00,22.3173
2022-08-03 14:30:00,22.2502
2022-08-03 15:00:00,21.2899
2022-08-03 15:30:00,20.6941
2022-08-03 16:00:00,20.4972
2022-08-03 16:30:00,20.3418
2022-08-03 17:00:00,19.8652
2022-08-03 17:30:00,19.2682
2022-08-03 18:00:00,18.8959
2022-08-03 18:30:00,18.2717
2022-08-03 19:00:00,17.5777
2022-08-03 19:30:00,17.4855
2022-08-03 20:00:00,17.4688
2022-08-03 20:30:00,17.5108
2022-08-03 21:00:00,17.4025
2022-08-03 21:30:00,17.1973
2022-08-03 22:00:00,16.8271
2022-08-03 22:30:00,16.331
2022-08-03 23:00:00,16.3927
2022-08-03 23:30:00,16.6227
2022-08-04 00:00:00,16.5885
2022-08-04 00:30:00,16.2835
2022-08-04 01:00:00,16.0537
2022-08-04 01:30:00,15.6843
2022-08-04 02:00:00,15.5313
2022-08-04 02:30:00,15.5576
2022-08-04 03:00:00,15.9111
2022-08-04 03:30:00,16.5214
2022-08-04 04:00:00,16.9814
2022-08-04 04:30:00,17.2539
2022-08-04 05:00:00,17.8671
2022-08-04 05:30:00,18.7039
2022-08-04 06:00:00,19.3566
2022-08-04 06:30:00,19.9094
2022-08-04 07:00:00,20.0358
2022-08-04 07:30:00,20.3196
2022-08-04 08:00:00,21.0792
2022-08-04 08:30:00,22.5705
2022-08-04 09:00:00,22.8964
2022-08-04 09:30:00,23.616
2022-08-04 10:00:00,24.5029
2022-08-04 10:30:00,24.8086
2022-08-04 11:00:00,25.2222
2022-08-04 11:30:00,25.0378
2022-08-04 12:00:00,25.4862
2022-08-04 12:30:00,25.7491
2022-08-04 13:00:00,25.6603
2022-08-04 13:30:00,25.6351
2022-08-04 14:00:00,25.4998
2022-08-04 14:30:00,25.5045
2022-08-04 15:00:00,25.3301
2022-08-04 15:30:00,25.5478
2022-08-04 16:00:00,24.9923
2022-08-04 16:30:00,23.9875
2022-08-04 17:00:00,23.559
2022-08-04 17:30:00,22.9072
2022-08-04 18:00:00,21.5326
2022-08-04 18:30:00,18.932
2022-08-04 19:00:00,17.4571
2022-08-04 19:30:00,16.2194
2022-08-04 20:00:00,15.5732
2022-08-04 20:30:00,15.3545
2022-08-04 21:00:00,14.7452
2022-08-04 21:30:00,14.4807
2022-08-04 22:00:00,14.6115
2022-08-04 22:30:00,14.6894
2022-08-04 23:00:00,14.2472
2022-08-04 23:30:00,14.099
2022-08-05 00:00:00,14.012
2022-08-05 00:30:00,14.043
2022-08-05 01:00:00,14.9099
2022-08-05 01:30:00,16.8206
2022-08-05 02:00:00,17.6837
2022-08-05 02:30:00,17.7255
2022-08-05 03:00:00,17.11
2022-08-05 03:30:00,16.8346
2022-08-05 04:00:00,18.6619
2022-08-05 04:30:00,20.042
2022-08-05 05:00:00,21.2312
2022-08-05 05:30:00,22.3534
2022-08-05 06:00:00,23.5983
2022-08-05 06:30:00,24.5131
2022-08-05 07:00:00,25.4138
2022-08-05 07:30:00,26.2304
2022-08-05 08:00:00,26.591
2022-08-05 08:30:00,26.8666
2022-08-05 09:00:00,27.4612
2022-08-05 09:30:00,27.6808
2022-08-05 10:00:00,27.7121
2022-08-05 10:30:00,27.8663
2022-08-05 11:00:00,27.7228
2022-08-05 11:30:00,27.8088
2022-08-05 12:00:00,27.7442
2022-08-05 12:30:00,27.5834
2022-08-05 13:00:00,27.7754
2022-08-05 13:30:00,27.6163
2022-08-05 14:00:00,27.2889
2022-08-05 14:30:00,26.3653
2022-08-05 15:00:00,26.4612
2022-08-05 15:30:00,25.8252
2022-08-05 16:00:00,25.6595
2022-08-05 16:30:00,25.1566
2022-08-05 17:00:00,24.1382
2022-08-05 17:30:00,23.403
2022-08-05 18:00:00,22.7635
2022-08-05 18:30:00,21.8021
2022-08-05 19:00:00,21.256
2022-08-05 19:30:00,19.7702
2022-08-05 20:00:00,18.6425
2022-08-05 20:30:00,19.1859
2022-08-05 21:00:00,19.5435
2022-08-05 21:30:00,18.1653
2022-08-05 22:00:00,16.8483
2022-08-05 22:30:00,16.2631
2022-08-05 23:00:00,15.7456
2022-08-05 23:30:00,15.1089
2022-08-06 00:00:00,15.3449
2022-08-06 00:30:00,15.9892
2022-08-06 01:00:00,16.7477
2022-08-06 01:30:00,17.1134
2022-08-06 02:00:00,16.6596
2022-08-06 02:30:00,16.8292
2022-08-06 03:00:00,17.5743
2022-08-06 03:30:00,18.1575
2022-08-06 04:00:00,18.5941
2022-08-06 04:30:00,17.8565
2022-08-06 05:00:00,17.2544
2022-08-06 05:30:00,17.5513
2022-08-06 06:00:00,18.1675
2022-08-06 06:30:00,18.6699
2022-08-06 07:00:00,18.9044
2022-08-06 07:30:00,18.3752
2022-08-06 08:00:00,18.4973
2022-08-06 08:30:00,18.5025
2022-08-06 09:00:00,17.3865
2022-08-06 09:30:00,16.4442
2022-08-06 10:00:00,16.151
2022-08-06 10:30:00,18.1076
2022-08-06 11:00:00,18.8477
2022-08-06 11:30:00,18.8091
2022-08-06 12:00:00,18.9907
2022-08-06 12:30:00,18.7187
2022-08-06 13:00:00,19.0782
2022-08-06 13:30:00,19.5026
2022-08-06 14:00:00,18.6156
2022-08-06 14:30:00,18.0781
2022-08-06 15:00:00,18.4
2022-08-06 15:30:00,18.6468
2022-08-06 16:00:00,18.3702
2022-08-06 16:30:00,17.352
2022-08-06 17:00:00,15.7576
2022-08-06 17:30:00,14.6256
2022-08-06 18:00:00,13.3879
2022-08-06 18:30:00,12.7906
2022-08-06 19:00:00,12.6007
2022-08-06 19:30:00,12.453
2022-08-06 20:00:00,12.2671
2022-08-06 20:30:00,11.964
2022-08-06 21:00:00,11.5504
2022-08-06 21:30:00,11.2333
2022-08-06 22:00:00,10.6134
2022-08-06 22:30:00,10.0979
2022-08-06 23:00:00,9.472
2022-08-06 23:30:00,9.1045
2022-08-07 00:00:00,9.1761
2022-08-07 00:30:00,9.559
2022-08-07 01:00:00,9.675
2022-08-07 01:30:00,9.8008
2022-08-07 02:00:00,9.9092
2022-08-07 02:30:00,10.0147
2022-08-07 03:00:00,10.4658
2022-08-07 03:30:00,11.3328
2022-08-07 04:00:00,11.9172
2022-08-07 04:30:00,12.6584
2022-08-07 05:00:00,13.2163
2022-08-07 05:30:00,13.8512
2022-08-07 06:00:00,14.4759
2022-08-07 06:30:00,14.5835
2022-08-07 07:00:00,15.3851
2022-08-07 07:30:00,16.1942
2022-08-07 08:00:00,16.228
2022-08-07 08:30:00,16.6889
2022-08-07 09:00:00,17.5084
2022-08-07 09:30:00,17.6235
2022-08-07 10:00:00,17.025
2022-08-07 10:30:00,17.7048
2022-08-07 11:00:00,17.7826
2022-08-07 11:30:00,17.7644
2022-08-07 12:00:00,18.8125
2022-08-07 12:30:00,18.4277
2022-08-07 13:00:00,17.9662
2022-08-07 13:30:00,18.0508
2022-08-07 14:00:00,18.1949
2022-08-07 14:30:00,17.798
2022-08-07 15:00:00,17.3105
2022-08-07 15:30:00,16.6627
2022-08-07 16:00:00,16.2997
2022-08-07 16:30:00,16.1367
2022-08-07 17:00:00,16.0277
2022-08-07 17:30:00,14.7796
2022-08-07 18:00:00,12.5285
2022-08-07 18:30:00,11.1196
2022-08-07 19:00:00,9.9493
2022-08-07 19:30:00,8.9367
2022-08-07 20:00:00,8.0873
2022-08-07 20:30:00,7.4867
2022-08-07 21:00:00,6.8725
2022-08-07 21:30:00,6.277
2022-08-07 22:00:00,5.8647
2022-08-07 22:30:00,5.1533
2022-08-07 23:00:00,4.6246
2022-08-07 23:30:00,4.0941
2022-08-08 00:00:00,3.635
2022-08-08 00:30:00,2.9803
2022-08-08 01:00:00,2.5671
2022-08-08 01:30:00,2.3029
2022-08-08 02:00:00,2.2209
2022-08-08 02:30:00,2.1832
2022-08-08 03:00:00,2.5013
2022-08-08 03:30:00,3.0987
2022-08-08 04:00:00,4.3098
2022-08-08 04:30:00,6.1228
2022-08-08 05:00:00,10.0633
2022-08-08 05:30:00,13.1476
2022-08-08 06:00:00,14.4789
2022-08-08 06:30:00,13.8058
2022-08-08 07:00:00,13.2312
2022-08-08 07:30:00,13.581
2022-08-08 08:00:00,14.4693
2022-08-08 08:30:00,15.4448
2022-08-08 09:00:00,16.74
2022-08-08 09:30:00,17.3648
2022-08-08 10:00:00,17.6875
2022-08-08 10:30:00,17.7548
2022-08-08 11:00:00,18.663
2022-08-08 11:30:00,18.4457
2022-08-08 12:00:00,18.5272
2022-08-08 12:30:00,18.7701
2022-08-08 13:00:00,19.0563
2022-08-08 13:30:00,19.2732
2022-08-08 14:00:00,19.3204
2022-08-08 14:30:00,19.3814
2022-08-08 15:00:00,19.482
2022-08-08 15:30:00,19.2794
2022-08-08 16:00:00,19.5929
2022-08-08 16:30:00,17.9436
2022-08-08 17:00:00,16.1852
2022-08-08 17:30:00,14.0399
2022-08-08 18:00:00,11.8082
2022-08-08 18:30:00,10.328
2022-08-08 19:00:00,9.2907
2022-08-08 19:30:00,8.2843
2022-08-08 20:00:00,7.6099
2022-08-08 20:30:00,6.9187
2022-08-08 21:00:00,6.3683
2022-08-08 21:30:00,5.8438
2022-08-08 22:00:00,5.2861
2022-08-08 22:30:00,4.8329
2022-08-08 23:00:00,4.4073
2022-08-08 23:30:00,4.0527
2022-08-09 00:00:00,3.6551
2022-08-09 00:30:00,3.2916
2022-08-09 01:00:00,2.8653
2022-08-09 01:30:00,2.5532
2022-08-09 02:00:00,2.2564
2022-08-09 02:30:00,2.2656
2022-08-09 03:00:00,2.4434
2022-08-09 03:30:00,3.7475
2022-08-09 04:00:00,5.1094
2022-08-09 04:30:00,8.0797
2022-08-09 05:00:00,11.3725
2022-08-09 05:30:00,15.3521
2022-08-09 06:00:00,17.8358
2022-08-09 06:30:00,18.4873
2022-08-09 07:00:00,18.9293
2022-08-09 07:30:00,19.5903
2022-08-09 08:00:00,19.9916
2022-08-09 08:30:00,20.2563
2022-08-09 09:00:00,20.635
2022-08-09 09:30:00,20.1256
2022-08-09 10:00:00,21.1436
2022-08-09 10:30:00,21.4941
2022-08-09 11:00:00,21.2492
2022-08-09 11:30:00,21.9477
2022-08-09 12:00:00,21.9136
2022-08-09 12:30:00,21.9564
2022-08-09 13:00:00,22.2033
2022-08-09 13:30:00,22.3828
2022-08-09 14:00:00,22.3972
2022-08-09 14:30:00,22.1562
2022-08-09 15:00:00,22.0218
2022-08-09 15:30:00,21.6789
2022-08-09 16:00:00,21.0818
2022-08-09 16:30:00,20.3202
2022-08-09 17:00:00,18.1925
2022-08-09 17:30:00,15.2779
2022-08-09 18:00:00,12.7916
2022-08-09 18:30:00,10.9832
2022-08-09 19:00:00,9.6854
2022-08-09 19:30:00,8.5175
2022-08-09 20:00:00,7.5925
2022-08-09 20:30:00,6.8646
2022-08-09 21:00:00,6.2743
2022-08-09 21:30:00,5.7513
2022-08-09 22:00:00,5.2497
2022-08-09 22:30:00,4.8818
2022-08-09 23:00:00,4.4083
2022-08-09 23:30:00,4.0474
2022-08-10 00:00:00,3.621
2022-08-10 00:30:00,3.576
2022-08-10 01:00:00,3.2591
2022-08-10 01:30:00,2.9644
2022-08-10 02:00:00,2.7206
2022-08-10 02:30:00,2.6701
2022-08-10 03:00:00,2.7559
2022-08-10 03:30:00,4.0583
2022-08-10 04:00:00,5.3995
2022-08-10 04:30:00,8.5015
2022-08-10 05:00:00,12.3623
2022-08-10 05:30:00,15.5475
2022-08-10 06:00:00,17.61
2022-08-10 06:30:00,18.6684
2022-08-10 07:00:00,19.6872
2022-08-10 07:30:00,20.673
2022-08-10 08:00:00,20.5687
2022-08-10 08:30:00,20.6608
2022-08-10 09:00:00,20.674
2022-08-10 09:30:00,21.2956
2022-08-10 10:00:00,21.7558
2022-08-10 10:30:00,22.529
2022-08-10 11:00:00,22.3506
2022-08-10 11:30:00,22.3707
2022-08-10 12:00:00,22.6803
2022-08-10 12:30:00,22.5186
2022-08-10 13:00:00,22.2691
2022-08-10 13:30:00,22.3599
2022-08-10 14:00:00,21.9338
2022-08-10 14:30:00,21.4552
2022-08-10 15:00:00,21.0311
2022-08-10 15:30:00,21.2934
2022-08-10 16:00:00,20.9855
2022-08-10 16:30:00,20.4725
2022-08-10 17:00:00,19.8188
2022-08-10 17:30:00,19.1247
2022-08-10 18:00:00,18.0791
2022-08-10 18:30:00,17.1644
2022-08-10 19:00:00,16.7412
2022-08-10 19:30:00,16.3147
2022-08-10 20:00:00,15.6275
2022-08-10 20:30:00,15.3245
2022-08-10 21:00:00,15.1911
2022-08-10 21:30:00,15.0706
2022-08-10 22:00:00,15.0293
2022-08-10 22:30:00,14.929
2022-08-10 23:00:00,14.8348
2022-08-10 23:30:00,14.7572
2022-08-11 00:00:00,14.68
2022-08-11 00:30:00,14.9802
2022-08-11 01:00:00,15.0581
2022-08-11 01:30:00,15.06
2022-08-11 02:00:00,15.3584
2022-08-11 02:30:00,15.6166
2022-08-11 03:00:00,15.8514
2022-08-11 03:30:00,16.072
2022-08-11 04:00:00,16.3475
2022-08-11 04:30:00,16.718
2022-08-11 05:00:00,17.2137
2022-08-11 05:30:00,18.3438
2022-08-11 06:00:00,19.2798
2022-08-11 06:30:00,20.2893
2022-08-11 07:00:00,21.0948
2022-08-11 07:30:00,21.7764
2022-08-11 08:00:00,22.4511
2022-08-11 08:30:00,23.2134
2022-08-11 09:00:00,23.5624
2022-08-11 09:30:00,24.0195
2022-08-11 10:00:00,24.524
2022-08-11 10:30:00,24.7986
2022-08-11 11:00:00,24.9776
2022-08-11 11:30:00,25.3769
2022-08-11 12:00:00,24.9785
2022-08-11 12:30:00,25.4391
2022-08-11 13:00:00,25.7546
2022-08-11 13:30:00,25.571
2022-08-11 14:00:00,24.4781
2022-08-11 14:30:00,24.3415
2022-08-11 15:00:00,24.0812
2022-08-11 15:30:00,23.6056
2022-08-11 16:00:00,23.1401
2022-08-11 16:30:00,22.9807
2022-08-11 17:00:00,22.3252
2022-08-11 17:30:00,21.5936
2022-08-11 18:00:00,20.3407
2022-08-11 18:30:00,19.2576
2022-08-11 19:00:00,17.3369
2022-08-11 19:30:00,15.5755
2022-08-11 20:00:00,14.4648
2022-08-11 20:30:00,13.7744
2022-08-11 21:00:00,13.012
2022-08-11 21:30:00,12.5159
2022-08-11 22:00:00,11.8491
2022-08-11 22:30:00,11.2757
2022-08-11 23:00:00,10.8337
2022-08-11 23:30:00,10.221
2022-08-12 00:00:00,9.7011
2022-08-12 00:30:00,9.1351
2022-08-12 01:00:00,8.6552
2022-08-12 01:30:00,8.2119
2022-08-12 02:00:00,8.1118
2022-08-12 02:30:00,8.2833
2022-08-12 03:00:00,8.4105
2022-08-12 03:30:00,9.1643
2022-08-12 04:00:00,10.008
2022-08-12 04:30:00,13.5134
2022-08-12 05:00:00,16.6861
2022-08-12 05:30:00,18.3321
2022-08-12 06:00:00,19.704
2022-08-12 06:30:00,20.8173
2022-08-12 07:00:00,21.2859
2022-08-12 07:30:00,21.6582
2022-08-12 08:00:00,22.134
2022-08-12 08:30:00,22.8992
2022-08-12 09:00:00,23.7131
2022-08-12 09:30:00,24.6023
2022-08-12 10:00:00,25.0253
2022-08-12 10:30:00,25.6816
2022-08-12 11:00:00,25.911
2022-08-12 11:30:00,25.6768
2022-08-12 12:00:00,25.9508
2022-08-12 12:30:00,26.7769
2022-08-12 13:00:00,26.7355
2022-08-12 13:30:00,25.8369
2022-08-12 14:00:00,25.1376
2022-08-12 14:30:00,26.3151
2022-08-12 15:00:00,26.1801
2022-08-12 15:30:00,25.1122
2022-08-12 16:00:00,24.3394
2022-08-12 16:30:00,23.0093
2022-08-12 17:00:00,21.6623
2022-08-12 17:30:00,20.7649
2022-08-12 18:00:00,19.7649
2022-08-12 18:30:00,19.0484
2022-08-12 19:00:00,18.2275
2022-08-12 19:30:00,17.0037
2022-08-12 20:00:00,16.0175
2022-08-12 20:30:00,15.4735
2022-08-12 21:00:00,15.1443
2022-08-12 21:30:00,14.8949
2022-08-12 22:00:00,13.9797
2022-08-12 22:30:00,13.2518
2022-08-12 23:00:00,12.4602
2022-08-12 23:30:00,11.7308
2022-08-13 00:00:00,11.09
2022-08-13 00:30:00,10.5241
2022-08-13 01:00:00,10.0587
2022-08-13 01:30:00,9.6881
2022-08-13 02:00:00,9.4045
2022-08-13 02:30:00,9.2593
2022-08-13 03:00:00,9.3411
2022-08-13 03:30:00,10.0692
2022-08-13 04:00:00,12.7345
2022-08-13 04:30:00,14.688
2022-08-13 05:00:00,16.1617
2022-08-13 05:30:00,17.1305
2022-08-13 06:00:00,17.8593
2022-08-13 06:30:00,18.5367
2022-08-13 07:00:00,19.3426
2022-08-13 07:30:00,19.7556
2022-08-13 08:00:00,20.246
2022-08-13 08:30:00,20.6466
2022-08-13 09:00:00,21.194
2022-08-13 09:30:00,22.0483
2022-08-13 10:00:00,22.241
2022-08-13 10:30:00,22.4034
2022-08-13 11:00:00,22.8815
2022-08-13 11:30:00,23.1359
2022-08-13 12:00:00,23.6471
2022-08-13 12:30:00,23.6006
2022-08-13 13:00:00,24.0227
2022-08-13 13:30:00,24.1978
2022-08-13 14:00:00,24.7287
2022-08-13 14:30:00,24.488
2022-08-13 15:00:00,24.6824
2022-08-13 15:30:00,23.7478
2022-08-13 16:00:00,23.4687
2022-08-13 16:30:00,22.6062
2022-08-13 17:00:00,20.3853
2022-08-13 17:30:00,17.1997
2022-08-13 18:00:00,15.3225
2022-08-13 18:30:00,13.8645
2022-08-13 19:00:00,12.7108
2022-08-13 19:30:00,11.8896
2022-08-13 20:00:00,11.2047
2022-08-13 20:30:00,10.6801
2022-08-13 21:00:00,10.2661
2022-08-13 21:30:00,9.8509
2022-08-13 22:00:00,9.5652
2022-08-13 22:30:00,9.1401
2022-08-13 23:00:00,8.8463
2022-08-13 23:30:00,8.7467
2022-08-14 00:00:00,8.5734
2022-08-14 00:30:00,8.3973
2022-08-14 01:00:00,8.2684
2022-08-14 01:30:00,8.1026
2022-08-14 02:00:00,7.8331
2022-08-14 02:30:00,7.7035
2022-08-14 03:00:00,7.5692
2022-08-14 03:30:00,8.1781
2022-08-14 04:00:00,9.0874
2022-08-14 04:30:00,12.2413
2022-08-14 05:00:00,15.8732
2022-08-14 05:30:00,18.5303
2022-08-14 06:00:00,19.4391
2022-08-14 06:30:00,20.4573
2022-08-14 07:00:00,21.3714
2022-08-14 07:30:00,22.1289
2022-08-14 08:00:00,22.7675
2022-08-14 08:30:00,23.3475
2022-08-14 09:00:00,24.0294
2022-08-14 09:30:00,24.4295
2022-08-14 10:00:00,24.816
2022-08-14 10:30:00,25.239
2022-08-14 11:00:00,25.8798
2022-08-14 11:30:00,26.1543
2022-08-14 12:00:00,26.4655
2022-08-14 12:30:00,26.4646
2022-08-14 13:00:00,26.8713
2022-08-14 13:30:00,26.717
2022-08-14 14:00:00,26.7914
2022-08-14 14:30:00,26.6131
2022-08-14 15:00:00,26.5723
2022-08-14 15:30:00,26.2847
2022-08-14 16:00:00,25.6357
2022-08-14 16:30:00,24.6576
2022-08-14 17:00:00,22.4698
2022-08-14 17:30:00,19.4314
2022-08-14 18:00:00,17.704
2022-08-14 18:30:00,16.0227
2022-08-14 19:00:00,14.6784
2022-08-14 19:30:00,13.3702
2022-08-14 20:00:00,12.1811
2022-08-14 20:30:00,11.2871
2022-08-14 21:00:00,10.5456
2022-08-14 21:30:00,9.5998
2022-08-14 22:00:00,8.8354
2022-08-14 22:30:00,8.2538
2022-08-14 23:00:00,7.7268
2022-08-14 23:30:00,7.3999
2022-08-15 00:00:00,7.2233
2022-08-15 00:30:00,7.0127
2022-08-15 01:00:00,6.7709
2022-08-15 01:30:00,6.5997
2022-08-15 02:00:00,6.3744
2022-08-15 02:30:00,6.2634
2022-08-15 03:00:00,6.3034
2022-08-15 03:30:00,7.1196
2022-08-15 04:00:00,8.0244
2022-08-15 04:30:00,11.0319
2022-08-15 05:00:00,14.131
2022-08-15 05:30:00,17.7084
2022-08-15 06:00:00,20.7596
2022-08-15 06:30:00,21.4537
2022-08-15 07:00:00,22.4174
2022-08-15 07:30:00,23.2595
2022-08-15 08:00:00,23.9377
2022-08-15 08:30:00,24.5799
2022-08-15 09:00:00,24.8649
2022-08-15 09:30:00,25.2124
2022-08-15 10:00:00,25.8084
2022-08-15 10:30:00,26.4136
2022-08-15 11:00:00,26.6057
2022-08-15 11:30:00,26.8343
2022-08-15 12:00:00,26.453
2022-08-15 12:30:00,27.1659
2022-08-15 13:00:00,27.2551
2022-08-15 13:30:00,27.2501
2022-08-15 14:00:00,26.4515
2022-08-15 14:30:00,26.8865
2022-08-15 15:00:00,26.5139
2022-08-15 15:30:00,25.3454
2022-08-15 16:00:00,24.2717
2022-08-15 16:30:00,24.7584
2022-08-15 17:00:00,24.3774
2022-08-15 17:30:00,22.2556
2022-08-15 18:00:00,19.715
2022-08-15 18:30:00,18.3266
2022-08-15 19:00:00,17.2799
2022-08-15 19:30:00,16.5315
2022-08-15 20:00:00,15.7546
2022-08-15 20:30:00,15.228
2022-08-15 21:00:00,14.8134
2022-08-15 21:30:00,14.3381
2022-08-15 22:00:00,13.9926
2022-08-15 22:30:00,13.6594
2022-08-15 23:00:00,13.3532
2022-08-15 23:30:00,13.0427
2022-08-16 00:00:00,12.7198
2022-08-16 00:30:00,12.4643
2022-08-16 01:00:00,12.2331
2022-08-16 01:30:00,12.1137
2022-08-16 02:00:00,11.9039
2022-08-16 02:30:00,11.7534
2022-08-16 03:00:00,11.8271
2022-08-16 03:30:00,12.3038
2022-08-16 04:00:00,13.3268
2022-08-16 04:30:00,16.0282
2022-08-16 05:00:00,19.3387
2022-08-16 05:30:00,22.0683
2022-08-16 06:00:00,23.5425
2022-08-16 06:30:00,24.5128
2022-08-16 07:00:00,24.8707
2022-08-16 07:30:00,25.5414
2022-08-16 08:00:00,26.4228
2022-08-16 08:30:00,27.2175
2022-08-16 09:00:00,27.7327
2022-08-16 09:30:00,28.0686
2022-08-16 10:00:00,28.6069
2022-08-16 10:30:00,28.4772
2022-08-16 11:00:00,27.8979
2022-08-16 11:30:00,29.2855
2022-08-16 12:00:00,28.9953
2022-08-16 12:30:00,27.6136
2022-08-16 13:00:00,27.286351928740526
2022-08-16 13:30:00,27.7067
2022-08-16 14:00:00,28.9204
2022-08-16 14:30:00,28.6909
2022-08-16 15:00:00,27.948
2022-08-16 15:30:00,27.8594
2022-08-16 16:00:00,27.2414
2022-08-16 16:30:00,26.4714
2022-08-16 17:00:00,24.5634
2022-08-16 17:30:00,23.42
2022-08-16 18:00:00,21.2436
2022-08-16 18:30:00,19.5207
2022-08-16 19:00:00,18.1899
2022-08-16 19:30:00,17.1476
2022-08-16 20:00:00,16.3254
2022-08-16 20:30:00,15.6177
2022-08-16 21:00:00,15.0572
2022-08-16 21:30:00,14.6677
2022-08-16 22:00:00,14.1978
2022-08-16 22:30:00,13.7406
2022-08-16 23:00:00,13.4648
2022-08-16 23:30:00,13.422
2022-08-17 00:00:00,13.6197
2022-08-17 00:30:00,13.5644
2022-08-17 01:00:00,13.2819
2022-08-17 01:30:00,13.0592
2022-08-17 02:00:00,12.7502
2022-08-17 02:30:00,12.5051
2022-08-17 03:00:00,12.5323
2022-08-17 03:30:00,13.0933
2022-08-17 04:00:00,14.9788
2022-08-17 04:30:00,17.6635
2022-08-17 05:00:00,20.3537
2022-08-17 05:30:00,21.8691
2022-08-17 06:00:00,23.112
2022-08-17 06:30:00,24.4194
2022-08-17 07:00:00,25.2219
2022-08-17 07:30:00,26.0399
2022-08-17 08:00:00,26.7022
2022-08-17 08:30:00,27.3516
2022-08-17 09:00:00,28.2648
2022-08-17 09:30:00,28.6731
2022-08-17 10:00:00,29.1449
2022-08-17 10:30:00,29.9471
2022-08-17 11:00:00,29.5816
2022-08-17 11:30:00,29.153
2022-08-17 12:00:00,28.7654
2022-08-17 12:30:00,28.0152
2022-08-17 13:00:00,27.6604
2022-08-17 13:30:00,23.1046
2022-08-17 14:00:00,22.4685
2022-08-17 14:30:00,23.0103
2022-08-17 15:00:00,23.5231
2022-08-17 15:30:00,23.3486
2022-08-17 16:00:00,20.4177
2022-08-17 16:30:00,19.9493
2022-08-17 17:00:00,19.8739
2022-08-17 17:30:00,19.6526
2022-08-17 18:00:00,19.1938
2022-08-17 18:30:00,18.5891
2022-08-17 19:00:00,17.7783
2022-08-17 19:30:00,17.3462
2022-08-17 20:00:00,16.9478
2022-08-17 20:30:00,16.7977
2022-08-17 21:00:00,16.5616
2022-08-17 21:30:00,16.1078
2022-08-17 22:00:00,15.846
2022-08-17 22:30:00,13.691712359478604
2022-08-17 23:00:00,13.624300923597966
2022-08-17 23:30:00,13.055048798383693
2022-08-18 00:00:00,12.68054082126904
2022-08-18 00:30:00,11.886583909785974
2022-08-18 01:00:00,11.467134975417562
2022-08-18 01:30:00,11.092626998302908
2022-08-18 02:00:00,11.302351465487114
2022-08-18 02:30:00,11.467134975417562
2022-08-18 03:00:00,11.48960545404444
2022-08-18 03:30:00,12.283562365527507
2022-08-18 04:00:00,12.73297193806509
2022-08-18 04:30:00,12.875284969368659
2022-08-18 05:00:00,13.197361829687262
2022-08-18 05:30:00,13.646771402224845
2022-08-18 06:00:00,14.133631772473896
2022-08-18 06:30:00,14.583041345011479
2022-08-18 07:00:00,15.16727378931034
2022-08-18 07:30:00,16.103543732096973
2022-08-18 08:00:00,17.27200862069469
2022-08-18 08:30:00,18.021024574924
2022-08-18 09:00:00,18.118396648973807
2022-08-18 09:30:00,18.53784558334222
2022-08-18 10:00:00,19.70631047193994
2022-08-18 10:30:00,20.41038546891549
2022-08-18 11:00:00,20.8298344032839
2022-08-18 11:30:00,21.578850357513208
2022-08-18 12:00:00,21.48896844300569
2022-08-18 12:30:00,22.53759077892672
2022-08-18 13:00:00,22.208023759065824
2022-08-18 13:30:00,22.724844767484047
2022-08-18 14:00:00,23.38397880720584
2022-08-18 14:30:00,22.889628277414495
2022-08-18 15:00:00,22.844687320160737
2022-08-18 15:30:00,22.912098756041374
2022-08-18 16:00:00,23.428919764459597
2022-08-18 16:30:00,23.73601630569361
2022-08-18 17:00:00,22.51512030029984
2022-08-18 17:30:00,22.140612323185188
2022-08-18 18:00:00,20.85230488191078
2022-08-18 18:30:00,19.077137070387323
2022-08-18 19:00:00,18.275689999361962
2022-08-18 19:30:00,17.788829629112914
2022-08-18 20:00:00,16.73271713364959
2022-08-18 20:30:00,15.541781766424993
2022-08-18 21:00:00,14.530610228215428
2022-08-18 21:30:00,13.736653316732362
2022-08-18 22:00:00,13.152420872433503
2022-08-18 22:30:00,13.90143682666281
2022-08-18 23:00:00,14.41825783508103
2022-08-18 23:30:00,14.583041345011479
2022-08-19 00:00:00,14.695393738145876
2022-08-19 00:30:00,14.605511823638357
2022-08-19 01:00:00,14.156102251100775
2022-08-19 01:30:00,14.021279379339498
2022-08-19 02:00:00,13.33967486099083
2022-08-19 02:30:00,12.71050145943821
2022-08-19 03:00:00,12.875284969368659
2022-08-19 03:30:00,12.68054082126904
2022-08-19 04:00:00,13.055048798383693
2022-08-19 04:30:00,13.384615818244589
2022-08-19 05:00:00,13.010107841129935
2022-08-19 05:30:00,12.613129385388401
2022-08-19 06:00:00,13.085009436552864
2022-08-19 06:30:00,14.50813974958855
2022-08-19 07:00:00,16.403150113788694
2022-08-19 07:30:00,17.668987076436224
2022-08-19 08:00:00,18.49290462608846
2022-08-19 08:30:00,19.241920580317768
2022-08-19 09:00:00,20.575168978845937
2022-08-19 09:30:00,21.811045303324292
2022-08-19 10:00:00,21.721163388816777
2022-08-19 10:30:00,23.451390243086475
2022-08-19 11:00:00,24.904481194291332
2022-08-19 11:30:00,23.915780134708648
2022-08-19 12:00:00,25.03930406605261
2022-08-19 12:30:00,25.98306416838153
2022-08-19 13:00:00,26.117887040142808
2022-08-19 13:30:00,24.34271922861935
2022-08-19 14:00:00,21.908417377374104
2022-08-19 14:30:00,17.227067663440934
2022-08-19 15:00:00,19.84862350324351
2022-08-19 15:30:00,20.70999185060721
2022-08-19 16:00:00,21.885946898747225
2022-08-19 16:30:00,22.237984397234996
2022-08-19 17:00:00,21.48896844300569
2022-08-19 17:30:00,19.751251429193697
2022-08-19 18:00:00,18.814981486407063
2022-08-19 18:30:00,18.208278563481326
2022-08-19 19:00:00,17.71392803368998
2022-08-19 19:30:00,17.039813674883607
2022-08-19 20:00:00,16.335738677908058
2022-08-19 20:30:00,15.631663680932508
2022-08-19 21:00:00,15.212214746564097
2022-08-19 21:30:00,14.905118205330082
2022-08-19 22:00:00,14.837706769449444
2022-08-19 22:30:00,15.376998256494543
2022-08-19 23:00:00,15.496840809171234
2022-08-19 23:30:00,15.279626182444735
2022-08-20 00:00:00,15.676604638186268
2022-08-20 00:30:00,15.02496075800677
2022-08-20 01:00:00,14.41825783508103
2022-08-20 01:30:00,13.736653316732362
2022-08-20 02:00:00,13.272263425110191
2022-08-20 02:30:00,12.920225926622416
2022-08-20 03:00:00,12.545717949507763
2022-08-20 03:30:00,12.028896941089542
2022-08-20 04:00:00,11.5345464112982
2022-08-20 04:30:00,11.257410508233356
2022-08-20 05:00:00,11.182508912810425
2022-08-20 05:30:00,11.5345464112982
2022-08-20 06:00:00,12.987637362503055
2022-08-20 06:30:00,14.792765812195684
2022-08-20 07:00:00,15.818917669489835
2022-08-20 07:30:00,16.500522187838502
2022-08-20 08:00:00,17.20459718481405
2022-08-20 08:30:00,17.788829629112914
2022-08-20 09:00:00,18.605257019222858
2022-08-20 09:30:00,19.61642855743242
2022-08-20 10:00:00,20.68752137198033
2022-08-20 10:30:00,21.114460465891035
2022-08-20 11:00:00,22.04324024913538
2022-08-20 11:30:00,22.747315246110926
2022-08-20 12:00:00,23.73601630569361
2022-08-20 12:30:00,24.200406197315782
2022-08-20 13:00:00,24.26781763319642
2022-08-20 13:30:00,24.664796088937955
2022-08-20 14:00:00,23.12182322322558
2022-08-20 14:30:00,22.04324024913538
2022-08-20 15:00:00,23.21919529727539
2022-08-20 15:30:00,22.09567136593143
2022-08-20 16:00:00,21.294224294906073
2022-08-20 16:30:00,20.97214743458747
2022-08-20 17:00:00,21.41406684758276
2022-08-20 17:30:00,20.8298344032839
2022-08-20 18:00:00,19.16701898489484
2022-08-20 18:30:00,19.189489463521717
2022-08-20 19:00:00,18.29816047798884
2022-08-20 19:30:00,17.624046119182463
2022-08-20 20:00:00,17.107225110764244
2022-08-20 20:30:00,16.24585676340054
2022-08-20 21:00:00,15.279626182444735
2022-08-20 21:30:00,15.144803310683459
2022-08-20 22:00:00,14.650452780892117
2022-08-20 22:30:00,14.770295333568805
2022-08-20 23:00:00,14.320885761031223
2022-08-20 23:30:00,14.650452780892117
2022-08-21 00:00:00,14.92758868395696
2022-08-21 00:30:00,13.87896634803593
2022-08-21 01:00:00,13.29473390373707
2022-08-21 01:30:00,12.965166883876176
2022-08-21 02:00:00,12.545717949507763
2022-08-21 02:30:00,12.283562365527507
2022-08-21 03:00:00,12.523247470880884
2022-08-21 03:30:00,12.380934439577317
2022-08-21 04:00:00,12.028896941089542
2022-08-21 04:30:00,11.886583909785974
2022-08-21 05:00:00,11.467134975417562
2022-08-21 05:30:00,13.010107841129935
2022-08-21 06:00:00,14.320885761031223
2022-08-21 06:30:00,14.695393738145876
2022-08-21 07:00:00,15.496840809171234
2022-08-21 07:30:00,17.084754632137365
2022-08-21 08:00:00,17.20459718481405
2022-08-21 08:30:00,17.646516597809345
2022-08-21 09:00:00,18.58278654059598
2022-08-21 09:30:00,19.474115526128855
2022-08-21 10:00:00,20.365444511661728
2022-08-21 10:30:00,20.70999185060721
2022-08-21 11:00:00,21.159401423144796
2022-08-21 11:30:00,21.668732272020726
2022-08-21 12:00:00,21.017088391841227
2022-08-21 12:30:00,22.140612323185188
2022-08-21 13:00:00,21.908417377374104
2022-08-21 13:30:00,22.09567136593143
2022-08-21 14:00:00,22.447708864419205
2022-08-21 14:30:00,22.020769770508497
2022-08-21 15:00:00,21.41406684758276
2022-08-21 15:30:00,21.721163388816777
2022-08-21 16:00:00,20.620109936099695
2022-08-21 16:30:00,20.14822988493523
2022-08-21 17:00:00,19.211959942148596
2022-08-21 17:30:00,19.496586004755734
2022-08-21 18:00:00,18.814981486407063
2022-08-21 18:30:00,17.601575640555588
2022-08-21 19:00:00,16.478051709211627
2022-08-21 19:30:00,15.676604638186268
2022-08-21 20:00:00,15.069901715260528
2022-08-21 20:30:00,14.792765812195684
2022-08-21 21:00:00,14.770295333568805
2022-08-21 21:30:00,14.770295333568805
2022-08-21 22:00:00,14.440728313707911
2022-08-21 22:30:00,14.178572729727653
2022-08-21 23:00:00,14.088690815220136
2022-08-21 23:30:00,13.99880890071262
2022-08-22 00:00:00,14.178572729727653
2022-08-22 00:30:00,14.553080706842307
2022-08-22 01:00:00,14.695393738145876
2022-08-22 01:30:00,14.650452780892117
2022-08-22 02:00:00,14.695393738145876
2022-08-22 02:30:00,14.747824854941927
2022-08-22 03:00:00,14.770295333568805
2022-08-22 03:30:00,14.882647726703201
2022-08-22 04:00:00,14.980019800753013
2022-08-22 04:30:00,15.02496075800677
2022-08-22 05:00:00,15.092372193887408
2022-08-22 05:30:00,15.234685225190978
2022-08-22 06:00:00,15.421939213748304
2022-08-22 06:30:00,15.654134159559389
2022-08-22 07:00:00,15.676604638186268
2022-08-22 07:30:00,15.676604638186268
2022-08-22 08:00:00,14.860177248076324
2022-08-22 08:30:00,14.133631772473896
2022-08-22 09:00:00,13.384615818244589
2022-08-22 09:30:00,13.010107841129935
2022-08-22 10:00:00,13.549399328175035
2022-08-22 10:30:00,14.275944803777463
2022-08-22 11:00:00,15.541781766424993
2022-08-22 11:30:00,16.215896125231367
2022-08-22 12:00:00,17.97608361767024
2022-08-22 12:30:00,18.275689999361962
2022-08-22 13:00:00,19.990936534547075
2022-08-22 13:30:00,20.14822988493523
2022-08-22 14:00:00,19.638899036059303
2022-08-22 14:30:00,19.12207802764108
2022-08-22 15:00:00,20.575168978845937
2022-08-22 15:30:00,20.12575940630835
2022-08-22 16:00:00,20.058347970427715
2022-08-22 16:30:00,20.26807243761192
2022-08-22 17:00:00,18.747570050526424
2022-08-22 17:30:00,17.152166068018
2022-08-22 18:00:00,17.646516597809345
2022-08-22 18:30:00,16.620364740515193
2022-08-22 19:00:00,15.541781766424993
2022-08-22 19:30:00,15.092372193887408
2022-08-22 20:00:00,14.231003846523704
2022-08-22 20:30:00,12.845324331199487
2022-08-22 21:00:00,11.864113431159094
2022-08-22 21:30:00,10.837961573864943
2022-08-22 22:00:00,10.156357055516274
2022-08-22 22:30:00,10.014044024212705
2022-08-22 23:00:00,10.3436110440736
2022-08-22 23:30:00,10.088945619635636
2022-08-23 00:00:00,9.549654132590534
2022-08-23 00:30:00,8.56095307300785
2022-08-23 01:00:00,8.006681266878163
2022-08-23 01:30:00,7.602212651594336
2022-08-23 02:00:00,7.579742172967457
2022-08-23 02:30:00,7.534801215713699
2022-08-23 03:00:00,7.115352281345286
2022-08-23 03:30:00,6.665942708807703
2022-08-23 04:00:00,6.313905210319929
2022-08-23 04:30:00,6.2464937744392905
2022-08-23 05:00:00,6.83072621873815
2022-08-23 05:30:00,7.39248818441013
2022-08-23 06:00:00,8.590913711177022
2022-08-23 06:30:00,9.572124611217415
2022-08-23 07:00:00,11.115097476929787
2022-08-23 07:30:00,12.500776992254005
2022-08-23 08:00:00,13.90143682666281
2022-08-23 08:30:00,21.1013
2022-08-23 09:00:00,21.3923
2022-08-23 09:30:00,21.4977
2022-08-23 10:00:00,21.9763
2022-08-23 10:30:00,22.0836
2022-08-23 11:00:00,21.8183
2022-08-23 11:30:00,21.6948
2022-08-23 12:00:00,21.7871
2022-08-23 12:30:00,21.8295
2022-08-23 13:00:00,21.9644
2022-08-23 13:30:00,22.1831
2022-08-23 14:00:00,21.5969
2022-08-23 14:30:00,21.2697
2022-08-23 15:00:00,20.7184
2022-08-23 15:30:00,20.3206
2022-08-23 16:00:00,19.8072
2022-08-23 16:30:00,19.3513
2022-08-23 17:00:00,18.9321
2022-08-23 17:30:00,18.3414
2022-08-23 18:00:00,17.9354
2022-08-23 18:30:00,18.0487
2022-08-23 19:00:00,17.1758
2022-08-23 19:30:00,16.2608
2022-08-23 20:00:00,15.6098
2022-08-23 20:30:00,15.1349
2022-08-23 21:00:00,14.9906
2022-08-23 21:30:00,14.6463
2022-08-23 22:00:00,14.436
2022-08-23 22:30:00,14.8386
2022-08-23 23:00:00,15.0199
2022-08-23 23:30:00,15.5606
2022-08-24 00:00:00,16.8437
2022-08-24 00:30:00,16.833
2022-08-24 01:00:00,16.7641
2022-08-24 01:30:00,16.8743
2022-08-24 02:00:00,17.1732
2022-08-24 02:30:00,17.0705
2022-08-24 03:00:00,17.0087
2022-08-24 03:30:00,17.0258
2022-08-24 04:00:00,17.2213
2022-08-24 04:30:00,17.4985
2022-08-24 05:00:00,18.0289
2022-08-24 05:30:00,18.5392
2022-08-24 06:00:00,18.5616
2022-08-24 06:30:00,18.9527
2022-08-24 07:00:00,19.7183
2022-08-24 07:30:00,20.291
2022-08-24 08:00:00,21.3531
2022-08-24 08:30:00,22.5165
2022-08-24 09:00:00,22.8298
2022-08-24 09:30:00,23.5827
2022-08-24 10:00:00,23.617
2022-08-24 10:30:00,22.9826
2022-08-24 11:00:00,22.8605
2022-08-24 11:30:00,22.2528
2022-08-24 12:00:00,20.7659
2022-08-24 12:30:00,19.8741
2022-08-24 13:00:00,19.9856
2022-08-24 13:30:00,20.2979
2022-08-24 14:00:00,20.1181
2022-08-24 14:30:00,19.6429
2022-08-24 15:00:00,18.7877
2022-08-24 15:30:00,18.7589
2022-08-24 16:00:00,18.5636
2022-08-24 16:30:00,18.0907
2022-08-24 17:00:00,17.5098
2022-08-24 17:30:00,17.0626
2022-08-24 18:00:00,16.8055
2022-08-24 18:30:00,16.4332
2022-08-24 19:00:00,16.1837
2022-08-24 19:30:00,15.9453
2022-08-24 20:00:00,15.6855
2022-08-24 20:30:00,15.5386
2022-08-24 21:00:00,15.4049
2022-08-24 21:30:00,15.2838
2022-08-24 22:00:00,15.1112
2022-08-24 22:30:00,14.9976
2022-08-24 23:00:00,14.9801
2022-08-24 23:30:00,14.7693
2022-08-25 00:00:00,14.5471
2022-08-25 00:30:00,14.4354
2022-08-25 01:00:00,14.2902
2022-08-25 01:30:00,14.032
2022-08-25 02:00:00,13.8929
2022-08-25 02:30:00,13.7418
2022-08-25 03:00:00,13.678
2022-08-25 03:30:00,13.5206
2022-08-25 04:00:00,13.3421
2022-08-25 04:30:00,13.2442
2022-08-25 05:00:00,13.0097
2022-08-25 05:30:00,12.8381
2022-08-25 06:00:00,12.9176
2022-08-25 06:30:00,13.1215
2022-08-25 07:00:00,13.201
2022-08-25 07:30:00,13.585
2022-08-25 08:00:00,13.7548
2022-08-25 08:30:00,13.9896
2022-08-25 09:00:00,14.2847
2022-08-25 09:30:00,14.8412
2022-08-25 10:00:00,15.8765
2022-08-25 10:30:00,16.5811
2022-08-25 11:00:00,17.5268
2022-08-25 11:30:00,18.0033
2022-08-25 12:00:00,18.079
2022-08-25 12:30:00,18.5867
2022-08-25 13:00:00,18.9935
2022-08-25 13:30:00,18.8955
2022-08-25 14:00:00,18.527
2022-08-25 14:30:00,18.7762
2022-08-25 15:00:00,18.6289
2022-08-25 15:30:00,18.3191
2022-08-25 16:00:00,18.0431
2022-08-25 16:30:00,17.2037
2022-08-25 17:00:00,14.8241
2022-08-25 17:30:00,13.2523
2022-08-25 18:00:00,12.1323
2022-08-25 18:30:00,11.1876
2022-08-25 19:00:00,10.3317
2022-08-25 19:30:00,9.6234
2022-08-25 20:00:00,8.9886
2022-08-25 20:30:00,8.4395
2022-08-25 21:00:00,7.9156
2022-08-25 21:30:00,7.4892
2022-08-25 22:00:00,6.9904
2022-08-25 22:30:00,6.5808
2022-08-25 23:00:00,6.2666
2022-08-25 23:30:00,5.881
2022-08-26 00:00:00,5.5577
2022-08-26 00:30:00,5.2291
2022-08-26 01:00:00,4.8494
2022-08-26 01:30:00,4.7577
2022-08-26 02:00:00,4.7222
2022-08-26 02:30:00,4.584
2022-08-26 03:00:00,4.5279
2022-08-26 03:30:00,4.7393
2022-08-26 04:00:00,5.5014
2022-08-26 04:30:00,6.8013
2022-08-26 05:00:00,9.1013
2022-08-26 05:30:00,5.385125427075588
2022-08-26 06:00:00,6.268964253066169
2022-08-26 06:30:00,7.0928818027184075
2022-08-26 07:00:00,7.811937118778543
2022-08-26 07:30:00,9.17514615547588
2022-08-26 08:00:00,11.512075932671321
2022-08-26 08:30:00,18.7937
2022-08-26 09:00:00,18.4396
2022-08-26 09:30:00,18.1569
2022-08-26 10:00:00,18.4713
2022-08-26 10:30:00,18.608
2022-08-26 11:00:00,18.8034
2022-08-26 11:30:00,19.2903
2022-08-26 12:00:00,19.7812
2022-08-26 12:30:00,19.8439
2022-08-26 13:00:00,20.14
2022-08-26 13:30:00,19.6533
2022-08-26 14:00:00,19.1493
2022-08-26 14:30:00,18.751
2022-08-26 15:00:00,18.2795
2022-08-26 15:30:00,17.6837
2022-08-26 16:00:00,17.304
2022-08-26 16:30:00,16.8685
2022-08-26 17:00:00,16.4132
2022-08-26 17:30:00,15.9712
2022-08-26 18:00:00,15.619
2022-08-26 18:30:00,15.3492
2022-08-26 19:00:00,15.1053
2022-08-26 19:30:00,14.9693
2022-08-26 20:00:00,14.898
2022-08-26 20:30:00,14.6967
2022-08-26 21:00:00,14.7633
2022-08-26 21:30:00,14.3697
2022-08-26 22:00:00,14.2524
2022-08-26 22:30:00,14.192
2022-08-26 23:00:00,14.1309
2022-08-26 23:30:00,14.1146
2022-08-27 00:00:00,14.0968
2022-08-27 00:30:00,14.0525
2022-08-27 01:00:00,13.9134
2022-08-27 01:30:00,13.5638
2022-08-27 02:00:00,12.9722
2022-08-27 02:30:00,12.8438
2022-08-27 03:00:00,13.0183
2022-08-27 03:30:00,13.1065
2022-08-27 04:00:00,13.5362
2022-08-27 04:30:00,14.6413
2022-08-27 05:00:00,16.3628
2022-08-27 05:30:00,16.9851
2022-08-27 06:00:00,18.247
2022-08-27 06:30:00,18.8441
2022-08-27 07:00:00,19.6875
2022-08-27 07:30:00,19.9169
2022-08-27 08:00:00,19.8812
2022-08-27 08:30:00,20.3024
2022-08-27 09:00:00,21.1013
2022-08-27 09:30:00,21.9277
2022-08-27 10:00:00,22.3624
2022-08-27 10:30:00,22.603
2022-08-27 11:00:00,23.1412
2022-08-27 11:30:00,23.6194
2022-08-27 12:00:00,23.829
2022-08-27 12:30:00,24.2274
2022-08-27 13:00:00,24.625
2022-08-27 13:30:00,24.6832
2022-08-27 14:00:00,24.5775
2022-08-27 14:30:00,24.8558
2022-08-27 15:00:00,24.4218
2022-08-27 15:30:00,24.021
2022-08-27 16:00:00,22.4308
2022-08-27 16:30:00,19.9411
2022-08-27 17:00:00,18.0837
2022-08-27 17:30:00,16.7791
2022-08-27 18:00:00,15.7359
2022-08-27 18:30:00,14.8428
2022-08-27 19:00:00,14.2636
2022-08-27 19:30:00,13.7708
2022-08-27 20:00:00,13.2677
2022-08-27 20:30:00,13.0583
2022-08-27 21:00:00,13.0895
2022-08-27 21:30:00,12.981
2022-08-27 22:00:00,12.9035
2022-08-27 22:30:00,12.7456
2022-08-27 23:00:00,12.7404
2022-08-27 23:30:00,12.7958
2022-08-28 00:00:00,12.5986
2022-08-28 00:30:00,12.1885
2022-08-28 01:00:00,11.9135
2022-08-28 01:30:00,11.471
2022-08-28 02:00:00,11.0092
2022-08-28 02:30:00,10.5273
2022-08-28 03:00:00,10.1054
2022-08-28 03:30:00,9.9307
2022-08-28 04:00:00,10.2437
2022-08-28 04:30:00,11.0897
2022-08-28 05:00:00,12.5518
2022-08-28 05:30:00,15.1283
2022-08-28 06:00:00,17.6739
2022-08-28 06:30:00,18.6
2022-08-28 07:00:00,19.5117
2022-08-28 07:30:00,20.1505
2022-08-28 08:00:00,20.8652
2022-08-28 08:30:00,21.3533
2022-08-28 09:00:00,21.927
2022-08-28 09:30:00,22.3477
2022-08-28 10:00:00,21.7792
2022-08-28 10:30:00,22.8689
2022-08-28 11:00:00,22.8995
2022-08-28 11:30:00,22.8811
2022-08-28 12:00:00,22.1695
2022-08-28 12:30:00,22.5262
2022-08-28 13:00:00,21.6038
2022-08-28 13:30:00,21.8169
2022-08-28 14:00:00,21.3174
2022-08-28 14:30:00,20.6791
2022-08-28 15:00:00,20.4855
2022-08-28 15:30:00,19.7602
2022-08-28 16:00:00,18.9972
2022-08-28 16:30:00,18.236
2022-08-28 17:00:00,17.2184
2022-08-28 17:30:00,16.3933
2022-08-28 18:00:00,15.5727
2022-08-28 18:30:00,14.8101
2022-08-28 19:00:00,14.2222
2022-08-28 19:30:00,13.4809
2022-08-28 20:00:00,13.2143
2022-08-28 20:30:00,14.0279
2022-08-28 21:00:00,13.67
2022-08-28 21:30:00,13.6573
2022-08-28 22:00:00,13.9097
2022-08-28 22:30:00,14.0554
2022-08-28 23:00:00,14.1157
2022-08-28 23:30:00,14.2054
2022-08-29 00:00:00,14.2747
2022-08-29 00:30:00,14.0967
2022-08-29 01:00:00,14.121
2022-08-29 01:30:00,13.9049
2022-08-29 02:00:00,13.4582
2022-08-29 02:30:00,13.0393
2022-08-29 03:00:00,12.6637
2022-08-29 03:30:00,12.1115
2022-08-29 04:00:00,11.8096
2022-08-29 04:30:00,11.6713
2022-08-29 05:00:00,11.6105
2022-08-29 05:30:00,11.6672
2022-08-29 06:00:00,11.7194
2022-08-29 06:30:00,11.6745
2022-08-29 07:00:00,11.4658
2022-08-29 07:30:00,11.2554
2022-08-29 08:00:00,11.2815
2022-08-29 08:30:00,11.5751
2022-08-29 09:00:00,11.5542
2022-08-29 09:30:00,12.1877
2022-08-29 10:00:00,12.9207
2022-08-29 10:30:00,12.9025
2022-08-29 11:00:00,13.4918
2022-08-29 11:30:00,14.4161
2022-08-29 12:00:00,14.8344
2022-08-29 12:30:00,15.3883
2022-08-29 13:00:00,16.2794
2022-08-29 13:30:00,16.4898
2022-08-29 14:00:00,16.1181
2022-08-29 14:30:00,16.5667
2022-08-29 15:00:00,16.6306
2022-08-29 15:30:00,16.1018
2022-08-29 16:00:00,15.5477
2022-08-29 16:30:00,13.6119
2022-08-29 17:00:00,11.3282
2022-08-29 17:30:00,10.0956
2022-08-29 18:00:00,9.0896
2022-08-29 18:30:00,8.1907
2022-08-29 19:00:00,7.4229
2022-08-29 19:30:00,6.8351
2022-08-29 20:00:00,6.2152
2022-08-29 20:30:00,5.6941
2022-08-29 21:00:00,5.153
2022-08-29 21:30:00,4.6649
2022-08-29 22:00:00,4.5433
2022-08-29 22:30:00,4.3966
2022-08-29 23:00:00,4.1604
2022-08-29 23:30:00,3.9765
2022-08-30 00:00:00,3.7869
2022-08-30 00:30:00,3.5622
2022-08-30 01:00:00,3.4818
2022-08-30 01:30:00,3.3307
2022-08-30 02:00:00,3.1093
2022-08-30 02:30:00,3.4039
2022-08-30 03:00:00,3.6668
2022-08-30 03:30:00,3.7507
2022-08-30 04:00:00,4.1091
2022-08-30 04:30:00,4.9552
2022-08-30 05:00:00,6.6272
2022-08-30 05:30:00,8.5606
2022-08-30 06:00:00,10.3586
2022-08-30 06:30:00,13.4226
2022-08-30 07:00:00,14.2425
2022-08-30 07:30:00,14.4972
2022-08-30 08:00:00,14.7855
2022-08-30 08:30:00,15.2693
2022-08-30 09:00:00,15.5308
2022-08-30 09:30:00,15.4976
2022-08-30 10:00:00,16.6789
2022-08-30 10:30:00,16.5506
2022-08-30 11:00:00,15.7741
2022-08-30 11:30:00,16.7728
2022-08-30 12:00:00,17.2002
2022-08-30 12:30:00,16.6295
2022-08-30 13:00:00,16.2877
2022-08-30 13:30:00,15.6622
2022-08-30 14:00:00,14.9265
2022-08-30 14:30:00,14.1321
2022-08-30 15:00:00,14.0765
2022-08-30 15:30:00,12.9039
2022-08-30 16:00:00,12.5759
2022-08-30 16:30:00,12.5362
2022-08-30 17:00:00,11.8815
2022-08-30 17:30:00,11.2325
2022-08-30 18:00:00,10.2919
2022-08-30 18:30:00,9.5491
2022-08-30 19:00:00,8.5806
2022-08-30 19:30:00,9.4244
2022-08-30 20:00:00,9.7988
2022-08-30 20:30:00,9.0232
2022-08-30 21:00:00,9.5512
2022-08-30 21:30:00,9.6825
2022-08-30 22:00:00,9.5259
2022-08-30 22:30:00,9.0442
2022-08-30 23:00:00,8.8054
2022-08-30 23:30:00,8.2727
2022-08-31 00:00:00,8.0308
2022-08-31 00:30:00,7.7304
2022-08-31 01:00:00,7.4868
2022-08-31 01:30:00,7.4133
2022-08-31 02:00:00,7.1787
2022-08-31 02:30:00,6.8552
2022-08-31 03:00:00,6.5459
2022-08-31 03:30:00,6.4266
2022-08-31 04:00:00,6.4263
2022-08-31 04:30:00,6.4984
2022-08-31 05:00:00,6.6604
2022-08-31 05:30:00,6.8063
2022-08-31 06:00:00,7.3259
2022-08-31 06:30:00,7.5008
2022-08-31 07:00:00,8.1877
2022-08-31 07:30:00,8.3838
2022-08-31 08:00:00,8.3307
2022-08-31 08:30:00,9.0187
2022-08-31 09:00:00,9.1577
2022-08-31 09:30:00,10.086
2022-08-31 10:00:00,9.5471
2022-08-31 10:30:00,9.2179
2022-08-31 11:00:00,9.5909
2022-08-31 11:30:00,10.5425
2022-08-31 12:00:00,10.5785
2022-08-31 12:30:00,11.231
2022-08-31 13:00:00,10.8536
2022-08-31 13:30:00,10.7417
2022-08-31 14:00:00,10.619
2022-08-31 14:30:00,9.5444
2022-08-31 15:00:00,7.7448
2022-08-31 15:30:00,8.0262
2022-08-31 16:00:00,8.3268
2022-08-31 16:30:00,8.388
2022-08-31 17:00:00,8.1431
2022-08-31 17:30:00,7.6648
2022-08-31 18:00:00,7.0815
2022-08-31 18:30:00,6.4425
2022-08-31 19:00:00,6.1815
2022-08-31 19:30:00,6.0102
2022-08-31 20:00:00,5.3922
2022-08-31 20:30:00,4.9573
2022-08-31 21:00:00,4.9528
2022-08-31 21:30:00,4.8457
2022-08-31 22:00:00,4.9027
2022-08-31 22:30:00,4.8999
2022-08-31 23:00:00,4.928
2022-08-31 23:30:00,4.6963
2022-09-01 00:00:00,4.722
2022-09-01 00:30:00,4.5481
2022-09-01 01:00:00,4.3771
2022-09-01 01:30:00,4.3284
2022-09-01 02:00:00,4.2057
2022-09-01 02:30:00,4.0523
2022-09-01 03:00:00,4.1509
2022-09-01 03:30:00,4.4353
2022-09-01 04:00:00,4.3814
2022-09-01 04:30:00,4.889
2022-09-01 05:00:00,6.4904
2022-09-01 05:30:00,7.6116
2022-09-01 06:00:00,8.4067
2022-09-01 06:30:00,8.7101
2022-09-01 07:00:00,9.3517
2022-09-01 07:30:00,9.6782
2022-09-01 08:00:00,9.9986
2022-09-01 08:30:00,10.6933
2022-09-01 09:00:00,11.3789
2022-09-01 09:30:00,11.8945
2022-09-01 10:00:00,12.3075
2022-09-01 10:30:00,12.392
2022-09-01 11:00:00,12.726
2022-09-01 11:30:00,11.9689
2022-09-01 12:00:00,12.1223
2022-09-01 12:30:00,12.1787
2022-09-01 13:00:00,12.5843
2022-09-01 13:30:00,12.6578
2022-09-01 14:00:00,11.8872
2022-09-01 14:30:00,11.5611
2022-09-01 15:00:00,10.9011
2022-09-01 15:30:00,10.0512
2022-09-01 16:00:00,9.862
2022-09-01 16:30:00,9.3378
2022-09-01 17:00:00,8.244
2022-09-01 17:30:00,7.2269
2022-09-01 18:00:00,6.0287
2022-09-01 18:30:00,4.7988
2022-09-01 19:00:00,3.6535
2022-09-01 19:30:00,3.2053
2022-09-01 20:00:00,3.9507
2022-09-01 20:30:00,4.381
2022-09-01 21:00:00,4.6104
2022-09-01 21:30:00,4.3702
2022-09-01 22:00:00,3.7464
2022-09-01 22:30:00,3.5924
2022-09-01 23:00:00,3.5687
2022-09-01 23:30:00,2.2467485788547905
2022-09-02 00:00:00,3.2728
2022-09-02 00:30:00,2.8434
2022-09-02 01:00:00,2.2327
2022-09-02 01:30:00,1.8661
2022-09-02 02:00:00,1.9769
2022-09-02 02:30:00,2.0485
2022-09-02 03:00:00,1.3383
2022-09-02 03:30:00,1.1395
2022-09-02 04:00:00,1.0957
2022-09-02 04:30:00,3.1001
2022-09-02 05:00:00,4.5941
2022-09-02 05:30:00,5.8342
2022-09-02 06:00:00,6.6309
2022-09-02 06:30:00,8.3478
2022-09-02 07:00:00,8.6751
2022-09-02 07:30:00,9.8066
2022-09-02 08:00:00,10.3032
2022-09-02 08:30:00,10.2337
2022-09-02 09:00:00,10.8457
2022-09-02 09:30:00,10.8656
2022-09-02 10:00:00,11.0562
2022-09-02 10:30:00,10.8703
2022-09-02 11:00:00,10.8726
2022-09-02 11:30:00,10.7797
2022-09-02 12:00:00,11.3704
2022-09-02 12:30:00,11.4711
2022-09-02 13:00:00,11.5553
2022-09-02 13:30:00,10.3164
2022-09-02 14:00:00,10.1636
2022-09-02 14:30:00,11.0715
2022-09-02 15:00:00,10.9173
2022-09-02 15:30:00,10.1941
2022-09-02 16:00:00,9.5684
2022-09-02 16:30:00,8.0261
2022-09-02 17:00:00,6.23
2022-09-02 17:30:00,4.3714
2022-09-02 18:00:00,2.989
2022-09-02 18:30:00,2.0784
2022-09-02 19:00:00,1.4422
2022-09-02 19:30:00,1.0074
2022-09-02 20:00:00,0.6272
2022-09-02 20:30:00,0.2964
2022-09-02 21:00:00,-0.4094
2022-09-02 21:30:00,-0.6584
2022-09-02 22:00:00,-0.9914
2022-09-02 22:30:00,-0.9753
2022-09-02 23:00:00,-1.1056
2022-09-02 23:30:00,-1.0697
2022-09-03 00:00:00,-1.0473
2022-09-03 00:30:00,-0.9762
2022-09-03 01:00:00,-0.6769
2022-09-03 01:30:00,-0.3828
2022-09-03 02:00:00,-0.0571
2022-09-03 02:30:00,-0.1046
2022-09-03 03:00:00,-0.0622
2022-09-03 03:30:00,0.3018
2022-09-03 04:00:00,1.8396
2022-09-03 04:30:00,3.2883
2022-09-03 05:00:00,4.7099
2022-09-03 05:30:00,5.7499
2022-09-03 06:00:00,6.7597
2022-09-03 06:30:00,7.3739
2022-09-03 07:00:00,7.0844
2022-09-03 07:30:00,7.3027
2022-09-03 08:00:00,7.4612
2022-09-03 08:30:00,8.0649
2022-09-03 09:00:00,8.7353
2022-09-03 09:30:00,9.0092
2022-09-03 10:00:00,9.2019
2022-09-03 10:30:00,9.6976
2022-09-03 11:00:00,9.9292
2022-09-03 11:30:00,10.1545
2022-09-03 12:00:00,10.5372
2022-09-03 12:30:00,10.5323
2022-09-03 13:00:00,10.3964
2022-09-03 13:30:00,10.5321
2022-09-03 14:00:00,10.9114
2022-09-03 14:30:00,11.3849
2022-09-03 15:00:00,11.2568
2022-09-03 15:30:00,11.1334
2022-09-03 16:00:00,9.7552
2022-09-03 16:30:00,8.7875
2022-09-03 17:00:00,7.0123
2022-09-03 17:30:00,5.4451
2022-09-03 18:00:00,4.1559
2022-09-03 18:30:00,3.394
2022-09-03 19:00:00,2.7547
2022-09-03 19:30:00,2.2446
2022-09-03 20:00:00,1.9802
2022-09-03 20:30:00,1.7736
2022-09-03 21:00:00,1.5691
2022-09-03 21:30:00,1.4311
2022-09-03 22:00:00,1.3769
2022-09-03 22:30:00,1.2978
2022-09-03 23:00:00,1.3817
2022-09-03 23:30:00,1.7621
2022-09-04 00:00:00,2.0077
2022-09-04 00:30:00,2.2494
2022-09-04 01:00:00,2.5029
2022-09-04 01:30:00,2.5011
2022-09-04 02:00:00,2.5174
2022-09-04 02:30:00,2.6345
2022-09-04 03:00:00,2.5506
2022-09-04 03:30:00,2.4664
2022-09-04 04:00:00,2.453
2022-09-04 04:30:00,4.1925
2022-09-04 05:00:00,6.0958
2022-09-04 05:30:00,7.2306
2022-09-04 06:00:00,7.7364
2022-09-04 06:30:00,8.4051
2022-09-04 07:00:00,9.0784
2022-09-04 07:30:00,9.4681
2022-09-04 08:00:00,9.5765
2022-09-04 08:30:00,9.6091
2022-09-04 09:00:00,9.7603
2022-09-04 09:30:00,9.6599
2022-09-04 10:00:00,10.3
2022-09-04 10:30:00,9.6618
2022-09-04 11:00:00,9.8246
2022-09-04 11:30:00,9.2296
2022-09-04 12:00:00,9.9214
2022-09-04 12:30:00,9.6449
2022-09-04 13:00:00,10.1709
2022-09-04 13:30:00,10.2467
2022-09-04 14:00:00,10.0892
2022-09-04 14:30:00,9.8625
2022-09-04 15:00:00,10.0177
2022-09-04 15:30:00,9.6299
2022-09-04 16:00:00,8.8147
2022-09-04 16:30:00,7.3793
2022-09-04 17:00:00,5.4906
2022-09-04 17:30:00,4.6202
2022-09-04 18:00:00,4.1601
2022-09-04 18:30:00,4.3033
2022-09-04 19:00:00,4.55
2022-09-04 19:30:00,4.5888
2022-09-04 20:00:00,4.6537
2022-09-04 20:30:00,4.6413
2022-09-04 21:00:00,4.7163
2022-09-04 21:30:00,4.642
2022-09-04 22:00:00,4.6927
2022-09-04 22:30:00,5.0709
2022-09-04 23:00:00,4.5692
2022-09-04 23:30:00,4.2048
2022-09-05 00:00:00,4.5977
2022-09-05 00:30:00,3.8284
2022-09-05 01:00:00,3.0538
2022-09-05 01:30:00,2.9434
2022-09-05 02:00:00,3.2312
2022-09-05 02:30:00,4.0011
2022-09-05 03:00:00,4.1782
2022-09-05 03:30:00,4.4877
2022-09-05 04:00:00,4.5224
2022-09-05 04:30:00,5.1073
2022-09-05 05:00:00,5.7319
2022-09-05 05:30:00,6.0365
2022-09-05 06:00:00,6.3409
2022-09-05 06:30:00,6.5811
2022-09-05 07:00:00,6.8646
2022-09-05 07:30:00,7.174
2022-09-05 08:00:00,7.5473
2022-09-05 08:30:00,7.8187
2022-09-05 09:00:00,7.9438
2022-09-05 09:30:00,8.1546
2022-09-05 10:00:00,8.3463
2022-09-05 10:30:00,8.4503
2022-09-05 11:00:00,8.643
2022-09-05 11:30:00,8.7743
2022-09-05 12:00:00,9.242
2022-09-05 12:30:00,9.4813
2022-09-05 13:00:00,9.2894
2022-09-05 13:30:00,9.2062
2022-09-05 14:00:00,9.2677
2022-09-05 14:30:00,9.488
2022-09-05 15:00:00,9.1812
2022-09-05 15:30:00,8.7836
2022-09-05 16:00:00,8.5209
2022-09-05 16:30:00,8.1443
2022-09-05 17:00:00,7.5993
2022-09-05 17:30:00,6.7772
2022-09-05 18:00:00,6.3069
2022-09-05 18:30:00,6.0047
2022-09-05 19:00:00,5.6773
2022-09-05 19:30:00,5.2506
2022-09-05 20:00:00,4.9794
2022-09-05 20:30:00,4.6599
2022-09-05 21:00:00,3.4212
2022-09-05 21:30:00,2.1956
2022-09-05 22:00:00,1.2579
2022-09-05 22:30:00,0.4244
2022-09-05 23:00:00,-0.3306
2022-09-05 23:30:00,-0.8018
2022-09-06 00:00:00,-1.2965
2022-09-06 00:30:00,-1.5088
2022-09-06 01:00:00,-1.8939
2022-09-06 01:30:00,-2.4003
2022-09-06 02:00:00,-2.487
2022-09-06 02:30:00,-2.7993
2022-09-06 03:00:00,-2.7745
2022-09-06 03:30:00,-2.704
2022-09-06 04:00:00,-2.1758
2022-09-06 04:30:00,-0.8443
2022-09-06 05:00:00,2.4036
2022-09-06 05:30:00,4.5972
2022-09-06 06:00:00,5.8537
2022-09-06 06:30:00,6.9893
2022-09-06 07:00:00,7.8178
2022-09-06 07:30:00,9.0058
2022-09-06 08:00:00,11.1853
2022-09-06 08:30:00,12.4232
2022-09-06 09:00:00,13.0473
2022-09-06 09:30:00,13.4747
2022-09-06 10:00:00,14.1307
2022-09-06 10:30:00,14.3657
2022-09-06 11:00:00,14.5481
2022-09-06 11:30:00,14.4717
2022-09-06 12:00:00,14.5327
2022-09-06 12:30:00,14.5165
2022-09-06 13:00:00,14.0329
2022-09-06 13:30:00,14.1097
2022-09-06 14:00:00,14.0363
2022-09-06 14:30:00,13.2443
2022-09-06 15:00:00,13.1455
2022-09-06 15:30:00,12.709
2022-09-06 16:00:00,12.0476
2022-09-06 16:30:00,11.3211
2022-09-06 17:00:00,10.3588
2022-09-06 17:30:00,7.9288
2022-09-06 18:00:00,6.6935
2022-09-06 18:30:00,6.0586
2022-09-06 19:00:00,5.2096
2022-09-06 19:30:00,4.4707
2022-09-06 20:00:00,4.7387
2022-09-06 20:30:00,7.9468
2022-09-06 21:00:00,8.1513
2022-09-06 21:30:00,8.0578
2022-09-06 22:00:00,8.3033
2022-09-06 22:30:00,8.2531
2022-09-06 23:00:00,8.1353
2022-09-06 23:30:00,7.9584
2022-09-07 00:00:00,7.9502
2022-09-07 00:30:00,7.4911
2022-09-07 01:00:00,6.6569
2022-09-07 01:30:00,5.9935
2022-09-07 02:00:00,5.836
2022-09-07 02:30:00,6.1322
2022-09-07 03:00:00,6.2651
2022-09-07 03:30:00,5.8277
2022-09-07 04:00:00,5.4767
2022-09-07 04:30:00,5.5769
2022-09-07 05:00:00,6.2919
2022-09-07 05:30:00,7.207
2022-09-07 06:00:00,8.5875
2022-09-07 06:30:00,9.2372
2022-09-07 07:00:00,9.5427
2022-09-07 07:30:00,9.7114
2022-09-07 08:00:00,9.6705
2022-09-07 08:30:00,9.8109
2022-09-07 09:00:00,10.2363
2022-09-07 09:30:00,10.3231
2022-09-07 10:00:00,11.0717
2022-09-07 10:30:00,11.3086
2022-09-07 11:00:00,11.2005
2022-09-07 11:30:00,11.3586
2022-09-07 12:00:00,10.5901
2022-09-07 12:30:00,10.9652
2022-09-07 13:00:00,10.52
2022-09-07 13:30:00,9.927
2022-09-07 14:00:00,10.3761
2022-09-07 14:30:00,10.0946
2022-09-07 15:00:00,10.4775
2022-09-07 15:30:00,10.2325
2022-09-07 16:00:00,9.0897
2022-09-07 16:30:00,6.9387
2022-09-07 17:00:00,5.2318
2022-09-07 17:30:00,4.898
2022-09-07 18:00:00,4.8629
2022-09-07 18:30:00,4.9138
2022-09-07 19:00:00,5.0028
2022-09-07 19:30:00,3.9887
2022-09-07 20:00:00,2.7565
2022-09-07 20:30:00,1.7307
2022-09-07 21:00:00,0.7669
2022-09-07 21:30:00,-0.149
2022-09-07 22:00:00,-0.9504
2022-09-07 22:30:00,-1.4454
2022-09-07 23:00:00,-2.055
2022-09-07 23:30:00,-2.5716
2022-09-08 00:00:00,-2.9235
2022-09-08 00:30:00,-2.9525
2022-09-08 01:00:00,-3.1113
2022-09-08 01:30:00,-3.2656
2022-09-08 02:00:00,-3.2453
2022-09-08 02:30:00,-3.3776
2022-09-08 03:00:00,-3.6165
2022-09-08 03:30:00,-3.656
2022-09-08 04:00:00,-3.5514
2022-09-08 04:30:00,-2.683
2022-09-08 05:00:00,-0.5081
2022-09-08 05:30:00,1.2569
2022-09-08 06:00:00,3.9049
2022-09-08 06:30:00,7.2898
2022-09-08 07:00:00,8.5523
2022-09-08 07:30:00,9.1167
2022-09-08 08:00:00,9.7171
2022-09-08 08:30:00,9.1648
2022-09-08 09:00:00,9.8767
2022-09-08 09:30:00,10.1601
2022-09-08 10:00:00,10.9088
2022-09-08 10:30:00,11.3534
2022-09-08 11:00:00,11.4504
2022-09-08 11:30:00,10.6467
2022-09-08 12:00:00,11.7489
2022-09-08 12:30:00,11.5315
2022-09-08 13:00:00,12.3478
2022-09-08 13:30:00,11.6979
2022-09-08 14:00:00,12.3671
2022-09-08 14:30:00,11.9845
2022-09-08 15:00:00,11.4522
2022-09-08 15:30:00,11.1389
2022-09-08 16:00:00,9.5284
2022-09-08 16:30:00,6.7861
2022-09-08 17:00:00,4.9854
2022-09-08 17:30:00,3.5575
2022-09-08 18:00:00,2.3686
2022-09-08 18:30:00,1.4652
2022-09-08 19:00:00,0.6292
2022-09-08 19:30:00,-0.0931
2022-09-08 20:00:00,-0.7627
2022-09-08 20:30:00,-1.554
2022-09-08 21:00:00,-1.9672
2022-09-08 21:30:00,-2.2542
2022-09-08 22:00:00,-2.5612
2022-09-08 22:30:00,-2.6697
2022-09-08 23:00:00,-2.8042
2022-09-08 23:30:00,-2.9682
2022-09-09 00:00:00,-3.1831
2022-09-09 00:30:00,-3.4346
2022-09-09 01:00:00,-3.4703
2022-09-09 01:30:00,-3.7597
2022-09-09 02:00:00,-3.9011
2022-09-09 02:30:00,-4.1722
2022-09-09 03:00:00,-4.1617
2022-09-09 03:30:00,-3.9331
2022-09-09 04:00:00,-3.8256
2022-09-09 04:30:00,-3.291
2022-09-09 05:00:00,-1.0429
2022-09-09 05:30:00,0.7185
2022-09-09 06:00:00,3.0294
2022-09-09 06:30:00,7.0697
2022-09-09 07:00:00,10.4196
2022-09-09 07:30:00,11.8299
2022-09-09 08:00:00,12.5892
2022-09-09 08:30:00,12.5803
2022-09-09 09:00:00,13.1774
2022-09-09 09:30:00,12.7742
2022-09-09 10:00:00,12.5887
2022-09-09 10:30:00,13.4781
2022-09-09 11:00:00,13.7284
2022-09-09 11:30:00,13.9054
2022-09-09 12:00:00,14.3575
2022-09-09 12:30:00,14.2236
2022-09-09 13:00:00,13.6633
2022-09-09 13:30:00,13.0199
2022-09-09 14:00:00,13.9218
2022-09-09 14:30:00,14.3737
2022-09-09 15:00:00,14.4952
2022-09-09 15:30:00,13.6365
2022-09-09 16:00:00,10.1407
2022-09-09 16:30:00,7.7827
2022-09-09 17:00:00,5.9754
2022-09-09 17:30:00,4.6336
2022-09-09 18:00:00,10.036514502839584
2022-09-09 18:30:00,2.6841
2022-09-09 19:00:00,2.0029
2022-09-09 19:30:00,1.0783
2022-09-09 20:00:00,0.4764
2022-09-09 20:30:00,-0.1799
2022-09-09 21:00:00,-0.3129
2022-09-09 21:30:00,-0.6939
2022-09-09 22:00:00,-1.0841
2022-09-09 22:30:00,-1.497
2022-09-09 23:00:00,-1.9483
2022-09-09 23:30:00,-2.39
2022-09-10 00:00:00,-2.2938
2022-09-10 00:30:00,-2.4047
2022-09-10 01:00:00,-2.6388
2022-09-10 01:30:00,-3.0302
2022-09-10 02:00:00,-3.0609
2022-09-10 02:30:00,-3.1248
2022-09-10 03:00:00,-3.2736
2022-09-10 03:30:00,-3.2699
2022-09-10 04:00:00,-3.2364
2022-09-10 04:30:00,-2.6006
2022-09-10 05:00:00,-0.0055
2022-09-10 05:30:00,1.7097
2022-09-10 06:00:00,4.1333
2022-09-10 06:30:00,7.799
2022-09-10 07:00:00,11.2235
2022-09-10 07:30:00,12.0728
2022-09-10 08:00:00,12.7709
2022-09-10 08:30:00,13.5391
2022-09-10 09:00:00,13.7426
2022-09-10 09:30:00,13.6953
2022-09-10 10:00:00,14.1117
2022-09-10 10:30:00,14.5675
2022-09-10 11:00:00,15.1846
2022-09-10 11:30:00,15.351
2022-09-10 12:00:00,16.0563
2022-09-10 12:30:00,15.7523
2022-09-10 13:00:00,16.3915
2022-09-10 13:30:00,16.6568
2022-09-10 14:00:00,15.43
2022-09-10 14:30:00,16.1915
2022-09-10 15:00:00,15.3451
2022-09-10 15:30:00,13.9399
2022-09-10 16:00:00,12.0753
2022-09-10 16:30:00,10.3738
2022-09-10 17:00:00,8.3917
2022-09-10 17:30:00,6.8003
2022-09-10 18:00:00,5.584
2022-09-10 18:30:00,4.495
2022-09-10 19:00:00,3.6476
2022-09-10 19:30:00,2.7301
2022-09-10 20:00:00,2.2309
2022-09-10 20:30:00,1.5816
2022-09-10 21:00:00,1.0538
2022-09-10 21:30:00,0.4676
2022-09-10 22:00:00,0.0286
2022-09-10 22:30:00,0.1377
2022-09-10 23:00:00,0.7096
2022-09-10 23:30:00,1.4399
2022-09-11 00:00:00,2.0109
2022-09-11 00:30:00,2.4462
2022-09-11 01:00:00,2.807
2022-09-11 01:30:00,3.0364
2022-09-11 02:00:00,3.2274
2022-09-11 02:30:00,3.4052
2022-09-11 03:00:00,3.3696
2022-09-11 03:30:00,3.1467
2022-09-11 04:00:00,3.2817
2022-09-11 04:30:00,3.2828
2022-09-11 05:00:00,4.5737
2022-09-11 05:30:00,7.8999
2022-09-11 06:00:00,9.3746
2022-09-11 06:30:00,10.1012
2022-09-11 07:00:00,10.658
2022-09-11 07:30:00,11.3342
2022-09-11 08:00:00,11.9971
2022-09-11 08:30:00,12.686
2022-09-11 09:00:00,13.6527
2022-09-11 09:30:00,14.141
2022-09-11 10:00:00,14.971
2022-09-11 10:30:00,14.5477
2022-09-11 11:00:00,15.0281
2022-09-11 11:30:00,15.0011
2022-09-11 12:00:00,15.3265
2022-09-11 12:30:00,16.0265
2022-09-11 13:00:00,16.2151
2022-09-11 13:30:00,16.2815
2022-09-11 14:00:00,16.2813
2022-09-11 14:30:00,15.9515
2022-09-11 15:00:00,14.7003
2022-09-11 15:30:00,13.5869
2022-09-11 16:00:00,10.5367
2022-09-11 16:30:00,8.7745
2022-09-11 17:00:00,7.5066
2022-09-11 17:30:00,6.6469
2022-09-11 18:00:00,5.9361
2022-09-11 18:30:00,5.2119
2022-09-11 19:00:00,4.358
2022-09-11 19:30:00,3.5767
2022-09-11 20:00:00,2.7537
2022-09-11 20:30:00,2.2149
2022-09-11 21:00:00,1.6835
2022-09-11 21:30:00,1.1532
2022-09-11 22:00:00,0.6112
2022-09-11 22:30:00,0.2569
2022-09-11 23:00:00,-0.2263
2022-09-11 23:30:00,-0.6661
2022-09-12 00:00:00,-0.9876
2022-09-12 00:30:00,0.46409060778903966
2022-09-12 01:00:00,-1.6446
2022-09-12 01:30:00,-1.9871
2022-09-12 02:00:00,-2.2225
2022-09-12 02:30:00,-2.3609
2022-09-12 03:00:00,-2.4367
2022-09-12 03:30:00,-2.4748
2022-09-12 04:00:00,-2.3986
2022-09-12 04:30:00,-1.7878
2022-09-12 05:00:00,0.2034
2022-09-12 05:30:00,2.4721
2022-09-12 06:00:00,5.3269
2022-09-12 06:30:00,8.9975
2022-09-12 07:00:00,12.6314
2022-09-12 07:30:00,13.9729
2022-09-12 08:00:00,14.8194
2022-09-12 08:30:00,15.3022
2022-09-12 09:00:00,15.5481
2022-09-12 09:30:00,15.6091
2022-09-12 10:00:00,15.9474
2022-09-12 10:30:00,15.7323
2022-09-12 11:00:00,16.8153
2022-09-12 11:30:00,17.0485
2022-09-12 12:00:00,16.8962
2022-09-12 12:30:00,16.8465
2022-09-12 13:00:00,16.9711
2022-09-12 13:30:00,16.6971
2022-09-12 14:00:00,16.4575
2022-09-12 14:30:00,15.968
2022-09-12 15:00:00,13.6063
2022-09-12 15:30:00,11.9938
2022-09-12 16:00:00,10.98
2022-09-12 16:30:00,9.5591
2022-09-12 17:00:00,8.8868
2022-09-12 17:30:00,9.1447
2022-09-12 18:00:00,8.4343
2022-09-12 18:30:00,8.2517
2022-09-12 19:00:00,7.9574
2022-09-12 19:30:00,7.0646
2022-09-12 20:00:00,6.3719
2022-09-12 20:30:00,5.7805
2022-09-12 21:00:00,5.313
2022-09-12 21:30:00,4.7949
2022-09-12 22:00:00,3.6733
2022-09-12 22:30:00,3.2862
2022-09-12 23:00:00,3.3377
2022-09-12 23:30:00,3.5719
2022-09-13 00:00:00,4.4574
2022-09-13 00:30:00,6.2496
2022-09-13 01:00:00,6.9728
2022-09-13 01:30:00,7.1399
2022-09-13 02:00:00,7.0614
2022-09-13 02:30:00,7.197
2022-09-13 03:00:00,7.6416
2022-09-13 03:30:00,7.4521
2022-09-13 04:00:00,7.1206
2022-09-13 04:30:00,7.3663
2022-09-13 05:00:00,8.2458
2022-09-13 05:30:00,8.6112
2022-09-13 06:00:00,9.0694
2022-09-13 06:30:00,9.4035
2022-09-13 07:00:00,9.6078
2022-09-13 07:30:00,10.0681
2022-09-13 08:00:00,10.7224
2022-09-13 08:30:00,10.6407
2022-09-13 09:00:00,10.7411
2022-09-13 09:30:00,10.433492958581116
2022-09-13 10:00:00,11.4319
2022-09-13 10:30:00,11.4094
2022-09-13 11:00:00,12.1875
2022-09-13 11:30:00,12.866
2022-09-13 12:00:00,13.1212
2022-09-13 12:30:00,12.6379
2022-09-13 13:00:00,12.0574
2022-09-13 13:30:00,11.7404
2022-09-13 14:00:00,11.4318
2022-09-13 14:30:00,11.2825
2022-09-13 15:00:00,11.0708
2022-09-13 15:30:00,10.9708
2022-09-13 16:00:00,10.8637
2022-09-13 16:30:00,10.7861
2022-09-13 17:00:00,10.6395
2022-09-13 17:30:00,10.3099
2022-09-13 18:00:00,9.9688
2022-09-13 18:30:00,9.8246
2022-09-13 19:00:00,9.7775
2022-09-13 19:30:00,9.7237
2022-09-13 20:00:00,9.5946
2022-09-13 20:30:00,9.6072
2022-09-13 21:00:00,9.7632
2022-09-13 21:30:00,9.8088
2022-09-13 22:00:00,9.7159
2022-09-13 22:30:00,9.7412
2022-09-13 23:00:00,9.623
2022-09-13 23:30:00,9.6024
2022-09-14 00:00:00,9.867
2022-09-14 00:30:00,10.0508
2022-09-14 01:00:00,10.1721
2022-09-14 01:30:00,10.3279
2022-09-14 02:00:00,10.3898
2022-09-14 02:30:00,10.3586
2022-09-14 03:00:00,10.4637
2022-09-14 03:30:00,10.6418
2022-09-14 04:00:00,10.7598
2022-09-14 04:30:00,10.8609
2022-09-14 05:00:00,10.8949
2022-09-14 05:30:00,11.1971
2022-09-14 06:00:00,11.4957
2022-09-14 06:30:00,11.856
2022-09-14 07:00:00,12.1789
2022-09-14 07:30:00,12.2785
2022-09-14 08:00:00,12.4337
2022-09-14 08:30:00,12.6507
2022-09-14 09:00:00,12.9646
2022-09-14 09:30:00,13.1119
2022-09-14 10:00:00,13.2055
2022-09-14 10:30:00,13.1543
2022-09-14 11:00:00,12.9686
2022-09-14 11:30:00,12.2886
2022-09-14 12:00:00,11.7745
2022-09-14 12:30:00,11.4944
2022-09-14 13:00:00,11.2532
2022-09-14 13:30:00,10.9054
2022-09-14 14:00:00,10.9435
2022-09-14 14:30:00,10.9465
2022-09-14 15:00:00,10.9993
2022-09-14 15:30:00,11.0066
2022-09-14 16:00:00,11.0053
2022-09-14 16:30:00,11.0268
2022-09-14 17:00:00,11.1183
2022-09-14 17:30:00,11.0668
2022-09-14 18:00:00,10.959
2022-09-14 18:30:00,10.8822
2022-09-14 19:00:00,10.8815
2022-09-14 19:30:00,10.943
2022-09-14 20:00:00,11.0004
2022-09-14 20:30:00,11.0332
2022-09-14 21:00:00,11.0112
2022-09-14 21:30:00,10.86
2022-09-14 22:00:00,10.4891
2022-09-14 22:30:00,10.3473
2022-09-14 23:00:00,9.9758
2022-09-14 23:30:00,9.8966
2022-09-15 00:00:00,10.1367
2022-09-15 00:30:00,10.2286
2022-09-15 01:00:00,10.1507
2022-09-15 01:30:00,9.7483
2022-09-15 02:00:00,9.2546
2022-09-15 02:30:00,9.546
2022-09-15 03:00:00,9.8721
2022-09-15 03:30:00,9.9907
2022-09-15 04:00:00,10.1429
2022-09-15 04:30:00,10.3563
2022-09-15 05:00:00,10.4508
2022-09-15 05:30:00,10.5224
2022-09-15 06:00:00,10.7248
2022-09-15 06:30:00,10.8311
2022-09-15 07:00:00,10.9285
2022-09-15 07:30:00,10.924
2022-09-15 08:00:00,10.9099
2022-09-15 08:30:00,11.0824
2022-09-15 09:00:00,10.9073
2022-09-15 09:30:00,10.9747
2022-09-15 10:00:00,11.405
2022-09-15 10:30:00,12.2004
2022-09-15 11:00:00,12.4168
2022-09-15 11:30:00,12.1804
2022-09-15 12:00:00,12.7701
2022-09-15 12:30:00,13.0992
2022-09-15 13:00:00,13.0403
2022-09-15 13:30:00,13.4886
2022-09-15 14:00:00,13.1719
2022-09-15 14:30:00,13.041
2022-09-15 15:00:00,12.1934
2022-09-15 15:30:00,11.9215
2022-09-15 16:00:00,11.1084
2022-09-15 16:30:00,10.6622
2022-09-15 17:00:00,10.0649
2022-09-15 17:30:00,9.3171
2022-09-15 18:00:00,9.1057
2022-09-15 18:30:00,8.9472
2022-09-15 19:00:00,8.8849
2022-09-15 19:30:00,8.9179
2022-09-15 20:00:00,8.9923
2022-09-15 20:30:00,9.0146
2022-09-15 21:00:00,9.0018
2022-09-15 21:30:00,8.635
2022-09-15 22:00:00,8.3758
2022-09-15 22:30:00,8.9299
2022-09-15 23:00:00,9.3699
2022-09-15 23:30:00,9.0699
2022-09-16 00:00:00,8.9688
2022-09-16 00:30:00,9.0044
2022-09-16 01:00:00,9.048
2022-09-16 01:30:00,9.0298
2022-09-16 02:00:00,9.0567
2022-09-16 02:30:00,9.3183
2022-09-16 03:00:00,9.3901
2022-09-16 03:30:00,9.06
2022-09-16 04:00:00,8.7947
2022-09-16 04:30:00,8.8107
2022-09-16 05:00:00,8.9242
2022-09-16 05:30:00,9.086
2022-09-16 06:00:00,9.2978
2022-09-16 06:30:00,9.7544
2022-09-16 07:00:00,10.2734
2022-09-16 07:30:00,10.0416
2022-09-16 08:00:00,10.3619
2022-09-16 08:30:00,10.9485
2022-09-16 09:00:00,11.7563
2022-09-16 09:30:00,12.3999
2022-09-16 10:00:00,12.1558
2022-09-16 10:30:00,12.2702
2022-09-16 11:00:00,12.39
2022-09-16 11:30:00,12.4664
2022-09-16 12:00:00,12.7572
2022-09-16 12:30:00,12.616
2022-09-16 13:00:00,12.1447
2022-09-16 13:30:00,11.8883
2022-09-16 14:00:00,11.9502
2022-09-16 14:30:00,11.8107
2022-09-16 15:00:00,11.5888
2022-09-16 15:30:00,10.7408
2022-09-16 16:00:00,9.704
2022-09-16 16:30:00,9.0046
2022-09-16 17:00:00,8.6714
2022-09-16 17:30:00,8.5518
2022-09-16 18:00:00,8.4343
2022-09-16 18:30:00,8.2291
2022-09-16 19:00:00,7.8998
2022-09-16 19:30:00,7.616
2022-09-16 20:00:00,7.4208
2022-09-16 20:30:00,7.4575
2022-09-16 21:00:00,7.464
2022-09-16 21:30:00,7.4654
2022-09-16 22:00:00,7.5573
2022-09-16 22:30:00,7.5763
2022-09-16 23:00:00,7.5429
2022-09-16 23:30:00,7.6046
2022-09-17 00:00:00,7.5542
2022-09-17 00:30:00,7.3957
2022-09-17 01:00:00,7.2279
2022-09-17 01:30:00,7.3205
2022-09-17 02:00:00,7.3466
2022-09-17 02:30:00,7.342
2022-09-17 03:00:00,7.315
2022-09-17 03:30:00,7.0229
2022-09-17 04:00:00,6.9296
2022-09-17 04:30:00,7.3255
2022-09-17 05:00:00,7.7908
2022-09-17 05:30:00,8.3383
2022-09-17 06:00:00,9.0449
2022-09-17 06:30:00,9.7539
2022-09-17 07:00:00,10.1491
2022-09-17 07:30:00,10.6608
2022-09-17 08:00:00,11.1919
2022-09-17 08:30:00,12.2558
2022-09-17 09:00:00,12.6934
2022-09-17 09:30:00,11.6175
2022-09-17 10:00:00,11.2475
2022-09-17 10:30:00,11.6185
2022-09-17 11:00:00,13.2886
2022-09-17 11:30:00,11.8422
2022-09-17 12:00:00,12.1726
2022-09-17 12:30:00,13.3653
2022-09-17 13:00:00,13.5932
2022-09-17 13:30:00,12.1866
2022-09-17 14:00:00,12.0265
2022-09-17 14:30:00,11.9081
2022-09-17 15:00:00,12.0162
2022-09-17 15:30:00,10.5674
2022-09-17 16:00:00,9.1152
2022-09-17 16:30:00,8.3544
2022-09-17 17:00:00,8.0815
2022-09-17 17:30:00,7.3726
2022-09-17 18:00:00,6.6536
2022-09-17 18:30:00,6.597
2022-09-17 19:00:00,6.687
2022-09-17 19:30:00,6.686
2022-09-17 20:00:00,6.5422
2022-09-17 20:30:00,6.0731
2022-09-17 21:00:00,5.5703
2022-09-17 21:30:00,5.7526
2022-09-17 22:00:00,6.0172
2022-09-17 22:30:00,6.3498
2022-09-17 23:00:00,6.7556
2022-09-17 23:30:00,7.1625
2022-09-18 00:00:00,7.3911
2022-09-18 00:30:00,7.4929
2022-09-18 01:00:00,7.9445
2022-09-18 01:30:00,8.1757
2022-09-18 02:00:00,8.3377
2022-09-18 02:30:00,8.3138
2022-09-18 03:00:00,8.3036
2022-09-18 03:30:00,8.321
2022-09-18 04:00:00,8.4016
2022-09-18 04:30:00,8.5609
2022-09-18 05:00:00,8.6705
2022-09-18 05:30:00,8.681
2022-09-18 06:00:00,9.2271
2022-09-18 06:30:00,9.2343
2022-09-18 07:00:00,9.5073
2022-09-18 07:30:00,9.7908
2022-09-18 08:00:00,9.7318
2022-09-18 08:30:00,9.7704
2022-09-18 09:00:00,9.8524
2022-09-18 09:30:00,10.0354
2022-09-18 10:00:00,10.519
2022-09-18 10:30:00,11.1192
2022-09-18 11:00:00,10.5134
2022-09-18 11:30:00,10.4639
2022-09-18 12:00:00,11.0174
2022-09-18 12:30:00,10.9473
2022-09-18 13:00:00,11.0716
2022-09-18 13:30:00,10.9183
2022-09-18 14:00:00,10.9565
2022-09-18 14:30:00,10.7009
2022-09-18 15:00:00,10.8898
2022-09-18 15:30:00,10.3914
2022-09-18 16:00:00,9.5979
2022-09-18 16:30:00,9.3796
2022-09-18 17:00:00,9.2295
2022-09-18 17:30:00,9.0491
2022-09-18 18:00:00,8.7871
2022-09-18 18:30:00,8.5605
2022-09-18 19:00:00,8.4187
2022-09-18 19:30:00,8.327
2022-09-18 20:00:00,8.0552
2022-09-18 20:30:00,7.7314
2022-09-18 21:00:00,7.6046
2022-09-18 21:30:00,7.4978
2022-09-18 22:00:00,7.3225
2022-09-18 22:30:00,7.2027
2022-09-18 23:00:00,7.1161
2022-09-18 23:30:00,6.7374
2022-09-19 00:00:00,5.9137
2022-09-19 00:30:00,5.4423
2022-09-19 01:00:00,5.5982
2022-09-19 01:30:00,5.7787
2022-09-19 02:00:00,6.0916
2022-09-19 02:30:00,6.5898
2022-09-19 03:00:00,6.8982
2022-09-19 03:30:00,6.8658
2022-09-19 04:00:00,6.6161
2022-09-19 04:30:00,7.0317
2022-09-19 05:00:00,7.9392
2022-09-19 05:30:00,8.6978
2022-09-19 06:00:00,9.2818
2022-09-19 06:30:00,9.8054
2022-09-19 07:00:00,10.3134
2022-09-19 07:30:00,10.4449
2022-09-19 08:00:00,10.6511
2022-09-19 08:30:00,10.6867
2022-09-19 09:00:00,10.6472
2022-09-19 09:30:00,11.556
2022-09-19 10:00:00,11.9849
2022-09-19 10:30:00,11.6808
2022-09-19 11:00:00,12.5746
2022-09-19 11:30:00,12.5262
2022-09-19 12:00:00,12.3025
2022-09-19 12:30:00,12.9444
2022-09-19 13:00:00,12.3438
2022-09-19 13:30:00,12.0666
2022-09-19 14:00:00,11.6577
2022-09-19 14:30:00,11.5835
2022-09-19 15:00:00,11.3963
2022-09-19 15:30:00,11.2511
2022-09-19 16:00:00,10.1807
2022-09-19 16:30:00,9.8087
2022-09-19 17:00:00,9.5391
2022-09-19 17:30:00,9.5574
2022-09-19 18:00:00,9.6002
2022-09-19 18:30:00,9.4914
2022-09-19 19:00:00,9.5088
2022-09-19 19:30:00,9.4279
2022-09-19 20:00:00,9.4026
2022-09-19 20:30:00,9.1045
2022-09-19 21:00:00,9.1332
2022-09-19 21:30:00,9.0753
2022-09-19 22:00:00,8.9938
2022-09-19 22:30:00,8.933
2022-09-19 23:00:00,8.7828
2022-09-19 23:30:00,8.8098
2022-09-20 00:00:00,8.8397
2022-09-20 00:30:00,8.8111
2022-09-20 01:00:00,8.7501
2022-09-20 01:30:00,8.681
2022-09-20 02:00:00,8.4372
2022-09-20 02:30:00,8.2296
2022-09-20 03:00:00,8.2391
2022-09-20 03:30:00,8.2269
2022-09-20 04:00:00,8.2293
2022-09-20 04:30:00,8.2579
2022-09-20 05:00:00,8.2039
2022-09-20 05:30:00,8.2441
2022-09-20 06:00:00,8.5471
2022-09-20 06:30:00,8.6646
2022-09-20 07:00:00,8.7441
2022-09-20 07:30:00,8.9768
2022-09-20 08:00:00,9.1804
2022-09-20 08:30:00,9.5816
2022-09-20 09:00:00,9.7223
2022-09-20 09:30:00,10.0667
2022-09-20 10:00:00,10.2268
2022-09-20 10:30:00,10.3787
2022-09-20 11:00:00,10.129
2022-09-20 11:30:00,9.8511
2022-09-20 12:00:00,9.796
2022-09-20 12:30:00,10.1189
2022-09-20 13:00:00,9.6602
2022-09-20 13:30:00,9.6098
2022-09-20 14:00:00,9.6055
2022-09-20 14:30:00,9.6117
2022-09-20 15:00:00,9.3242
2022-09-20 15:30:00,9.0966
2022-09-20 16:00:00,8.8738
2022-09-20 16:30:00,8.5535
2022-09-20 17:00:00,8.1853
2022-09-20 17:30:00,7.8517
2022-09-20 18:00:00,7.6386
2022-09-20 18:30:00,7.3409
2022-09-20 19:00:00,7.0461
2022-09-20 19:30:00,6.5453
2022-09-20 20:00:00,6.2817
2022-09-20 20:30:00,6.2071
2022-09-20 21:00:00,6.1288
2022-09-20 21:30:00,5.959
2022-09-20 22:00:00,5.8745
2022-09-20 22:30:00,5.8165
2022-09-20 23:00:00,5.5695
2022-09-20 23:30:00,5.3131
2022-09-21 00:00:00,5.5101
2022-09-21 00:30:00,5.5935
2022-09-21 01:00:00,5.5585
2022-09-21 01:30:00,5.176
2022-09-21 02:00:00,4.9962
2022-09-21 02:30:00,4.966
2022-09-21 03:00:00,4.8746
2022-09-21 03:30:00,4.434
2022-09-21 04:00:00,4.0889
2022-09-21 04:30:00,3.6674
2022-09-21 05:00:00,4.3403
2022-09-21 05:30:00,5.7251
2022-09-21 06:00:00,5.8881
2022-09-21 06:30:00,6.2128
2022-09-21 07:00:00,6.7118
2022-09-21 07:30:00,7.3352
2022-09-21 08:00:00,8.0756
2022-09-21 08:30:00,8.2626
2022-09-21 09:00:00,8.5768
2022-09-21 09:30:00,8.8463
2022-09-21 10:00:00,8.9517
2022-09-21 10:30:00,8.4048
2022-09-21 11:00:00,8.5694
2022-09-21 11:30:00,8.6652
2022-09-21 12:00:00,8.4811
2022-09-21 12:30:00,8.5138
2022-09-21 13:00:00,8.4564
2022-09-21 13:30:00,8.375
2022-09-21 14:00:00,8.1452
2022-09-21 14:30:00,7.9516
2022-09-21 15:00:00,7.7442
2022-09-21 15:30:00,7.4767
2022-09-21 16:00:00,7.2526
2022-09-21 16:30:00,6.5514
2022-09-21 17:00:00,6.5267
2022-09-21 17:30:00,6.2287
2022-09-21 18:00:00,5.813
2022-09-21 18:30:00,5.679
2022-09-21 19:00:00,5.5599
2022-09-21 19:30:00,5.3949
2022-09-21 20:00:00,5.0401
2022-09-21 20:30:00,4.6498
2022-09-21 21:00:00,3.6662
2022-09-21 21:30:00,2.4104
2022-09-21 22:00:00,1.1724
2022-09-21 22:30:00,0.2076
2022-09-21 23:00:00,-0.5514
2022-09-21 23:30:00,-1.1857
2022-09-22 00:00:00,-1.5643
2022-09-22 00:30:00,-1.465
2022-09-22 01:00:00,-1.3447
2022-09-22 01:30:00,-1.4409
2022-09-22 02:00:00,-1.428
2022-09-22 02:30:00,-1.4326
2022-09-22 03:00:00,-1.4675
2022-09-22 03:30:00,-1.8925
2022-09-22 04:00:00,-2.3669
2022-09-22 04:30:00,-2.2932
2022-09-22 05:00:00,-1.1001
2022-09-22 05:30:00,0.3252
2022-09-22 06:00:00,1.948
2022-09-22 06:30:00,4.5763
2022-09-22 07:00:00,7.2407
2022-09-22 07:30:00,8.6531
2022-09-22 08:00:00,9.2707
2022-09-22 08:30:00,8.3914
2022-09-22 09:00:00,8.6352
2022-09-22 09:30:00,9.7545
2022-09-22 10:00:00,10.0205
2022-09-22 10:30:00,10.428
2022-09-22 11:00:00,11.0656
2022-09-22 11:30:00,10.8023
2022-09-22 12:00:00,10.8085
2022-09-22 12:30:00,11.6528
2022-09-22 13:00:00,11.4212
2022-09-22 13:30:00,11.157
2022-09-22 14:00:00,10.6439
2022-09-22 14:30:00,9.9238
2022-09-22 15:00:00,8.5933
2022-09-22 15:30:00,6.0143
2022-09-22 16:00:00,4.8533
2022-09-22 16:30:00,4.5493
2022-09-22 17:00:00,4.3878
2022-09-22 17:30:00,4.1993
2022-09-22 18:00:00,4.0467
2022-09-22 18:30:00,4.0662
2022-09-22 19:00:00,4.0313
2022-09-22 19:30:00,3.8574
2022-09-22 20:00:00,3.5542
2022-09-22 20:30:00,3.3121
2022-09-22 21:00:00,3.0685
2022-09-22 21:30:00,3.1941
2022-09-22 22:00:00,3.2559
2022-09-22 22:30:00,2.8354
2022-09-22 23:00:00,2.2284
2022-09-22 23:30:00,2.1737
2022-09-23 00:00:00,2.1976
2022-09-23 00:30:00,1.7342
2022-09-23 01:00:00,1.5942
2022-09-23 01:30:00,1.3083
2022-09-23 02:00:00,1.1522
2022-09-23 02:30:00,0.7882
2022-09-23 03:00:00,0.2843
2022-09-23 03:30:00,-0.123
2022-09-23 04:00:00,-0.6756
2022-09-23 04:30:00,-1.1057
2022-09-23 05:00:00,-1.37
2022-09-23 05:30:00,-0.6456
2022-09-23 06:00:00,2.6678
2022-09-23 06:30:00,4.7803
2022-09-23 07:00:00,7.9079
2022-09-23 07:30:00,9.8421
2022-09-23 08:00:00,10.5267
2022-09-23 08:30:00,11.1239
2022-09-23 09:00:00,11.5115
2022-09-23 09:30:00,12.0361
2022-09-23 10:00:00,11.695
2022-09-23 10:30:00,11.9807
2022-09-23 11:00:00,11.843
2022-09-23 11:30:00,11.8513
2022-09-23 12:00:00,11.8245
2022-09-23 12:30:00,11.7482
2022-09-23 13:00:00,11.8078
2022-09-23 13:30:00,11.6674
2022-09-23 14:00:00,11.3943
2022-09-23 14:30:00,11.2076
2022-09-23 15:00:00,10.3183
2022-09-23 15:30:00,9.1643
2022-09-23 16:00:00,8.3931
2022-09-23 16:30:00,7.4684
2022-09-23 17:00:00,6.2791
2022-09-23 17:30:00,5.7411
2022-09-23 18:00:00,5.6072
2022-09-23 18:30:00,4.918
2022-09-23 19:00:00,3.8768
2022-09-23 19:30:00,3.5713
2022-09-23 20:00:00,3.2767
2022-09-23 20:30:00,3.111
2022-09-23 21:00:00,3.046
2022-09-23 21:30:00,3.3265
2022-09-23 22:00:00,3.4691
2022-09-23 22:30:00,3.6381
2022-09-23 23:00:00,3.3681
2022-09-23 23:30:00,2.5856
2022-09-24 00:00:00,2.0183
2022-09-24 00:30:00,1.5868
2022-09-24 01:00:00,1.52
2022-09-24 01:30:00,1.6636
2022-09-24 02:00:00,1.5731
2022-09-24 02:30:00,1.2269
2022-09-24 03:00:00,0.89
2022-09-24 03:30:00,0.4453
2022-09-24 04:00:00,0.5031
2022-09-24 04:30:00,0.4586
2022-09-24 05:00:00,0.3247
2022-09-24 05:30:00,2.3418
2022-09-24 06:00:00,5.0187
2022-09-24 06:30:00,6.9122
2022-09-24 07:00:00,9.9953
2022-09-24 07:30:00,10.7096
2022-09-24 08:00:00,11.5325
2022-09-24 08:30:00,11.7741
2022-09-24 09:00:00,11.4018
2022-09-24 09:30:00,11.4611
2022-09-24 10:00:00,11.8003
2022-09-24 10:30:00,12.1344
2022-09-24 11:00:00,11.9835
2022-09-24 11:30:00,12.5742
2022-09-24 12:00:00,11.7124
2022-09-24 12:30:00,11.3383
2022-09-24 13:00:00,11.1514
2022-09-24 13:30:00,11.1989
2022-09-24 14:00:00,11.008
2022-09-24 14:30:00,10.807
2022-09-24 15:00:00,10.0147
2022-09-24 15:30:00,9.1108
2022-09-24 16:00:00,8.2371
2022-09-24 16:30:00,7.4323
2022-09-24 17:00:00,7.0009
2022-09-24 17:30:00,6.4334
2022-09-24 18:00:00,5.8873
2022-09-24 18:30:00,5.7147
2022-09-24 19:00:00,5.5836
2022-09-24 19:30:00,5.3629
2022-09-24 20:00:00,5.2905
2022-09-24 20:30:00,5.0422
2022-09-24 21:00:00,4.9385
2022-09-24 21:30:00,4.169
2022-09-24 22:00:00,3.3113
2022-09-24 22:30:00,3.0772
2022-09-24 23:00:00,3.1073
2022-09-24 23:30:00,2.4723
2022-09-25 00:00:00,1.6207
2022-09-25 00:30:00,0.9764
2022-09-25 01:00:00,0.4457
2022-09-25 01:30:00,0.1398
2022-09-25 02:00:00,-0.2629
2022-09-25 02:30:00,-0.6353
2022-09-25 03:00:00,-1.0585
2022-09-25 03:30:00,-1.3564
2022-09-25 04:00:00,-1.5945
2022-09-25 04:30:00,-1.5323
2022-09-25 05:00:00,-1.039
2022-09-25 05:30:00,0.725
2022-09-25 06:00:00,2.3934
2022-09-25 06:30:00,6.4279
2022-09-25 07:00:00,7.7474
2022-09-25 07:30:00,8.2755
2022-09-25 08:00:00,8.5432
2022-09-25 08:30:00,8.8185
2022-09-25 09:00:00,8.9618
2022-09-25 09:30:00,9.2653
2022-09-25 10:00:00,9.6668
2022-09-25 10:30:00,9.2611
2022-09-25 11:00:00,9.2168
2022-09-25 11:30:00,9.201
2022-09-25 12:00:00,8.7868
2022-09-25 12:30:00,9.1198
2022-09-25 13:00:00,9.9788
2022-09-25 13:30:00,9.5856
2022-09-25 14:00:00,9.1135
2022-09-25 14:30:00,8.5011
2022-09-25 15:00:00,7.3249
2022-09-25 15:30:00,6.0981
2022-09-25 16:00:00,5.5147
2022-09-25 16:30:00,5.1191
2022-09-25 17:00:00,4.4222
2022-09-25 17:30:00,4.2062
2022-09-25 18:00:00,4.1035
2022-09-25 18:30:00,4.1023
2022-09-25 19:00:00,4.2171
2022-09-25 19:30:00,4.4028
2022-09-25 20:00:00,4.3475
2022-09-25 20:30:00,4.4026
2022-09-25 21:00:00,4.3718
2022-09-25 21:30:00,4.387
2022-09-25 22:00:00,4.3881
2022-09-25 22:30:00,4.3404
2022-09-25 23:00:00,4.2757
2022-09-25 23:30:00,4.2448
2022-09-26 00:00:00,4.2196
2022-09-26 00:30:00,4.2391
2022-09-26 01:00:00,4.2438
2022-09-26 01:30:00,4.2298
2022-09-26 02:00:00,4.2298
2022-09-26 02:30:00,4.2175
2022-09-26 03:00:00,4.1977
2022-09-26 03:30:00,4.2438
2022-09-26 04:00:00,4.2915
2022-09-26 04:30:00,4.3776
2022-09-26 05:00:00,4.6482
2022-09-26 05:30:00,5.7358
2022-09-26 06:00:00,6.2579
2022-09-26 06:30:00,6.6173
2022-09-26 07:00:00,6.9141
2022-09-26 07:30:00,7.023
2022-09-26 08:00:00,7.103
2022-09-26 08:30:00,7.4748
2022-09-26 09:00:00,8.0502
2022-09-26 09:30:00,8.6757
2022-09-26 10:00:00,10.1157
2022-09-26 10:30:00,10.3404
2022-09-26 11:00:00,10.4216
2022-09-26 11:30:00,10.1824
2022-09-26 12:00:00,9.3846
2022-09-26 12:30:00,9.171
2022-09-26 13:00:00,9.3952
2022-09-26 13:30:00,9.4021
2022-09-26 14:00:00,9.5838
2022-09-26 14:30:00,9.6832
2022-09-26 15:00:00,9.4721
2022-09-26 15:30:00,9.2902
2022-09-26 16:00:00,9.1089
2022-09-26 16:30:00,9.0937
2022-09-26 17:00:00,8.7277
2022-09-26 17:30:00,8.0559
2022-09-26 18:00:00,6.9315
2022-09-26 18:30:00,5.9882
2022-09-26 19:00:00,6.6928
2022-09-26 19:30:00,7.3934
2022-09-26 20:00:00,7.6043
2022-09-26 20:30:00,7.3968
2022-09-26 21:00:00,6.0043
2022-09-26 21:30:00,4.9137
2022-09-26 22:00:00,3.7832
2022-09-26 22:30:00,3.8389
2022-09-26 23:00:00,3.6713
2022-09-26 23:30:00,3.3206
2022-09-27 00:00:00,2.6101
2022-09-27 00:30:00,1.9678
2022-09-27 01:00:00,1.4131
2022-09-27 01:30:00,1.758
2022-09-27 02:00:00,3.5749
2022-09-27 02:30:00,4.7954
2022-09-27 03:00:00,4.8528
2022-09-27 03:30:00,5.6418
2022-09-27 04:00:00,5.8202
2022-09-27 04:30:00,5.8197
2022-09-27 05:00:00,5.8862
2022-09-27 05:30:00,6.28
2022-09-27 06:00:00,6.7528
2022-09-27 06:30:00,7.2385
2022-09-27 07:00:00,7.7165
2022-09-27 07:30:00,8.0786
2022-09-27 08:00:00,8.7097
2022-09-27 08:30:00,10.2788
2022-09-27 09:00:00,10.681
2022-09-27 09:30:00,11.5369
2022-09-27 10:00:00,11.9169
2022-09-27 10:30:00,12.3232
2022-09-27 11:00:00,12.0762
2022-09-27 11:30:00,11.505
2022-09-27 12:00:00,12.1465
2022-09-27 12:30:00,11.4505
2022-09-27 13:00:00,11.9228
2022-09-27 13:30:00,11.7111
2022-09-27 14:00:00,11.9669
2022-09-27 14:30:00,11.248
2022-09-27 15:00:00,9.4574
2022-09-27 15:30:00,8.4486
2022-09-27 16:00:00,6.5089
2022-09-27 16:30:00,4.8179
2022-09-27 17:00:00,3.6349
2022-09-27 17:30:00,2.8347
2022-09-27 18:00:00,1.884
2022-09-27 18:30:00,1.328
2022-09-27 19:00:00,0.8512
2022-09-27 19:30:00,0.4009
2022-09-27 20:00:00,-0.0624
2022-09-27 20:30:00,-0.3481
2022-09-27 21:00:00,-0.6763
2022-09-27 21:30:00,-1.025
2022-09-27 22:00:00,-1.3221
2022-09-27 22:30:00,-1.5908
2022-09-27 23:00:00,-1.7354
2022-09-27 23:30:00,-1.8772
2022-09-28 00:00:00,-1.8829
2022-09-28 00:30:00,-1.8682
2022-09-28 01:00:00,-1.6198
2022-09-28 01:30:00,-1.3974
2022-09-28 02:00:00,-1.1325
2022-09-28 02:30:00,-0.5942
2022-09-28 03:00:00,-0.1418
2022-09-28 03:30:00,0.1103
2022-09-28 04:00:00,0.51
2022-09-28 04:30:00,1.1016
2022-09-28 05:00:00,1.961
2022-09-28 05:30:00,2.7043
2022-09-28 06:00:00,4.385
2022-09-28 06:30:00,7.0159
2022-09-28 07:00:00,7.9963
2022-09-28 07:30:00,8.568
2022-09-28 08:00:00,9.1465
2022-09-28 08:30:00,9.7571
2022-09-28 09:00:00,9.8947
2022-09-28 09:30:00,9.966
2022-09-28 10:00:00,9.7747
2022-09-28 10:30:00,9.2245
2022-09-28 11:00:00,9.0704
2022-09-28 11:30:00,9.4051
2022-09-28 12:00:00,9.4633
2022-09-28 12:30:00,9.5475
2022-09-28 13:00:00,9.4814
2022-09-28 13:30:00,9.2187
2022-09-28 14:00:00,9.2206
2022-09-28 14:30:00,8.5989
2022-09-28 15:00:00,8.524
2022-09-28 15:30:00,8.0281
2022-09-28 16:00:00,7.8987
2022-09-28 16:30:00,7.7852
2022-09-28 17:00:00,7.6157
2022-09-28 17:30:00,7.5806
2022-09-28 18:00:00,7.4834
2022-09-28 18:30:00,7.5047
2022-09-28 19:00:00,7.4458
2022-09-28 19:30:00,7.3011
2022-09-28 20:00:00,7.2848
2022-09-28 20:30:00,7.1976
2022-09-28 21:00:00,7.1626
2022-09-28 21:30:00,7.0456
2022-09-28 22:00:00,6.9907
2022-09-28 22:30:00,6.9757
2022-09-28 23:00:00,6.9442
2022-09-28 23:30:00,6.8294
2022-09-29 00:00:00,6.759
2022-09-29 00:30:00,6.6393
2022-09-29 01:00:00,6.5624
2022-09-29 01:30:00,6.4138
2022-09-29 02:00:00,6.3777
2022-09-29 02:30:00,6.1978
2022-09-29 03:00:00,6.071
2022-09-29 03:30:00,6.0426
2022-09-29 04:00:00,5.9938
2022-09-29 04:30:00,5.9543
2022-09-29 05:00:00,5.899
2022-09-29 05:30:00,5.7348
2022-09-29 06:00:00,5.4609
2022-09-29 06:30:00,5.1982
2022-09-29 07:00:00,5.1094
2022-09-29 07:30:00,5.1772
2022-09-29 08:00:00,5.3523
2022-09-29 08:30:00,5.4797
2022-09-29 09:00:00,5.5649
2022-09-29 09:30:00,5.6145
2022-09-29 10:00:00,5.6171
2022-09-29 10:30:00,5.9593
2022-09-29 11:00:00,5.7499
2022-09-29 11:30:00,5.7999
2022-09-29 12:00:00,5.7847
2022-09-29 12:30:00,5.8629
2022-09-29 13:00:00,5.8806
2022-09-29 13:30:00,5.8761
2022-09-29 14:00:00,5.8732
2022-09-29 14:30:00,5.9083
2022-09-29 15:00:00,5.8607
2022-09-29 15:30:00,5.9134
2022-09-29 16:00:00,5.9544
2022-09-29 16:30:00,5.9747
2022-09-29 17:00:00,5.9874
2022-09-29 17:30:00,6.0136
2022-09-29 18:00:00,6.0513
2022-09-29 18:30:00,6.0518
2022-09-29 19:00:00,6.0428
2022-09-29 19:30:00,6.0602
2022-09-29 20:00:00,6.0665
2022-09-29 20:30:00,6.1161
2022-09-29 21:00:00,6.1992
2022-09-29 21:30:00,6.1923
2022-09-29 22:00:00,6.1291
2022-09-29 22:30:00,6.0854
2022-09-29 23:00:00,6.1156
2022-09-29 23:30:00,6.1013
2022-09-30 00:00:00,6.1342
2022-09-30 00:30:00,6.1642
2022-09-30 01:00:00,6.1677
2022-09-30 01:30:00,6.2403
2022-09-30 02:00:00,6.2817
2022-09-30 02:30:00,6.2386
2022-09-30 03:00:00,6.1815
2022-09-30 03:30:00,6.1822
2022-09-30 04:00:00,6.1677
2022-09-30 04:30:00,6.0794
2022-09-30 05:00:00,6.0418
2022-09-30 05:30:00,6.1766
2022-09-30 06:00:00,6.2954
2022-09-30 06:30:00,6.4224
2022-09-30 07:00:00,6.49
2022-09-30 07:30:00,6.5529
2022-09-30 08:00:00,6.6787
2022-09-30 08:30:00,6.9781
2022-09-30 09:00:00,7.1808
2022-09-30 09:30:00,7.3542
2022-09-30 10:00:00,7.7655
2022-09-30 10:30:00,7.9847
2022-09-30 11:00:00,8.304
2022-09-30 11:30:00,8.3325
2022-09-30 12:00:00,9.2381
2022-09-30 12:30:00,8.9075
2022-09-30 13:00:00,8.2909
2022-09-30 13:30:00,7.9188
2022-09-30 14:00:00,8.0324
2022-09-30 14:30:00,7.874
2022-09-30 15:00:00,7.1756
2022-09-30 15:30:00,6.8913
2022-09-30 16:00:00,6.451
2022-09-30 16:30:00,5.9269
2022-09-30 17:00:00,5.9748
2022-09-30 17:30:00,6.1268
2022-09-30 18:00:00,6.0549
2022-09-30 18:30:00,5.367
2022-09-30 19:00:00,4.3301
2022-09-30 19:30:00,3.3912
2022-09-30 20:00:00,2.3868
2022-09-30 20:30:00,1.9594
2022-09-30 21:00:00,1.967
2022-09-30 21:30:00,1.7086
2022-09-30 22:00:00,1.204
2022-09-30 22:30:00,0.9251
2022-09-30 23:00:00,0.5638
2022-09-30 23:30:00,0.7153
2022-10-01 00:00:00,1.0546
2022-10-01 00:30:00,1.2806
2022-10-01 01:00:00,1.0777
2022-10-01 01:30:00,0.3261
2022-10-01 02:00:00,-0.4358
2022-10-01 02:30:00,-0.7132
2022-10-01 03:00:00,-1.0113
2022-10-01 03:30:00,-1.2301
2022-10-01 04:00:00,-1.1482
2022-10-01 04:30:00,-0.9639
2022-10-01 05:00:00,-0.8177
2022-10-01 05:30:00,-0.3389
2022-10-01 06:00:00,0.0782
2022-10-01 06:30:00,1.2043
2022-10-01 07:00:00,2.4421
2022-10-01 07:30:00,3.3584
2022-10-01 08:00:00,5.1006
2022-10-01 08:30:00,6.4944
2022-10-01 09:00:00,7.7105
2022-10-01 09:30:00,8.5223
2022-10-01 10:00:00,8.9742
2022-10-01 10:30:00,9.4393
2022-10-01 11:00:00,9.963
2022-10-01 11:30:00,10.2228
2022-10-01 12:00:00,10.7869
2022-10-01 12:30:00,10.8643
2022-10-01 13:00:00,11.2847
2022-10-01 13:30:00,11.0796
2022-10-01 14:00:00,10.8519
2022-10-01 14:30:00,9.3226
2022-10-01 15:00:00,8.5025
2022-10-01 15:30:00,7.6877
2022-10-01 16:00:00,6.6414
2022-10-01 16:30:00,5.7089
2022-10-01 17:00:00,4.913
2022-10-01 17:30:00,4.1892
2022-10-01 18:00:00,3.6738
2022-10-01 18:30:00,3.2678
2022-10-01 19:00:00,2.6845
2022-10-01 19:30:00,2.3419
2022-10-01 20:00:00,2.2533
2022-10-01 20:30:00,1.8339
2022-10-01 21:00:00,1.5189
2022-10-01 21:30:00,1.2664
2022-10-01 22:00:00,0.7102
2022-10-01 22:30:00,0.0414
2022-10-01 23:00:00,-0.4164
2022-10-01 23:30:00,-0.5953
2022-10-02 00:00:00,-1.1693
2022-10-02 00:30:00,-1.367
2022-10-02 01:00:00,-1.2372
2022-10-02 01:30:00,-1.3796
2022-10-02 02:00:00,-1.1529
2022-10-02 02:30:00,-0.7498
2022-10-02 03:00:00,-0.4274
2022-10-02 03:30:00,-0.0671
2022-10-02 04:00:00,0.0623
2022-10-02 04:30:00,0.2964
2022-10-02 05:00:00,0.7685
2022-10-02 05:30:00,1.4824
2022-10-02 06:00:00,2.5224
2022-10-02 06:30:00,3.9861
2022-10-02 07:00:00,6.7491
2022-10-02 07:30:00,7.6432
2022-10-02 08:00:00,7.8447
2022-10-02 08:30:00,8.4783
2022-10-02 09:00:00,8.927
2022-10-02 09:30:00,9.452
2022-10-02 10:00:00,10.3544
2022-10-02 10:30:00,10.7239
2022-10-02 11:00:00,10.522
2022-10-02 11:30:00,10.8573
2022-10-02 12:00:00,10.5721
2022-10-02 12:30:00,10.4067
2022-10-02 13:00:00,10.8433
2022-10-02 13:30:00,10.437
2022-10-02 14:00:00,9.7499
2022-10-02 14:30:00,9.002
2022-10-02 15:00:00,7.8261
2022-10-02 15:30:00,6.6416
2022-10-02 16:00:00,5.4738
2022-10-02 16:30:00,4.6209
2022-10-02 17:00:00,4.0895
2022-10-02 17:30:00,3.616
2022-10-02 18:00:00,3.3133
2022-10-02 18:30:00,2.5741
2022-10-02 19:00:00,1.6558
2022-10-02 19:30:00,1.0343
2022-10-02 20:00:00,0.7255
2022-10-02 20:30:00,0.4267
2022-10-02 21:00:00,0.0913
2022-10-02 21:30:00,-0.185
2022-10-02 22:00:00,-0.3963
2022-10-02 22:30:00,-0.6739
2022-10-02 23:00:00,-0.988
2022-10-02 23:30:00,-1.0475
2022-10-03 00:00:00,-1.1354
2022-10-03 00:30:00,-1.2795
2022-10-03 01:00:00,-1.4879
2022-10-03 01:30:00,-1.6867
2022-10-03 02:00:00,-1.65
2022-10-03 02:30:00,-1.3498
2022-10-03 03:00:00,-1.1013
2022-10-03 03:30:00,-0.8831
2022-10-03 04:00:00,-0.8699
2022-10-03 04:30:00,-0.5561
2022-10-03 05:00:00,-0.1548
2022-10-03 05:30:00,1.497
2022-10-03 06:00:00,2.9475
2022-10-03 06:30:00,2.9145
2022-10-03 07:00:00,3.1724
2022-10-03 07:30:00,3.7456
2022-10-03 08:00:00,4.3255
2022-10-03 08:30:00,4.9566
2022-10-03 09:00:00,5.3902
2022-10-03 09:30:00,5.6949
2022-10-03 10:00:00,5.887
2022-10-03 10:30:00,6.2384
2022-10-03 11:00:00,6.709
2022-10-03 11:30:00,7.0294
2022-10-03 12:00:00,7.3791
2022-10-03 12:30:00,7.7844
2022-10-03 13:00:00,7.8575
2022-10-03 13:30:00,7.6971
2022-10-03 14:00:00,7.6494
2022-10-03 14:30:00,7.6301
2022-10-03 15:00:00,7.5492
2022-10-03 15:30:00,7.3281
2022-10-03 16:00:00,7.3321
2022-10-03 16:30:00,7.2643
2022-10-03 17:00:00,7.1872
2022-10-03 17:30:00,7.1404
2022-10-03 18:00:00,6.8886
2022-10-03 18:30:00,6.5989
2022-10-03 19:00:00,6.3626
2022-10-03 19:30:00,6.2084
2022-10-03 20:00:00,6.1026
2022-10-03 20:30:00,6.1317
2022-10-03 21:00:00,6.1101
2022-10-03 21:30:00,6.1239
2022-10-03 22:00:00,5.9251
2022-10-03 22:30:00,5.3377
2022-10-03 23:00:00,4.9579
2022-10-03 23:30:00,4.8374
2022-10-04 00:00:00,4.8467
2022-10-04 00:30:00,4.8783
2022-10-04 01:00:00,5.0197
2022-10-04 01:30:00,4.9923
2022-10-04 02:00:00,5.0172
2022-10-04 02:30:00,5.1024
2022-10-04 03:00:00,5.1744
2022-10-04 03:30:00,5.0362
2022-10-04 04:00:00,5.0439
2022-10-04 04:30:00,5.0644
2022-10-04 05:00:00,5.3078
2022-10-04 05:30:00,5.5377
2022-10-04 06:00:00,6.0268
2022-10-04 06:30:00,6.5005
2022-10-04 07:00:00,6.508
2022-10-04 07:30:00,6.5215
2022-10-04 08:00:00,6.5238
2022-10-04 08:30:00,6.6322
2022-10-04 09:00:00,6.6843
2022-10-04 09:30:00,6.8015
2022-10-04 10:00:00,7.0394
2022-10-04 10:30:00,7.0366
2022-10-04 11:00:00,6.9935
2022-10-04 11:30:00,7.1402
2022-10-04 12:00:00,7.4619
2022-10-04 12:30:00,7.4001
2022-10-04 13:00:00,7.3099
2022-10-04 13:30:00,7.1505
2022-10-04 14:00:00,7.0169
2022-10-04 14:30:00,6.8978
2022-10-04 15:00:00,6.8221
2022-10-04 15:30:00,6.7396
2022-10-04 16:00:00,6.5515
2022-10-04 16:30:00,6.434
2022-10-04 17:00:00,6.2809
2022-10-04 17:30:00,6.3274
2022-10-04 18:00:00,6.2909
2022-10-04 18:30:00,6.2078
2022-10-04 19:00:00,5.7598
2022-10-04 19:30:00,4.4295
2022-10-04 20:00:00,2.9014
2022-10-04 20:30:00,1.7318
2022-10-04 21:00:00,0.7968
2022-10-04 21:30:00,-0.094
2022-10-04 22:00:00,-0.862
2022-10-04 22:30:00,-1.4245
2022-10-04 23:00:00,-1.7065
2022-10-04 23:30:00,-1.8754
2022-10-05 00:00:00,-2.1073
2022-10-05 00:30:00,-2.4477
2022-10-05 01:00:00,-2.5419
2022-10-05 01:30:00,-2.7831
2022-10-05 02:00:00,-2.8197
2022-10-05 02:30:00,-2.57
2022-10-05 03:00:00,-2.2326
2022-10-05 03:30:00,-1.7888
2022-10-05 04:00:00,-1.5422
2022-10-05 04:30:00,-1.3661
2022-10-05 05:00:00,-1.0036
2022-10-05 05:30:00,-0.5997
2022-10-05 06:00:00,-0.2622
2022-10-05 06:30:00,0.042
2022-10-05 07:00:00,0.7476
2022-10-05 07:30:00,2.7805
2022-10-05 08:00:00,4.2691
2022-10-05 08:30:00,4.8738
2022-10-05 09:00:00,5.3547
2022-10-05 09:30:00,5.7507
2022-10-05 10:00:00,6.0849
2022-10-05 10:30:00,6.3195
2022-10-05 11:00:00,6.6216
2022-10-05 11:30:00,6.9342
2022-10-05 12:00:00,7.3653
2022-10-05 12:30:00,7.6264
2022-10-05 13:00:00,7.9936
2022-10-05 13:30:00,8.3517
2022-10-05 14:00:00,8.5807
2022-10-05 14:30:00,8.8735
2022-10-05 15:00:00,9.2603
2022-10-05 15:30:00,9.6256
2022-10-05 16:00:00,9.8916
2022-10-05 16:30:00,10.207
2022-10-05 17:00:00,10.5481
2022-10-05 17:30:00,10.7377
2022-10-05 18:00:00,10.8476
2022-10-05 18:30:00,10.9631
2022-10-05 19:00:00,11.0625
2022-10-05 19:30:00,11.1599
2022-10-05 20:00:00,11.2415
2022-10-05 20:30:00,11.3134
2022-10-05 21:00:00,11.3861
2022-10-05 21:30:00,11.4145
2022-10-05 22:00:00,11.4478
2022-10-05 22:30:00,11.4701
2022-10-05 23:00:00,11.5319
2022-10-05 23:30:00,11.6133
2022-10-06 00:00:00,11.7267
2022-10-06 00:30:00,11.8151
2022-10-06 01:00:00,11.9794
2022-10-06 01:30:00,12.1489
2022-10-06 02:00:00,12.1535
2022-10-06 02:30:00,12.0997
2022-10-06 03:00:00,12.0006
2022-10-06 03:30:00,11.8838
2022-10-06 04:00:00,11.7952
2022-10-06 04:30:00,11.7334
2022-10-06 05:00:00,11.6827
2022-10-06 05:30:00,11.6889
2022-10-06 06:00:00,11.7004
2022-10-06 06:30:00,11.6896
2022-10-06 07:00:00,11.6448
2022-10-06 07:30:00,11.5817
2022-10-06 08:00:00,11.572
2022-10-06 08:30:00,11.6135
2022-10-06 09:00:00,11.6736
2022-10-06 09:30:00,11.8091
2022-10-06 10:00:00,12.0127
2022-10-06 10:30:00,12.2575
2022-10-06 11:00:00,12.2679
2022-10-06 11:30:00,11.2034
2022-10-06 12:00:00,10.2151
2022-10-06 12:30:00,10.1159
2022-10-06 13:00:00,10.1541
2022-10-06 13:30:00,10.0763
2022-10-06 14:00:00,9.9836
2022-10-06 14:30:00,9.6364
2022-10-06 15:00:00,9.6851
2022-10-06 15:30:00,9.6801
2022-10-06 16:00:00,9.9061
2022-10-06 16:30:00,9.5919
2022-10-06 17:00:00,9.5259
2022-10-06 17:30:00,9.2668
2022-10-06 18:00:00,9.1877
2022-10-06 18:30:00,9.2214
2022-10-06 19:00:00,9.3439
2022-10-06 19:30:00,9.1248
2022-10-06 20:00:00,8.7402
2022-10-06 20:30:00,8.4243
2022-10-06 21:00:00,8.0619
2022-10-06 21:30:00,7.9256
2022-10-06 22:00:00,7.9623
2022-10-06 22:30:00,7.8778
2022-10-06 23:00:00,7.8598
2022-10-06 23:30:00,7.9968
2022-10-07 00:00:00,8.3207
2022-10-07 00:30:00,8.6144
2022-10-07 01:00:00,8.6272
2022-10-07 01:30:00,8.7204
2022-10-07 02:00:00,9.1634
2022-10-07 02:30:00,9.3179
2022-10-07 03:00:00,9.1959
2022-10-07 03:30:00,9.154
2022-10-07 04:00:00,9.0907
2022-10-07 04:30:00,8.6863
2022-10-07 05:00:00,8.5848
2022-10-07 05:30:00,8.7443
2022-10-07 06:00:00,9.563
2022-10-07 06:30:00,10.2196
2022-10-07 07:00:00,10.5954
2022-10-07 07:30:00,11.0723
2022-10-07 08:00:00,11.1068
2022-10-07 08:30:00,11.462
2022-10-07 09:00:00,11.8408
2022-10-07 09:30:00,11.9313
2022-10-07 10:00:00,12.7765
2022-10-07 10:30:00,12.9665
2022-10-07 11:00:00,13.0517
2022-10-07 11:30:00,12.8297
2022-10-07 12:00:00,13.1334
2022-10-07 12:30:00,13.2107
2022-10-07 13:00:00,13.5263
2022-10-07 13:30:00,13.1324
2022-10-07 14:00:00,12.4991
2022-10-07 14:30:00,11.4344
2022-10-07 15:00:00,10.7665
2022-10-07 15:30:00,10.9864
2022-10-07 16:00:00,11.2026
2022-10-07 16:30:00,11.3842
2022-10-07 17:00:00,11.5914
2022-10-07 17:30:00,11.7652
2022-10-07 18:00:00,11.8778
2022-10-07 18:30:00,12.0177
2022-10-07 19:00:00,12.166
2022-10-07 19:30:00,12.3072
2022-10-07 20:00:00,12.2862
2022-10-07 20:30:00,12.1816
2022-10-07 21:00:00,12.2983
2022-10-07 21:30:00,12.1155
2022-10-07 22:00:00,11.6571
2022-10-07 22:30:00,11.401
2022-10-07 23:00:00,11.6053
2022-10-07 23:30:00,11.7196
2022-10-08 00:00:00,11.6715
2022-10-08 00:30:00,11.5953
2022-10-08 01:00:00,11.5904
2022-10-08 01:30:00,11.5921
2022-10-08 02:00:00,11.5407
2022-10-08 02:30:00,11.4122
2022-10-08 03:00:00,11.399
2022-10-08 03:30:00,11.3361
2022-10-08 04:00:00,11.3694
2022-10-08 04:30:00,11.4134
2022-10-08 05:00:00,10.9482
2022-10-08 05:30:00,10.8796
2022-10-08 06:00:00,10.8778
2022-10-08 06:30:00,11.0187
2022-10-08 07:00:00,11.0987
2022-10-08 07:30:00,10.9265
2022-10-08 08:00:00,11.0306
2022-10-08 08:30:00,10.9152
2022-10-08 09:00:00,10.8279
2022-10-08 09:30:00,10.5977
2022-10-08 10:00:00,10.7294
2022-10-08 10:30:00,10.9746
2022-10-08 11:00:00,10.9104
2022-10-08 11:30:00,10.6472
2022-10-08 12:00:00,10.1222
2022-10-08 12:30:00,10.1217
2022-10-08 13:00:00,9.9798
2022-10-08 13:30:00,10.2693
2022-10-08 14:00:00,9.8531
2022-10-08 14:30:00,9.4556
2022-10-08 15:00:00,9.1693
2022-10-08 15:30:00,8.6037
2022-10-08 16:00:00,8.0972
2022-10-08 16:30:00,7.7164
2022-10-08 17:00:00,7.6925
2022-10-08 17:30:00,7.5103
2022-10-08 18:00:00,7.2091
2022-10-08 18:30:00,6.895
2022-10-08 19:00:00,6.5811
2022-10-08 19:30:00,5.6636
2022-10-08 20:00:00,4.1458
2022-10-08 20:30:00,3.6468
2022-10-08 21:00:00,3.4341
2022-10-08 21:30:00,3.0731
2022-10-08 22:00:00,2.9356
2022-10-08 22:30:00,2.9067
2022-10-08 23:00:00,2.4808
2022-10-08 23:30:00,2.2335
2022-10-09 00:00:00,2.0691
2022-10-09 00:30:00,2.4252
2022-10-09 01:00:00,1.8041
2022-10-09 01:30:00,2.2858
2022-10-09 02:00:00,3.2134
2022-10-09 02:30:00,3.3375
2022-10-09 03:00:00,3.1109
2022-10-09 03:30:00,2.7574
2022-10-09 04:00:00,2.4024
2022-10-09 04:30:00,2.3945
2022-10-09 05:00:00,2.2517
2022-10-09 05:30:00,2.8028
2022-10-09 06:00:00,3.7756
2022-10-09 06:30:00,5.3666
2022-10-09 07:00:00,6.0649
2022-10-09 07:30:00,6.7881
2022-10-09 08:00:00,7.2168
2022-10-09 08:30:00,7.9252
2022-10-09 09:00:00,8.0002
2022-10-09 09:30:00,8.5694
2022-10-09 10:00:00,8.3832
2022-10-09 10:30:00,8.6995
2022-10-09 11:00:00,9.883
2022-10-09 11:30:00,9.8123
2022-10-09 12:00:00,9.8753
2022-10-09 12:30:00,10.2053
2022-10-09 13:00:00,10.2082
2022-10-09 13:30:00,9.9342
2022-10-09 14:00:00,9.3026
2022-10-09 14:30:00,8.658
2022-10-09 15:00:00,7.8042
2022-10-09 15:30:00,5.359
2022-10-09 16:00:00,3.5729
2022-10-09 16:30:00,2.7274
2022-10-09 17:00:00,1.9828
2022-10-09 17:30:00,1.5056
2022-10-09 18:00:00,1.3637
2022-10-09 18:30:00,1.0206
2022-10-09 19:00:00,0.8908
2022-10-09 19:30:00,0.8133
2022-10-09 20:00:00,0.6637
2022-10-09 20:30:00,0.594
2022-10-09 21:00:00,0.7752
2022-10-09 21:30:00,0.7527
2022-10-09 22:00:00,0.2318
2022-10-09 22:30:00,0.077
2022-10-09 23:00:00,0.0891
2022-10-09 23:30:00,0.0788
2022-10-10 00:00:00,0.4975
2022-10-10 00:30:00,0.4475
2022-10-10 01:00:00,0.6645
2022-10-10 01:30:00,1.9294
2022-10-10 02:00:00,2.7108
2022-10-10 02:30:00,3.5199
2022-10-10 03:00:00,4.1386
2022-10-10 03:30:00,4.8691
2022-10-10 04:00:00,5.1792
2022-10-10 04:30:00,5.2483
2022-10-10 05:00:00,5.8637
2022-10-10 05:30:00,6.8404
2022-10-10 06:00:00,7.7476
2022-10-10 06:30:00,8.4188
2022-10-10 07:00:00,8.837
2022-10-10 07:30:00,9.6893
2022-10-10 08:00:00,10.3637
2022-10-10 08:30:00,10.8783
2022-10-10 09:00:00,11.5825
2022-10-10 09:30:00,12.1475
2022-10-10 10:00:00,12.8117
2022-10-10 10:30:00,12.2413
2022-10-10 11:00:00,12.4438
2022-10-10 11:30:00,12.94
2022-10-10 12:00:00,12.8135
2022-10-10 12:30:00,12.8475
2022-10-10 13:00:00,12.9342
2022-10-10 13:30:00,12.4928
2022-10-10 14:00:00,11.8327
2022-10-10 14:30:00,11.1601
2022-10-10 15:00:00,10.3699
2022-10-10 15:30:00,9.8706
2022-10-10 16:00:00,9.4995
2022-10-10 16:30:00,9.2873
2022-10-10 17:00:00,8.8127
2022-10-10 17:30:00,8.5647
2022-10-10 18:00:00,8.3602
2022-10-10 18:30:00,8.3499
2022-10-10 19:00:00,8.5117
2022-10-10 19:30:00,9.0174
2022-10-10 20:00:00,9.1256
2022-10-10 20:30:00,8.7889
2022-10-10 21:00:00,8.7381
2022-10-10 21:30:00,8.8793
2022-10-10 22:00:00,8.7581
2022-10-10 22:30:00,8.491
2022-10-10 23:00:00,8.3195
2022-10-10 23:30:00,8.2031
2022-10-11 00:00:00,8.4804
2022-10-11 00:30:00,8.4196
2022-10-11 01:00:00,8.3651
2022-10-11 01:30:00,8.259
2022-10-11 02:00:00,8.1808
2022-10-11 02:30:00,8.185
2022-10-11 03:00:00,8.1735
2022-10-11 03:30:00,8.1071
2022-10-11 04:00:00,8.0054
2022-10-11 04:30:00,7.8966
2022-10-11 05:00:00,7.8409
2022-10-11 05:30:00,7.8489
2022-10-11 06:00:00,7.6821
2022-10-11 06:30:00,7.58
2022-10-11 07:00:00,7.4759
2022-10-11 07:30:00,7.375
2022-10-11 08:00:00,7.2866
2022-10-11 08:30:00,7.1976
2022-10-11 09:00:00,6.8772
2022-10-11 09:30:00,6.7978
2022-10-11 10:00:00,6.7611
2022-10-11 10:30:00,6.8643
2022-10-11 11:00:00,6.9931
2022-10-11 11:30:00,7.2452
2022-10-11 12:00:00,7.5503
2022-10-11 12:30:00,7.9988
2022-10-11 13:00:00,8.4845
2022-10-11 13:30:00,8.3305
2022-10-11 14:00:00,7.7042
2022-10-11 14:30:00,7.3898
2022-10-11 15:00:00,7.1252
2022-10-11 15:30:00,6.7593
2022-10-11 16:00:00,6.8369
2022-10-11 16:30:00,7.414
2022-10-11 17:00:00,7.5265
2022-10-11 17:30:00,7.2645
2022-10-11 18:00:00,7.2239
2022-10-11 18:30:00,6.9969
2022-10-11 19:00:00,6.3309
2022-10-11 19:30:00,5.7509
2022-10-11 20:00:00,5.4764
2022-10-11 20:30:00,5.151
2022-10-11 21:00:00,4.8597
2022-10-11 21:30:00,4.6019
2022-10-11 22:00:00,4.3495
2022-10-11 22:30:00,4.2916
2022-10-11 23:00:00,4.1578
2022-10-11 23:30:00,3.8988
2022-10-12 00:00:00,3.6132
2022-10-12 00:30:00,3.5531
2022-10-12 01:00:00,2.9179
2022-10-12 01:30:00,2.3568
2022-10-12 02:00:00,2.4318
2022-10-12 02:30:00,2.38
2022-10-12 03:00:00,2.4034
2022-10-12 03:30:00,2.4724
2022-10-12 04:00:00,2.5522
2022-10-12 04:30:00,2.5918
2022-10-12 05:00:00,2.5556
2022-10-12 05:30:00,2.684
2022-10-12 06:00:00,3.2816
2022-10-12 06:30:00,4.2001
2022-10-12 07:00:00,4.8421
2022-10-12 07:30:00,5.6814
2022-10-12 08:00:00,6.1446
2022-10-12 08:30:00,6.3509
2022-10-12 09:00:00,6.8566
2022-10-12 09:30:00,6.7235
2022-10-12 10:00:00,7.3307
2022-10-12 10:30:00,7.7582
2022-10-12 11:00:00,8.5622
2022-10-12 11:30:00,8.2154
2022-10-12 12:00:00,8.0092
2022-10-12 12:30:00,7.8893
2022-10-12 13:00:00,7.4732
2022-10-12 13:30:00,7.2593
2022-10-12 14:00:00,7.0747
2022-10-12 14:30:00,6.0946
2022-10-12 15:00:00,4.0766
2022-10-12 15:30:00,2.4647
2022-10-12 16:00:00,1.3923
2022-10-12 16:30:00,0.6376
2022-10-12 17:00:00,-0.1157
2022-10-12 17:30:00,-0.8307
2022-10-12 18:00:00,-1.5154
2022-10-12 18:30:00,-2.0731
2022-10-12 19:00:00,-2.4468
2022-10-12 19:30:00,-2.6715
2022-10-12 20:00:00,-2.7884
2022-10-12 20:30:00,-2.7912
2022-10-12 21:00:00,-2.9041
2022-10-12 21:30:00,-3.0136
2022-10-12 22:00:00,-3.0663
2022-10-12 22:30:00,-3.3356
2022-10-12 23:00:00,-3.5295
2022-10-12 23:30:00,-3.5805
2022-10-13 00:00:00,-1.4533902350379866
2022-10-13 00:30:00,-3.9103
2022-10-13 01:00:00,-3.9295
2022-10-13 01:30:00,-4.1148
2022-10-13 02:00:00,-3.9866
2022-10-13 02:30:00,-4.1852
2022-10-13 03:00:00,-4.3266
2022-10-13 03:30:00,-4.2493
2022-10-13 04:00:00,-4.2033
2022-10-13 04:30:00,-4.0998
2022-10-13 05:00:00,-3.4823
2022-10-13 05:30:00,-2.9047
2022-10-13 06:00:00,-1.9713
2022-10-13 06:30:00,-0.2896
2022-10-13 07:00:00,2.1039
2022-10-13 07:30:00,4.3473
2022-10-13 08:00:00,5.8101
2022-10-13 08:30:00,6.8392
2022-10-13 09:00:00,7.1043
2022-10-13 09:30:00,7.784
2022-10-13 10:00:00,8.3476
2022-10-13 10:30:00,8.5254
2022-10-13 11:00:00,8.6706
2022-10-13 11:30:00,8.9311
2022-10-13 12:00:00,9.1727
2022-10-13 12:30:00,9.4457
2022-10-13 13:00:00,9.6715
2022-10-13 13:30:00,9.6124
2022-10-13 14:00:00,9.614
2022-10-13 14:30:00,9.3817
2022-10-13 15:00:00,9.2402
2022-10-13 15:30:00,9.1427
2022-10-13 16:00:00,9.0131
2022-10-13 16:30:00,9.0462
2022-10-13 17:00:00,8.9809
2022-10-13 17:30:00,9.0007
2022-10-13 18:00:00,8.9678
2022-10-13 18:30:00,8.9767
2022-10-13 19:00:00,8.8662
2022-10-13 19:30:00,8.7753
2022-10-13 20:00:00,8.7158
2022-10-13 20:30:00,8.5451
2022-10-13 21:00:00,8.488
2022-10-13 21:30:00,8.5714
2022-10-13 22:00:00,8.6515
2022-10-13 22:30:00,8.6879
2022-10-13 23:00:00,8.7407
2022-10-13 23:30:00,8.328758127196764
2022-10-14 00:00:00,8.471071158500333
2022-10-14 00:30:00,8.6221
2022-10-14 01:00:00,8.6352
2022-10-14 01:30:00,8.7298
2022-10-14 02:00:00,8.8055
2022-10-14 02:30:00,8.7686
2022-10-14 03:00:00,8.7409
2022-10-14 03:30:00,8.7788
2022-10-14 04:00:00,8.8098
2022-10-14 04:30:00,8.7572
2022-10-14 05:00:00,8.7427
2022-10-14 05:30:00,8.7163
2022-10-14 06:00:00,8.6882
2022-10-14 06:30:00,8.6673
2022-10-14 07:00:00,8.6954
2022-10-14 07:30:00,8.7876
2022-10-14 08:00:00,8.9898
2022-10-14 08:30:00,9.1633
2022-10-14 09:00:00,8.9774
2022-10-14 09:30:00,8.9052
2022-10-14 10:00:00,9.2113
2022-10-14 10:30:00,9.486
2022-10-14 11:00:00,9.0492
2022-10-14 11:30:00,9.3409
2022-10-14 12:00:00,9.4955
2022-10-14 12:30:00,9.3691
2022-10-14 13:00:00,9.317
2022-10-14 13:30:00,9.3258
2022-10-14 14:00:00,9.2963
2022-10-14 14:30:00,9.1654
2022-10-14 15:00:00,9.029
2022-10-14 15:30:00,10.058984981466462
2022-10-14 16:00:00,8.8047
2022-10-14 16:30:00,8.7244
2022-10-14 17:00:00,8.7039
2022-10-14 17:30:00,8.702
2022-10-14 18:00:00,8.6866
2022-10-14 18:30:00,8.661
2022-10-14 19:00:00,8.632
2022-10-14 19:30:00,8.5622
2022-10-14 20:00:00,8.5436
2022-10-14 20:30:00,8.5909
2022-10-14 21:00:00,8.6653
2022-10-14 21:30:00,8.6622
2022-10-14 22:00:00,8.6124
2022-10-14 22:30:00,8.6592
2022-10-14 23:00:00,8.7457
2022-10-14 23:30:00,8.4976
2022-10-15 00:00:00,8.2442
2022-10-15 00:30:00,8.2448
2022-10-15 01:00:00,8.2159
2022-10-15 01:30:00,8.238
2022-10-15 02:00:00,8.3381
2022-10-15 02:30:00,8.5697
2022-10-15 03:00:00,8.7964
2022-10-15 03:30:00,8.9899
2022-10-15 04:00:00,9.1867
2022-10-15 04:30:00,9.2547
2022-10-15 05:00:00,9.2968
2022-10-15 05:30:00,9.3212
2022-10-15 06:00:00,9.4762
2022-10-15 06:30:00,9.5541
2022-10-15 07:00:00,9.5539
2022-10-15 07:30:00,9.6018
2022-10-15 08:00:00,9.7031
2022-10-15 08:30:00,9.7468
2022-10-15 09:00:00,9.8476
2022-10-15 09:30:00,9.9846
2022-10-15 10:00:00,9.8684
2022-10-15 10:30:00,9.6987
2022-10-15 11:00:00,9.5889
2022-10-15 11:30:00,9.4205
2022-10-15 12:00:00,9.3909
2022-10-15 12:30:00,9.4533
2022-10-15 13:00:00,9.4385
2022-10-15 13:30:00,9.4003
2022-10-15 14:00:00,9.2587
2022-10-15 14:30:00,9.0101
2022-10-15 15:00:00,10.178827534143153
2022-10-15 15:30:00,8.8191
2022-10-15 16:00:00,8.7466
2022-10-15 16:30:00,8.6571
2022-10-15 17:00:00,8.6817
2022-10-15 17:30:00,8.7902
2022-10-15 18:00:00,8.9619
2022-10-15 18:30:00,9.0945
2022-10-15 19:00:00,9.2981
2022-10-15 19:30:00,9.17514615547588
2022-10-15 20:00:00,9.265028069983398
2022-10-15 20:30:00,9.6652
2022-10-15 21:00:00,9.8333
2022-10-15 21:30:00,9.9435
2022-10-15 22:00:00,9.9188
2022-10-15 22:30:00,9.8571
2022-10-15 23:00:00,9.7903
2022-10-15 23:30:00,9.7456
2022-10-16 00:00:00,9.6823
2022-10-16 00:30:00,9.673
2022-10-16 01:00:00,9.8276
2022-10-16 01:30:00,9.906
2022-10-16 02:00:00,9.9211
2022-10-16 02:30:00,9.866
2022-10-16 03:00:00,9.678
2022-10-16 03:30:00,9.5098
2022-10-16 04:00:00,9.4375
2022-10-16 04:30:00,9.3563
2022-10-16 05:00:00,9.3038
2022-10-16 05:30:00,9.3152
2022-10-16 06:00:00,9.4167
2022-10-16 06:30:00,9.549
2022-10-16 07:00:00,9.64
2022-10-16 07:30:00,9.7015
2022-10-16 08:00:00,9.8466
2022-10-16 08:30:00,10.0409
2022-10-16 09:00:00,10.2686
2022-10-16 09:30:00,10.5776
2022-10-16 10:00:00,10.909
2022-10-16 10:30:00,11.1542
2022-10-16 11:00:00,11.5758
2022-10-16 11:30:00,11.558
2022-10-16 12:00:00,11.4485
2022-10-16 12:30:00,11.2384
2022-10-16 13:00:00,11.1135
2022-10-16 13:30:00,11.1296
2022-10-16 14:00:00,11.2599
2022-10-16 14:30:00,11.314
2022-10-16 15:00:00,11.4634
2022-10-16 15:30:00,11.5732
2022-10-16 16:00:00,11.4817
2022-10-16 16:30:00,11.2473
2022-10-16 17:00:00,10.9569
2022-10-16 17:30:00,10.8816
2022-10-16 18:00:00,10.7529
2022-10-16 18:30:00,10.515
2022-10-16 19:00:00,10.1992
2022-10-16 19:30:00,10.1452
2022-10-16 20:00:00,10.2631
2022-10-16 20:30:00,10.4666
2022-10-16 21:00:00,10.4019
2022-10-16 21:30:00,10.2916
2022-10-16 22:00:00,9.2358
2022-10-16 22:30:00,8.4103
2022-10-16 23:00:00,8.028
2022-10-16 23:30:00,7.5387
2022-10-17 00:00:00,7.5882
2022-10-17 00:30:00,7.6908
2022-10-17 01:00:00,7.6185
2022-10-17 01:30:00,7.5337
2022-10-17 02:00:00,7.4574
2022-10-17 02:30:00,7.2855
2022-10-17 03:00:00,7.0412
2022-10-17 03:30:00,6.8222
2022-10-17 04:00:00,6.8749
2022-10-17 04:30:00,7.06
2022-10-17 05:00:00,7.4546
2022-10-17 05:30:00,7.777
2022-10-17 06:00:00,7.811937118778543
2022-10-17 06:30:00,7.9611
2022-10-17 07:00:00,7.9047
2022-10-17 07:30:00,7.9324
2022-10-17 08:00:00,8.3317
2022-10-17 08:30:00,8.3459
2022-10-17 09:00:00,8.3236
2022-10-17 09:30:00,8.4557
2022-10-17 10:00:00,8.7581
2022-10-17 10:30:00,9.3356
2022-10-17 11:00:00,9.3055
2022-10-17 11:30:00,9.5625
2022-10-17 12:00:00,9.4509
2022-10-17 12:30:00,9.508
2022-10-17 13:00:00,9.3475
2022-10-17 13:30:00,9.2404
2022-10-17 14:00:00,8.7386
2022-10-17 14:30:00,8.2417
2022-10-17 15:00:00,7.9207
2022-10-17 15:30:00,7.54
2022-10-17 16:00:00,6.8744
2022-10-17 16:30:00,6.3005
2022-10-17 17:00:00,6.0936
2022-10-17 17:30:00,6.1814
2022-10-17 18:00:00,6.3922
2022-10-17 18:30:00,6.517
2022-10-17 19:00:00,6.561
2022-10-17 19:30:00,6.568
2022-10-17 20:00:00,6.6026
2022-10-17 20:30:00,6.3676
2022-10-17 21:00:00,5.7749
2022-10-17 21:30:00,5.3175
2022-10-17 22:00:00,5.7675
2022-10-17 22:30:00,6.1867
2022-10-17 23:00:00,6.3388
2022-10-17 23:30:00,6.2693
2022-10-18 00:00:00,5.9786
2022-10-18 00:30:00,5.5617
2022-10-18 01:00:00,5.5632
2022-10-18 01:30:00,5.4619
2022-10-18 02:00:00,5.337
2022-10-18 02:30:00,5.0302
2022-10-18 03:00:00,5.3171
2022-10-18 03:30:00,5.9309
2022-10-18 04:00:00,6.1896
2022-10-18 04:30:00,6.2733
2022-10-18 05:00:00,6.317
2022-10-18 05:30:00,6.3993
2022-10-18 06:00:00,6.5598
2022-10-18 06:30:00,6.7393
2022-10-18 07:00:00,7.0039
2022-10-18 07:30:00,7.2763
2022-10-18 08:00:00,7.4666
2022-10-18 08:30:00,7.7437
2022-10-18 09:00:00,8.0287
2022-10-18 09:30:00,8.0741
2022-10-18 10:00:00,8.0688
2022-10-18 10:30:00,8.2407
2022-10-18 11:00:00,8.746
2022-10-18 11:30:00,8.34
2022-10-18 12:00:00,6.8142
2022-10-18 12:30:00,7.0813
2022-10-18 13:00:00,7.0192
2022-10-18 13:30:00,6.6576
2022-10-18 14:00:00,6.586
2022-10-18 14:30:00,6.1982
2022-10-18 15:00:00,5.7504
2022-10-18 15:30:00,5.0066
2022-10-18 16:00:00,4.6633
2022-10-18 16:30:00,4.8567
2022-10-18 17:00:00,4.9024
2022-10-18 17:30:00,4.7209
2022-10-18 18:00:00,4.3559
2022-10-18 18:30:00,3.7929
2022-10-18 19:00:00,3.1265
2022-10-18 19:30:00,2.3531
2022-10-18 20:00:00,1.9516
2022-10-18 20:30:00,1.9501
2022-10-18 21:00:00,2.3405
2022-10-18 21:30:00,1.9381
2022-10-18 22:00:00,1.2341
2022-10-18 22:30:00,0.8709
2022-10-18 23:00:00,0.8019
2022-10-18 23:30:00,0.7281
2022-10-19 00:00:00,0.5912
2022-10-19 00:30:00,0.3507
2022-10-19 01:00:00,0.1654
2022-10-19 01:30:00,0.4495
2022-10-19 02:00:00,0.6307
2022-10-19 02:30:00,0.4024
2022-10-19 03:00:00,0.2055
2022-10-19 03:30:00,-0.0569
2022-10-19 04:00:00,-0.5744
2022-10-19 04:30:00,-0.8453
2022-10-19 05:00:00,-0.8022
2022-10-19 05:30:00,-0.795
2022-10-19 06:00:00,-0.1664
2022-10-19 06:30:00,1.0295
2022-10-19 07:00:00,1.8948
2022-10-19 07:30:00,2.5724
2022-10-19 08:00:00,3.1853
2022-10-19 08:30:00,3.8767
2022-10-19 09:00:00,4.1116
2022-10-19 09:30:00,3.9669
2022-10-19 10:00:00,4.0868
2022-10-19 10:30:00,4.5259
2022-10-19 11:00:00,4.6327
2022-10-19 11:30:00,5.3121
2022-10-19 12:00:00,4.8392
2022-10-19 12:30:00,5.0423
2022-10-19 13:00:00,4.949
2022-10-19 13:30:00,4.6458
2022-10-19 14:00:00,4.1979
2022-10-19 14:30:00,2.8145
2022-10-19 15:00:00,1.008
2022-10-19 15:30:00,-0.175
2022-10-19 16:00:00,-0.9573
2022-10-19 16:30:00,-1.5865
2022-10-19 17:00:00,-1.8441
2022-10-19 17:30:00,-2.1679
2022-10-19 18:00:00,-2.1272
2022-10-19 18:30:00,-1.7356
2022-10-19 19:00:00,-1.4938
2022-10-19 19:30:00,-1.3437
2022-10-19 20:00:00,-1.3396
2022-10-19 20:30:00,-1.375
2022-10-19 21:00:00,-1.522
2022-10-19 21:30:00,-1.6238
2022-10-19 22:00:00,-1.6831
2022-10-19 22:30:00,-1.7166
2022-10-19 23:00:00,-0.6594333235549215
2022-10-19 23:30:00,-1.4241
2022-10-20 00:00:00,-1.6912
2022-10-20 00:30:00,-1.8166
2022-10-20 01:00:00,-1.8862
2022-10-20 01:30:00,-1.301
2022-10-20 02:00:00,-1.5162
2022-10-20 02:30:00,-0.9658
2022-10-20 03:00:00,0.2555
2022-10-20 03:30:00,0.7821
2022-10-20 04:00:00,1.0135
2022-10-20 04:30:00,1.1879
2022-10-20 05:00:00,0.7702
2022-10-20 05:30:00,1.5364
2022-10-20 06:00:00,2.3866
2022-10-20 06:30:00,2.7911
2022-10-20 07:00:00,3.1053
2022-10-20 07:30:00,3.4748
2022-10-20 08:00:00,3.8324
2022-10-20 08:30:00,4.069
2022-10-20 09:00:00,4.5632
2022-10-20 09:30:00,5.1928
2022-10-20 10:00:00,5.4631
2022-10-20 10:30:00,5.5403
2022-10-20 11:00:00,6.625
2022-10-20 11:30:00,7.5083
2022-10-20 12:00:00,6.9256
2022-10-20 12:30:00,7.7516
2022-10-20 13:00:00,7.8015
2022-10-20 13:30:00,6.3092
2022-10-20 14:00:00,5.4431
2022-10-20 14:30:00,4.7493
2022-10-20 15:00:00,3.4062
2022-10-20 15:30:00,2.28
2022-10-20 16:00:00,1.0595
2022-10-20 16:30:00,0.0068
2022-10-20 17:00:00,-0.703
2022-10-20 17:30:00,-1.4064
2022-10-20 18:00:00,-1.913
2022-10-20 18:30:00,-2.2253
2022-10-20 19:00:00,-2.3668
2022-10-20 19:30:00,-2.4744
2022-10-20 20:00:00,-2.2252
2022-10-20 20:30:00,-2.4222
2022-10-20 21:00:00,-1.9906
2022-10-20 21:30:00,-1.4664
2022-10-20 22:00:00,-1.0087
2022-10-20 22:30:00,-0.6557
2022-10-20 23:00:00,-0.4152
2022-10-20 23:30:00,-0.2101
2022-10-21 00:00:00,-0.0876
2022-10-21 00:30:00,-0.0139
2022-10-21 01:00:00,0.1271
2022-10-21 01:30:00,0.2312
2022-10-21 02:00:00,0.2171
2022-10-21 02:30:00,0.1488
2022-10-21 03:00:00,0.2463
2022-10-21 03:30:00,0.3514
2022-10-21 04:00:00,0.2861
2022-10-21 04:30:00,0.2969
2022-10-21 05:00:00,0.5089
2022-10-21 05:30:00,0.7856
2022-10-21 06:00:00,1.1405
2022-10-21 06:30:00,1.3184
2022-10-21 07:00:00,2.36
2022-10-21 07:30:00,4.0392
2022-10-21 08:00:00,4.4187
2022-10-21 08:30:00,5.3968
2022-10-21 09:00:00,6.2189
2022-10-21 09:30:00,6.6385
2022-10-21 10:00:00,6.5129
2022-10-21 10:30:00,6.7035
2022-10-21 11:00:00,7.1449
2022-10-21 11:30:00,7.6905
2022-10-21 12:00:00,7.1595
2022-10-21 12:30:00,7.0044
2022-10-21 13:00:00,6.654
2022-10-21 13:30:00,6.5695
2022-10-21 14:00:00,5.8084
2022-10-21 14:30:00,5.1011
2022-10-21 15:00:00,4.8451
2022-10-21 15:30:00,4.6213
2022-10-21 16:00:00,4.4385
2022-10-21 16:30:00,4.2775
2022-10-21 17:00:00,4.0915
2022-10-21 17:30:00,4.0695
2022-10-21 18:00:00,4.1448
2022-10-21 18:30:00,4.091
2022-10-21 19:00:00,4.0312
2022-10-21 19:30:00,3.9112
2022-10-21 20:00:00,3.8404
2022-10-21 20:30:00,3.8337
2022-10-21 21:00:00,3.8158
2022-10-21 21:30:00,3.8764
2022-10-21 22:00:00,3.8612
2022-10-21 22:30:00,3.8671
2022-10-21 23:00:00,3.8773
2022-10-21 23:30:00,4.2051
2022-10-22 00:00:00,4.3489
2022-10-22 00:30:00,4.3021
2022-10-22 01:00:00,4.2297
2022-10-22 01:30:00,4.082
2022-10-22 02:00:00,3.9119
2022-10-22 02:30:00,4.0067
2022-10-22 03:00:00,4.1979
2022-10-22 03:30:00,4.0248
2022-10-22 04:00:00,3.8222
2022-10-22 04:30:00,3.88
2022-10-22 05:00:00,4.0228
2022-10-22 05:30:00,4.0525
2022-10-22 06:00:00,4.4037
2022-10-22 06:30:00,4.9615
2022-10-22 07:00:00,5.342
2022-10-22 07:30:00,5.7197
2022-10-22 08:00:00,6.0668
2022-10-22 08:30:00,6.3039
2022-10-22 09:00:00,6.59
2022-10-22 09:30:00,6.9065
2022-10-22 10:00:00,6.9239
2022-10-22 10:30:00,6.9599
2022-10-22 11:00:00,7.0429
2022-10-22 11:30:00,7.1265
2022-10-22 12:00:00,7.1332
2022-10-22 12:30:00,7.1798
2022-10-22 13:00:00,6.9179
2022-10-22 13:30:00,6.7792
2022-10-22 14:00:00,6.4967
2022-10-22 14:30:00,6.0674
2022-10-22 15:00:00,5.149
2022-10-22 15:30:00,3.7086
2022-10-22 16:00:00,2.7567
2022-10-22 16:30:00,3.7508
2022-10-22 17:00:00,4.2053
2022-10-22 17:30:00,4.2173
2022-10-22 18:00:00,4.1104
2022-10-22 18:30:00,4.3742
2022-10-22 19:00:00,4.4083
2022-10-22 19:30:00,4.1959
2022-10-22 20:00:00,4.4307
2022-10-22 20:30:00,4.4516
2022-10-22 21:00:00,4.5469
2022-10-22 21:30:00,4.7489
2022-10-22 22:00:00,4.8077
2022-10-22 22:30:00,4.803
2022-10-22 23:00:00,4.8219
2022-10-22 23:30:00,4.9279
2022-10-23 00:00:00,5.0191
2022-10-23 00:30:00,5.071
2022-10-23 01:00:00,5.011
2022-10-23 01:30:00,5.2822
2022-10-23 02:00:00,5.3112
2022-10-23 02:30:00,5.1975
2022-10-23 03:00:00,5.133
2022-10-23 03:30:00,5.1757
2022-10-23 04:00:00,5.2213
2022-10-23 04:30:00,5.03
2022-10-23 05:00:00,5.0788
2022-10-23 05:30:00,5.2389
2022-10-23 06:00:00,5.4248
2022-10-23 06:30:00,5.3116
2022-10-23 07:00:00,5.5061
2022-10-23 07:30:00,5.8988
2022-10-23 08:00:00,5.7876
2022-10-23 08:30:00,5.8095
2022-10-23 09:00:00,5.7708
2022-10-23 09:30:00,5.898
2022-10-23 10:00:00,6.0686
2022-10-23 10:30:00,6.1041
2022-10-23 11:00:00,6.5501
2022-10-23 11:30:00,6.6344
2022-10-23 12:00:00,6.7304
2022-10-23 12:30:00,6.9662
2022-10-23 13:00:00,6.1592
2022-10-23 13:30:00,5.6257
2022-10-23 14:00:00,5.0229
2022-10-23 14:30:00,4.2019
2022-10-23 15:00:00,3.1844
2022-10-23 15:30:00,2.1154
2022-10-23 16:00:00,1.8054
2022-10-23 16:30:00,1.6933
2022-10-23 17:00:00,1.473
2022-10-23 17:30:00,0.69
2022-10-23 18:00:00,-1.0496
2022-10-23 18:30:00,-2.2245
2022-10-23 19:00:00,-3.0436
2022-10-23 19:30:00,-3.4025
2022-10-23 20:00:00,-3.4546
2022-10-23 20:30:00,-3.6795
2022-10-23 21:00:00,-3.7932
2022-10-23 21:30:00,-3.8336
2022-10-23 22:00:00,-4.0996
2022-10-23 22:30:00,-4.0662
2022-10-23 23:00:00,-4.0577
2022-10-23 23:30:00,-4.1607
2022-10-24 00:00:00,-4.1191
2022-10-24 00:30:00,-4.3138
2022-10-24 01:00:00,-4.5636
2022-10-24 01:30:00,-4.9475
2022-10-24 02:00:00,-5.0515
2022-10-24 02:30:00,-5.2663
2022-10-24 03:00:00,-5.3193
2022-10-24 03:30:00,-5.5501
2022-10-24 04:00:00,-5.7281
2022-10-24 04:30:00,-5.8616
2022-10-24 05:00:00,-6.0102
2022-10-24 05:30:00,-6.122
2022-10-24 06:00:00,-5.8994
2022-10-24 06:30:00,-5.2446
2022-10-24 07:00:00,-3.0121
2022-10-24 07:30:00,-1.5959
2022-10-24 08:00:00,-0.6674
2022-10-24 08:30:00,0.66
2022-10-24 09:00:00,2.1057
2022-10-24 09:30:00,2.9874
2022-10-24 10:00:00,3.964
2022-10-24 10:30:00,4.8156
2022-10-24 11:00:00,4.5406
2022-10-24 11:30:00,4.7547
2022-10-24 12:00:00,5.0776
2022-10-24 12:30:00,3.7412
2022-10-24 13:00:00,1.4304
2022-10-24 13:30:00,0.2245
2022-10-24 14:00:00,-0.8637
2022-10-24 14:30:00,-1.7748
2022-10-24 15:00:00,-2.7763
2022-10-24 15:30:00,-3.3867
2022-10-24 16:00:00,-3.7468
2022-10-24 16:30:00,-3.9998
2022-10-24 17:00:00,-4.5246
2022-10-24 17:30:00,-4.8909
2022-10-24 18:00:00,-5.1821
2022-10-24 18:30:00,-5.7261
2022-10-24 19:00:00,-5.9611
2022-10-24 19:30:00,-6.3682
2022-10-24 20:00:00,-6.6462
2022-10-24 20:30:00,-7.0934
2022-10-24 21:00:00,-7.5621
2022-10-24 21:30:00,-7.7593
2022-10-24 22:00:00,-7.9637
2022-10-24 22:30:00,-8.2301
2022-10-24 23:00:00,-8.4265
2022-10-24 23:30:00,-8.5863
2022-10-25 00:00:00,-8.6079
2022-10-25 00:30:00,-8.6424
2022-10-25 01:00:00,-8.7824
2022-10-25 01:30:00,-8.8193
2022-10-25 02:00:00,-8.9134
2022-10-25 02:30:00,-8.9621
2022-10-25 03:00:00,-8.9926
2022-10-25 03:30:00,-8.8723
2022-10-25 04:00:00,-8.7436
2022-10-25 04:30:00,-8.4939
2022-10-25 05:00:00,-8.089
2022-10-25 05:30:00,-7.6129
2022-10-25 06:00:00,-6.7058
2022-10-25 06:30:00,-3.7565
2022-10-25 07:00:00,-0.5605
2022-10-25 07:30:00,0.3772
2022-10-25 08:00:00,1.1747
2022-10-25 08:30:00,1.7478
2022-10-25 09:00:00,2.2774
2022-10-25 09:30:00,2.5395
2022-10-25 10:00:00,2.6431
2022-10-25 10:30:00,2.815
2022-10-25 11:00:00,2.942
2022-10-25 11:30:00,3.0986
2022-10-25 12:00:00,3.1764
2022-10-25 12:30:00,3.0724
2022-10-25 13:00:00,3.0508
2022-10-25 13:30:00,3.138
2022-10-25 14:00:00,3.1405
2022-10-25 14:30:00,3.0866
2022-10-25 15:00:00,2.9785
2022-10-25 15:30:00,2.8775
2022-10-25 16:00:00,2.8697
2022-10-25 16:30:00,2.9065
2022-10-25 17:00:00,2.8534
2022-10-25 17:30:00,2.8325
2022-10-25 18:00:00,2.7725
2022-10-25 18:30:00,2.8518
2022-10-25 19:00:00,3.0178
2022-10-25 19:30:00,3.1958
2022-10-25 20:00:00,3.3176
2022-10-25 20:30:00,3.3788
2022-10-25 21:00:00,3.4251
2022-10-25 21:30:00,3.5647
2022-10-25 22:00:00,3.7456
2022-10-25 22:30:00,3.8458
2022-10-25 23:00:00,3.9096
2022-10-25 23:30:00,3.9813
2022-10-26 00:00:00,4.0733
2022-10-26 00:30:00,4.1582
2022-10-26 01:00:00,4.1946
2022-10-26 01:30:00,4.2461
2022-10-26 02:00:00,4.2808
2022-10-26 02:30:00,4.317
2022-10-26 03:00:00,4.39
2022-10-26 03:30:00,4.4764
2022-10-26 04:00:00,4.5701
2022-10-26 04:30:00,4.7011
2022-10-26 05:00:00,4.7831
2022-10-26 05:30:00,4.9368
2022-10-26 06:00:00,5.066
2022-10-26 06:30:00,5.2864
2022-10-26 07:00:00,5.5767
2022-10-26 07:30:00,5.9182
2022-10-26 08:00:00,6.2609
2022-10-26 08:30:00,6.5401
2022-10-26 09:00:00,6.8284
2022-10-26 09:30:00,6.9635
2022-10-26 10:00:00,7.2409
2022-10-26 10:30:00,7.5615
2022-10-26 11:00:00,7.7933
2022-10-26 11:30:00,8.0078
2022-10-26 12:00:00,8.2288
2022-10-26 12:30:00,8.3199
2022-10-26 13:00:00,8.1331
2022-10-26 13:30:00,8.2256
2022-10-26 14:00:00,7.8799
2022-10-26 14:30:00,7.6205
2022-10-26 15:00:00,7.3047
2022-10-26 15:30:00,7.2767
2022-10-26 16:00:00,7.6196
2022-10-26 16:30:00,7.4912
2022-10-26 17:00:00,7.7494
2022-10-26 17:30:00,8.294
2022-10-26 18:00:00,8.4613
2022-10-26 18:30:00,8.3328
2022-10-26 19:00:00,8.1567
2022-10-26 19:30:00,7.8514
2022-10-26 20:00:00,7.5635
2022-10-26 20:30:00,7.3879
2022-10-26 21:00:00,7.1063
2022-10-26 21:30:00,6.8501
2022-10-26 22:00:00,6.711
2022-10-26 22:30:00,6.4009
2022-10-26 23:00:00,6.0207
2022-10-26 23:30:00,5.5638
2022-10-27 00:00:00,5.316
2022-10-27 00:30:00,5.1813
2022-10-27 01:00:00,5.0255
2022-10-27 01:30:00,4.9771
2022-10-27 02:00:00,4.9707
2022-10-27 02:30:00,4.9521
2022-10-27 03:00:00,4.9892
2022-10-27 03:30:00,4.9992
2022-10-27 04:00:00,4.9034
2022-10-27 04:30:00,4.7448
2022-10-27 05:00:00,4.6917
2022-10-27 05:30:00,4.6856
2022-10-27 06:00:00,4.71
2022-10-27 06:30:00,4.8394
2022-10-27 07:00:00,4.9787
2022-10-27 07:30:00,5.1055
2022-10-27 08:00:00,5.23
2022-10-27 08:30:00,5.2657
2022-10-27 09:00:00,5.3272
2022-10-27 09:30:00,5.3998
2022-10-27 10:00:00,5.4861
2022-10-27 10:30:00,5.5409
2022-10-27 11:00:00,5.5958
2022-10-27 11:30:00,5.7631
2022-10-27 12:00:00,5.8585
2022-10-27 12:30:00,5.945
2022-10-27 13:00:00,6.0305
2022-10-27 13:30:00,6.1712
2022-10-27 14:00:00,6.4314
2022-10-27 14:30:00,6.5638
2022-10-27 15:00:00,6.7166
2022-10-27 15:30:00,6.8831
2022-10-27 16:00:00,7.0242
2022-10-27 16:30:00,7.2007
2022-10-27 17:00:00,7.5459
2022-10-27 17:30:00,8.0314
2022-10-27 18:00:00,8.3154
2022-10-27 18:30:00,8.6724
2022-10-27 19:00:00,8.7524
2022-10-27 19:30:00,8.801
2022-10-27 20:00:00,8.8063
2022-10-27 20:30:00,8.7881
2022-10-27 21:00:00,8.8214
2022-10-27 21:30:00,8.8462
2022-10-27 22:00:00,8.8299
2022-10-27 22:30:00,8.7297
2022-10-27 23:00:00,8.4582
2022-10-27 23:30:00,7.841
2022-10-28 00:00:00,7.9963
2022-10-28 00:30:00,8.1894
2022-10-28 01:00:00,8.2921
2022-10-28 01:30:00,8.2916
2022-10-28 02:00:00,8.2827
2022-10-28 02:30:00,8.3484
2022-10-28 03:00:00,8.4045
2022-10-28 03:30:00,8.4221
2022-10-28 04:00:00,8.4598
2022-10-28 04:30:00,8.5011
2022-10-28 05:00:00,8.5637
2022-10-28 05:30:00,8.527
2022-10-28 06:00:00,8.5551
2022-10-28 06:30:00,8.6006
2022-10-28 07:00:00,8.7885
2022-10-28 07:30:00,8.8902
2022-10-28 08:00:00,8.9096
2022-10-28 08:30:00,9.1161
2022-10-28 09:00:00,9.5567
2022-10-28 09:30:00,9.6889
2022-10-28 10:00:00,9.6969
2022-10-28 10:30:00,9.6767
2022-10-28 11:00:00,9.7979
2022-10-28 11:30:00,9.6909
2022-10-28 12:00:00,9.993
2022-10-28 12:30:00,9.801
2022-10-28 13:00:00,9.6467
2022-10-28 13:30:00,9.4421
2022-10-28 14:00:00,9.2186
2022-10-28 14:30:00,9.0434
2022-10-28 15:00:00,9.0354
2022-10-28 15:30:00,9.0341
2022-10-28 16:00:00,9.0814
2022-10-28 16:30:00,9.3198
2022-10-28 17:00:00,9.4022
2022-10-28 17:30:00,9.5998
2022-10-28 18:00:00,9.7104
2022-10-28 18:30:00,9.8918
2022-10-28 19:00:00,9.9857
2022-10-28 19:30:00,9.9945
2022-10-28 20:00:00,10.0484
2022-10-28 20:30:00,10.1629
2022-10-28 21:00:00,10.2145
2022-10-28 21:30:00,10.2122
2022-10-28 22:00:00,10.1947
2022-10-28 22:30:00,10.1751
2022-10-28 23:00:00,10.1685
2022-10-28 23:30:00,10.0636
2022-10-29 00:00:00,9.9854
2022-10-29 00:30:00,9.9653
2022-10-29 01:00:00,9.9189
2022-10-29 01:30:00,9.9614
2022-10-29 02:00:00,9.979
2022-10-29 02:30:00,9.9896
2022-10-29 03:00:00,9.9282
2022-10-29 03:30:00,9.9512
2022-10-29 04:00:00,9.9737
2022-10-29 04:30:00,10.0293
2022-10-29 05:00:00,10.0844
2022-10-29 05:30:00,9.9907
2022-10-29 06:00:00,9.9507
2022-10-29 06:30:00,9.9783
2022-10-29 07:00:00,10.0781
2022-10-29 07:30:00,10.1392
2022-10-29 08:00:00,10.1995
2022-10-29 08:30:00,10.2686
2022-10-29 09:00:00,10.3909
2022-10-29 09:30:00,10.5689
2022-10-29 10:00:00,10.7108
2022-10-29 10:30:00,10.8262
2022-10-29 11:00:00,10.9236
2022-10-29 11:30:00,11.0095
2022-10-29 12:00:00,11.105
2022-10-29 12:30:00,11.089
2022-10-29 13:00:00,10.8847
2022-10-29 13:30:00,10.6375
2022-10-29 14:00:00,10.2417
2022-10-29 14:30:00,9.6195
2022-10-29 15:00:00,9.2744
2022-10-29 15:30:00,8.3082
2022-10-29 16:00:00,7.6717
2022-10-29 16:30:00,7.2259
2022-10-29 17:00:00,5.7515
2022-10-29 17:30:00,4.6697
2022-10-29 18:00:00,4.5222
2022-10-29 18:30:00,4.524
2022-10-29 19:00:00,4.4037
2022-10-29 19:30:00,4.1158
2022-10-29 20:00:00,4.0789
2022-10-29 20:30:00,3.7487
2022-10-29 21:00:00,3.6097
2022-10-29 21:30:00,3.5633
2022-10-29 22:00:00,3.4005
2022-10-29 22:30:00,3.2991
2022-10-29 23:00:00,3.2318
2022-10-29 23:30:00,3.1681
2022-10-30 00:00:00,3.1195
2022-10-30 00:30:00,3.2139
2022-10-30 01:00:00,3.2716
2022-10-30 01:30:00,3.4577
2022-10-30 02:00:00,2.7489
2022-10-30 02:30:00,2.0372
2022-10-30 03:00:00,1.6919
2022-10-30 03:30:00,1.4509
2022-10-30 04:00:00,1.9818
2022-10-30 04:30:00,2.376
2022-10-30 05:00:00,2.6193
2022-10-30 05:30:00,2.6929
2022-10-30 06:00:00,2.7141
2022-10-30 06:30:00,2.2396
2022-10-30 07:00:00,2.1511
2022-10-30 07:30:00,2.0374
2022-10-30 08:00:00,2.0981
2022-10-30 08:30:00,2.2209
2022-10-30 09:00:00,2.2348
2022-10-30 09:30:00,2.3355
2022-10-30 10:00:00,2.5228
2022-10-30 10:30:00,2.7987
2022-10-30 11:00:00,3.0259
2022-10-30 11:30:00,3.149
2022-10-30 12:00:00,3.2362
2022-10-30 12:30:00,3.1361
2022-10-30 13:00:00,2.768
2022-10-30 13:30:00,2.6111
2022-10-30 14:00:00,2.2679
2022-10-30 14:30:00,1.9495
2022-10-30 15:00:00,1.7841
2022-10-30 15:30:00,1.639
2022-10-30 16:00:00,1.4234
2022-10-30 16:30:00,1.4651
2022-10-30 17:00:00,1.8065
2022-10-30 17:30:00,2.1976
2022-10-30 18:00:00,1.9905
2022-10-30 18:30:00,1.5662
2022-10-30 19:00:00,1.4783
2022-10-30 19:30:00,1.3371
2022-10-30 20:00:00,1.202
2022-10-30 20:30:00,1.1418
2022-10-30 21:00:00,0.7467
2022-10-30 21:30:00,0.1659
2022-10-30 22:00:00,-1.0616
2022-10-30 22:30:00,-1.96
2022-10-30 23:00:00,-2.3557
2022-10-30 23:30:00,-2.5054
2022-10-31 00:00:00,-2.6162
2022-10-31 00:30:00,-2.1229
2022-10-31 01:00:00,-2.1201
2022-10-31 01:30:00,-2.3894
2022-10-31 02:00:00,-2.744
2022-10-31 02:30:00,-2.9441
2022-10-31 03:00:00,-3.1837
2022-10-31 03:30:00,-3.1218
2022-10-31 04:00:00,-3.4649
2022-10-31 04:30:00,-3.6628
2022-10-31 05:00:00,-3.8908
2022-10-31 05:30:00,-3.8632
2022-10-31 06:00:00,-3.8736
2022-10-31 06:30:00,-3.5562
2022-10-31 07:00:00,-2.2231
2022-10-31 07:30:00,-0.8043
2022-10-31 08:00:00,0.065
2022-10-31 08:30:00,1.0021
2022-10-31 09:00:00,1.1931
2022-10-31 09:30:00,3.3733
2022-10-31 10:00:00,4.6325
2022-10-31 10:30:00,5.7065
2022-10-31 11:00:00,5.9827
2022-10-31 11:30:00,5.8724
2022-10-31 12:00:00,6.0175
2022-10-31 12:30:00,5.1513
2022-10-31 13:00:00,3.8192
2022-10-31 13:30:00,2.3639
2022-10-31 14:00:00,2.8509
2022-10-31 14:30:00,3.7364
2022-10-31 15:00:00,3.9625
2022-10-31 15:30:00,3.9753
2022-10-31 16:00:00,4.0619
2022-10-31 16:30:00,4.1444
2022-10-31 17:00:00,4.1567
2022-10-31 17:30:00,4.3551
2022-10-31 18:00:00,4.6333
2022-10-31 18:30:00,4.8695
2022-10-31 19:00:00,5.0475
2022-10-31 19:30:00,5.1601
2022-10-31 20:00:00,5.3213
2022-10-31 20:30:00,5.4481
2022-10-31 21:00:00,5.5873
2022-10-31 21:30:00,5.7178
2022-10-31 22:00:00,6.0189
2022-10-31 22:30:00,6.2337
2022-10-31 23:00:00,6.5562
2022-10-31 23:30:00,6.8431
2022-11-01 00:00:00,7.4468
2022-11-01 00:30:00,7.7608
2022-11-01 01:00:00,7.9904
2022-11-01 01:30:00,8.0746
2022-11-01 02:00:00,8.0529
2022-11-01 02:30:00,8.0172
2022-11-01 03:00:00,7.9361
2022-11-01 03:30:00,7.7634
2022-11-01 04:00:00,7.4688
2022-11-01 04:30:00,6.7113
2022-11-01 05:00:00,6.4407
2022-11-01 05:30:00,6.486
2022-11-01 06:00:00,6.3589
2022-11-01 06:30:00,6.3097
2022-11-01 07:00:00,6.2184
2022-11-01 07:30:00,6.3269
2022-11-01 08:00:00,6.4133
2022-11-01 08:30:00,6.4057
2022-11-01 09:00:00,6.3411
2022-11-01 09:30:00,6.3462
2022-11-01 10:00:00,6.3079
2022-11-01 10:30:00,6.3693
2022-11-01 11:00:00,6.34
2022-11-01 11:30:00,6.3484
2022-11-01 12:00:00,6.4153
2022-11-01 12:30:00,6.2722
2022-11-01 13:00:00,6.1701
2022-11-01 13:30:00,5.9408
2022-11-01 14:00:00,5.7957
2022-11-01 14:30:00,5.697
2022-11-01 15:00:00,5.5413
2022-11-01 15:30:00,5.5255
2022-11-01 16:00:00,5.5662
2022-11-01 16:30:00,5.6132
2022-11-01 17:00:00,5.6315
2022-11-01 17:30:00,5.6419
2022-11-01 18:00:00,5.5057
2022-11-01 18:30:00,5.2963
2022-11-01 19:00:00,5.1785
2022-11-01 19:30:00,5.0927
2022-11-01 20:00:00,4.7716
2022-11-01 20:30:00,4.6383
2022-11-01 21:00:00,4.5719
2022-11-01 21:30:00,4.4617
2022-11-01 22:00:00,4.2753
2022-11-01 22:30:00,4.0943
2022-11-01 23:00:00,4.0808
2022-11-01 23:30:00,3.9907
2022-11-02 00:00:00,3.8913
2022-11-02 00:30:00,3.7875
2022-11-02 01:00:00,3.7041
2022-11-02 01:30:00,3.549
2022-11-02 02:00:00,3.4583
2022-11-02 02:30:00,3.2482
2022-11-02 03:00:00,3.0923
2022-11-02 03:30:00,3.1532
2022-11-02 04:00:00,3.2085
2022-11-02 04:30:00,3.2235
2022-11-02 05:00:00,3.2861
2022-11-02 05:30:00,3.3758
2022-11-02 06:00:00,3.3426
2022-11-02 06:30:00,3.2575
2022-11-02 07:00:00,3.4151
2022-11-02 07:30:00,3.5693
2022-11-02 08:00:00,3.6332
2022-11-02 08:30:00,3.6629
2022-11-02 09:00:00,3.7002
2022-11-02 09:30:00,3.7203
2022-11-02 10:00:00,3.7312
2022-11-02 10:30:00,3.8511
2022-11-02 11:00:00,3.9135
2022-11-02 11:30:00,3.8898
2022-11-02 12:00:00,3.9416
2022-11-02 12:30:00,3.9704
2022-11-02 13:00:00,3.9137
2022-11-02 13:30:00,3.7565
2022-11-02 14:00:00,3.6755
2022-11-02 14:30:00,3.6871
2022-11-02 15:00:00,3.5199
2022-11-02 15:30:00,3.4558
2022-11-02 16:00:00,3.5372
2022-11-02 16:30:00,3.5712
2022-11-02 17:00:00,3.4704
2022-11-02 17:30:00,3.3295
2022-11-02 18:00:00,3.2551
2022-11-02 18:30:00,3.246
2022-11-02 19:00:00,3.2472
2022-11-02 19:30:00,3.2484
2022-11-02 20:00:00,3.2677
2022-11-02 20:30:00,3.2793
2022-11-02 21:00:00,3.2802
2022-11-02 21:30:00,3.2962
2022-11-02 22:00:00,3.313
2022-11-02 22:30:00,3.3328
2022-11-02 23:00:00,3.3433
2022-11-02 23:30:00,3.3437
2022-11-03 00:00:00,3.344
2022-11-03 00:30:00,3.3146
2022-11-03 01:00:00,3.3121
2022-11-03 01:30:00,3.3302
2022-11-03 02:00:00,3.3971
2022-11-03 02:30:00,3.4742
2022-11-03 03:00:00,3.5081
2022-11-03 03:30:00,3.507
2022-11-03 04:00:00,3.5077
2022-11-03 04:30:00,3.5085
2022-11-03 05:00:00,3.5068
2022-11-03 05:30:00,3.5053
2022-11-03 06:00:00,3.5103
2022-11-03 06:30:00,3.526
2022-11-03 07:00:00,3.6607
2022-11-03 07:30:00,3.8828
2022-11-03 08:00:00,4.0382
2022-11-03 08:30:00,4.14
2022-11-03 09:00:00,4.2473
2022-11-03 09:30:00,4.3104
2022-11-03 10:00:00,4.3871
2022-11-03 10:30:00,4.4837
2022-11-03 11:00:00,4.5121
2022-11-03 11:30:00,4.5257
2022-11-03 12:00:00,4.5477
2022-11-03 12:30:00,4.4941
2022-11-03 13:00:00,4.4562
2022-11-03 13:30:00,4.4224
2022-11-03 14:00:00,4.3665
2022-11-03 14:30:00,4.2494
2022-11-03 15:00:00,4.1943
2022-11-03 15:30:00,4.1921
2022-11-03 16:00:00,4.199
2022-11-03 16:30:00,4.1747
2022-11-03 17:00:00,4.1338
2022-11-03 17:30:00,4.0711
2022-11-03 18:00:00,4.0748
2022-11-03 18:30:00,4.0731
2022-11-03 19:00:00,4.0631
2022-11-03 19:30:00,4.061
2022-11-03 20:00:00,4.033
2022-11-03 20:30:00,4.0214
2022-11-03 21:00:00,3.9753
2022-11-03 21:30:00,3.8998
2022-11-03 22:00:00,3.7913
2022-11-03 22:30:00,3.3725
2022-11-03 23:00:00,3.0129
2022-11-03 23:30:00,3.0216
2022-11-04 00:00:00,3.2022
2022-11-04 00:30:00,3.4232
2022-11-04 01:00:00,3.6147
2022-11-04 01:30:00,3.7596
2022-11-04 02:00:00,3.7985
2022-11-04 02:30:00,3.7685
2022-11-04 03:00:00,3.7487
2022-11-04 03:30:00,3.768
2022-11-04 04:00:00,3.8481
2022-11-04 04:30:00,3.8497
2022-11-04 05:00:00,3.8746
2022-11-04 05:30:00,3.8736
2022-11-04 06:00:00,3.8701
2022-11-04 06:30:00,3.9358
2022-11-04 07:00:00,4.1145
2022-11-04 07:30:00,4.2734
2022-11-04 08:00:00,4.4276
2022-11-04 08:30:00,4.6739
2022-11-04 09:00:00,4.8653
2022-11-04 09:30:00,4.9389
2022-11-04 10:00:00,4.943
2022-11-04 10:30:00,4.974
2022-11-04 11:00:00,4.9724
2022-11-04 11:30:00,4.948
2022-11-04 12:00:00,4.9116
2022-11-04 12:30:00,4.9072
2022-11-04 13:00:00,4.9171
2022-11-04 13:30:00,4.9334
2022-11-04 14:00:00,4.921
2022-11-04 14:30:00,4.7917
2022-11-04 15:00:00,4.416
2022-11-04 15:30:00,4.0498
2022-11-04 16:00:00,3.9414
2022-11-04 16:30:00,3.8806
2022-11-04 17:00:00,3.8661
2022-11-04 17:30:00,3.8124
2022-11-04 18:00:00,3.6898
2022-11-04 18:30:00,3.5581
2022-11-04 19:00:00,3.3717
2022-11-04 19:30:00,3.3751
2022-11-04 20:00:00,3.2333
2022-11-04 20:30:00,2.8935
2022-11-04 21:00:00,2.5112
2022-11-04 21:30:00,2.1371
2022-11-04 22:00:00,1.8931
2022-11-04 22:30:00,1.509
2022-11-04 23:00:00,1.0178
2022-11-04 23:30:00,0.3574
2022-11-05 00:00:00,0.0181
2022-11-05 00:30:00,-0.0154
2022-11-05 01:00:00,0.0317
2022-11-05 01:30:00,0.1333
2022-11-05 02:00:00,-0.0317
2022-11-05 02:30:00,-0.1795
2022-11-05 03:00:00,-0.2214
2022-11-05 03:30:00,-0.0919
2022-11-05 04:00:00,0.0059
2022-11-05 04:30:00,0.0517
2022-11-05 05:00:00,0.1155
2022-11-05 05:30:00,0.0961
2022-11-05 06:00:00,0.1051
2022-11-05 06:30:00,0.0999
2022-11-05 07:00:00,-0.0649
2022-11-05 07:30:00,-0.1244
2022-11-05 08:00:00,-0.0309
2022-11-05 08:30:00,0.1545
2022-11-05 09:00:00,0.3526
2022-11-05 09:30:00,0.4809
2022-11-05 10:00:00,0.5364
2022-11-05 10:30:00,0.5863
2022-11-05 11:00:00,0.5913
2022-11-05 11:30:00,0.4677
2022-11-05 12:00:00,0.4117
2022-11-05 12:30:00,0.3266
2022-11-05 13:00:00,0.3521
2022-11-05 13:30:00,0.2454
2022-11-05 14:00:00,0.1193
2022-11-05 14:30:00,0.0836
2022-11-05 15:00:00,-0.0018
2022-11-05 15:30:00,-0.0472
2022-11-05 16:00:00,0.0358
2022-11-05 16:30:00,0.221
2022-11-05 17:00:00,0.3262
2022-11-05 17:30:00,0.4384
2022-11-05 18:00:00,0.6376
2022-11-05 18:30:00,0.7433
2022-11-05 19:00:00,0.8319
2022-11-05 19:30:00,0.5689
2022-11-05 20:00:00,0.1861
2022-11-05 20:30:00,0.1232
2022-11-05 21:00:00,0.1088
2022-11-05 21:30:00,0.1504
2022-11-05 22:00:00,0.0627
2022-11-05 22:30:00,0.1135
2022-11-05 23:00:00,0.2113
2022-11-05 23:30:00,0.3697
2022-11-06 00:00:00,0.4539
2022-11-06 00:30:00,0.5716
2022-11-06 01:00:00,0.6863
2022-11-06 01:30:00,0.8386
2022-11-06 02:00:00,1.0327
2022-11-06 02:30:00,1.2523
2022-11-06 03:00:00,1.5634
2022-11-06 03:30:00,1.8802
2022-11-06 04:00:00,2.1926
2022-11-06 04:30:00,2.4704
2022-11-06 05:00:00,2.7291
2022-11-06 05:30:00,2.97
2022-11-06 06:00:00,3.2197
2022-11-06 06:30:00,3.5213
2022-11-06 07:00:00,3.9076
2022-11-06 07:30:00,4.2569
2022-11-06 08:00:00,4.7276
2022-11-06 08:30:00,5.2222
2022-11-06 09:00:00,5.6998
2022-11-06 09:30:00,6.254
2022-11-06 10:00:00,6.7052
2022-11-06 10:30:00,6.9044
2022-11-06 11:00:00,7.2342
2022-11-06 11:30:00,7.3933
2022-11-06 12:00:00,7.4698
2022-11-06 12:30:00,7.4109
2022-11-06 13:00:00,7.3422
2022-11-06 13:30:00,7.3251
2022-11-06 14:00:00,7.2127
2022-11-06 14:30:00,7.0214
2022-11-06 15:00:00,6.5221
2022-11-06 15:30:00,6.5591
2022-11-06 16:00:00,6.653
2022-11-06 16:30:00,6.661
2022-11-06 17:00:00,6.6423
2022-11-06 17:30:00,6.6588
2022-11-06 18:00:00,6.5523
2022-11-06 18:30:00,6.5293
2022-11-06 19:00:00,6.7031
2022-11-06 19:30:00,6.8698
2022-11-06 20:00:00,7.0562
2022-11-06 20:30:00,7.1986
2022-11-06 21:00:00,7.307
2022-11-06 21:30:00,7.3187
2022-11-06 22:00:00,7.3417
2022-11-06 22:30:00,7.4626
2022-11-06 23:00:00,7.5976
2022-11-06 23:30:00,7.6578
2022-11-07 00:00:00,7.7142
2022-11-07 00:30:00,7.787
2022-11-07 01:00:00,7.8817
2022-11-07 01:30:00,7.9579
2022-11-07 02:00:00,7.9834
2022-11-07 02:30:00,8.0099
2022-11-07 03:00:00,8.0345
2022-11-07 03:30:00,7.9823
2022-11-07 04:00:00,7.6893
2022-11-07 04:30:00,7.6515
2022-11-07 05:00:00,7.6108
2022-11-07 05:30:00,7.6706
2022-11-07 06:00:00,7.6612
2022-11-07 06:30:00,7.5792
2022-11-07 07:00:00,7.5013
2022-11-07 07:30:00,7.6183
2022-11-07 08:00:00,7.7574
2022-11-07 08:30:00,7.8389
2022-11-07 09:00:00,7.9992
2022-11-07 09:30:00,8.2255
2022-11-07 10:00:00,8.5411
2022-11-07 10:30:00,8.6601
2022-11-07 11:00:00,8.6644
2022-11-07 11:30:00,8.5072
2022-11-07 12:00:00,8.5031
2022-11-07 12:30:00,8.5471
2022-11-07 13:00:00,8.1595
2022-11-07 13:30:00,7.8329
2022-11-07 14:00:00,7.6483
2022-11-07 14:30:00,7.5812
2022-11-07 15:00:00,7.5021
2022-11-07 15:30:00,7.478
2022-11-07 16:00:00,7.3925
2022-11-07 16:30:00,7.1825
2022-11-07 17:00:00,6.9029
2022-11-07 17:30:00,6.7212
2022-11-07 18:00:00,6.5537
2022-11-07 18:30:00,6.3634
2022-11-07 19:00:00,6.2973
2022-11-07 19:30:00,6.1731
2022-11-07 20:00:00,6.1157
2022-11-07 20:30:00,6.0309
2022-11-07 21:00:00,5.8713
2022-11-07 21:30:00,5.7171
2022-11-07 22:00:00,5.6688
2022-11-07 22:30:00,5.6846
2022-11-07 23:00:00,5.7748
2022-11-07 23:30:00,5.8565
2022-11-08 00:00:00,5.9329
2022-11-08 00:30:00,6.0914
2022-11-08 01:00:00,6.3186
2022-11-08 01:30:00,6.4675
2022-11-08 02:00:00,6.5914
2022-11-08 02:30:00,6.7266
2022-11-08 03:00:00,6.8069
2022-11-08 03:30:00,6.8788
2022-11-08 04:00:00,6.8928
2022-11-08 04:30:00,6.8633
2022-11-08 05:00:00,6.8282
2022-11-08 05:30:00,6.7494
2022-11-08 06:00:00,6.7519
2022-11-08 06:30:00,6.7739
2022-11-08 07:00:00,6.8834
2022-11-08 07:30:00,7.1369
2022-11-08 08:00:00,7.2208
2022-11-08 08:30:00,7.2399
2022-11-08 09:00:00,7.2241
2022-11-08 09:30:00,7.2441
2022-11-08 10:00:00,7.1106
2022-11-08 10:30:00,6.9242
2022-11-08 11:00:00,6.7775
2022-11-08 11:30:00,6.4239
2022-11-08 12:00:00,6.2001
2022-11-08 12:30:00,5.8748
2022-11-08 13:00:00,5.4109
2022-11-08 13:30:00,5.0235
2022-11-08 14:00:00,4.6837
2022-11-08 14:30:00,4.2286
2022-11-08 15:00:00,3.765
2022-11-08 15:30:00,3.4354
2022-11-08 16:00:00,3.0708
2022-11-08 16:30:00,2.6167
2022-11-08 17:00:00,2.4195
2022-11-08 17:30:00,2.3932
2022-11-08 18:00:00,2.4506
2022-11-08 18:30:00,2.3883
2022-11-08 19:00:00,2.1987
2022-11-08 19:30:00,2.1714
2022-11-08 20:00:00,2.1344
2022-11-08 20:30:00,2.085
2022-11-08 21:00:00,2.0607
2022-11-08 21:30:00,2.0757
2022-11-08 22:00:00,2.0869
2022-11-08 22:30:00,2.0854
2022-11-08 23:00:00,2.0967
2022-11-08 23:30:00,2.078
2022-11-09 00:00:00,2.0491
2022-11-09 00:30:00,2.0276
2022-11-09 01:00:00,2.0201
2022-11-09 01:30:00,2.0514
2022-11-09 02:00:00,2.0746
2022-11-09 02:30:00,2.1028
2022-11-09 03:00:00,2.1103
2022-11-09 03:30:00,2.1285
2022-11-09 04:00:00,2.0875
2022-11-09 04:30:00,2.1255
2022-11-09 05:00:00,2.223
2022-11-09 05:30:00,2.2041
2022-11-09 06:00:00,2.236
2022-11-09 06:30:00,2.3192
2022-11-09 07:00:00,2.3939
2022-11-09 07:30:00,2.5153
2022-11-09 08:00:00,2.6591
2022-11-09 08:30:00,2.7747
2022-11-09 09:00:00,3.0149
2022-11-09 09:30:00,3.2972
2022-11-09 10:00:00,3.4679
2022-11-09 10:30:00,3.7201
2022-11-09 11:00:00,4.0096
2022-11-09 11:30:00,4.174
2022-11-09 12:00:00,4.2944
2022-11-09 12:30:00,4.4681
2022-11-09 13:00:00,4.6512
2022-11-09 13:30:00,4.8361
2022-11-09 14:00:00,5.0289
2022-11-09 14:30:00,5.1152
2022-11-09 15:00:00,5.9289
2022-11-09 15:30:00,6.4962
2022-11-09 16:00:00,7.2408
2022-11-09 16:30:00,7.7526
2022-11-09 17:00:00,8.1627
2022-11-09 17:30:00,8.4491
2022-11-09 18:00:00,8.6326
2022-11-09 18:30:00,8.7796
2022-11-09 19:00:00,8.8087
2022-11-09 19:30:00,8.7387
2022-11-09 20:00:00,8.7831
2022-11-09 20:30:00,8.8617
2022-11-09 21:00:00,8.9451
2022-11-09 21:30:00,8.9609
2022-11-09 22:00:00,8.9415
2022-11-09 22:30:00,8.8917
2022-11-09 23:00:00,8.6094
2022-11-09 23:30:00,8.2963
2022-11-10 00:00:00,7.8219
2022-11-10 00:30:00,7.2863
2022-11-10 01:00:00,7.0742
2022-11-10 01:30:00,6.979
2022-11-10 02:00:00,7.1612
2022-11-10 02:30:00,7.3463
2022-11-10 03:00:00,7.4071
2022-11-10 03:30:00,7.4818
2022-11-10 04:00:00,7.8641
2022-11-10 04:30:00,8.1313
2022-11-10 05:00:00,8.3133
2022-11-10 05:30:00,8.4331
2022-11-10 06:00:00,8.328
2022-11-10 06:30:00,7.8458
2022-11-10 07:00:00,8.128
2022-11-10 07:30:00,8.4804
2022-11-10 08:00:00,8.7102
2022-11-10 08:30:00,8.9203
2022-11-10 09:00:00,9.0264
2022-11-10 09:30:00,9.1174
2022-11-10 10:00:00,9.0714
2022-11-10 10:30:00,8.9809
2022-11-10 11:00:00,8.8275
2022-11-10 11:30:00,8.5535
2022-11-10 12:00:00,8.4669
2022-11-10 12:30:00,8.3902
2022-11-10 13:00:00,8.2529
2022-11-10 13:30:00,8.0847
2022-11-10 14:00:00,7.902
2022-11-10 14:30:00,7.6642
2022-11-10 15:00:00,7.5068
2022-11-10 15:30:00,7.5409
2022-11-10 16:00:00,7.3053
2022-11-10 16:30:00,7.3871
2022-11-10 17:00:00,7.4658
2022-11-10 17:30:00,7.3736
2022-11-10 18:00:00,7.3548
2022-11-10 18:30:00,7.1632
2022-11-10 19:00:00,6.9502
2022-11-10 19:30:00,6.888
2022-11-10 20:00:00,6.9612
2022-11-10 20:30:00,6.9252
2022-11-10 21:00:00,6.9364
2022-11-10 21:30:00,6.9795
2022-11-10 22:00:00,7.0953
2022-11-10 22:30:00,7.0384
2022-11-10 23:00:00,7.0345
2022-11-10 23:30:00,6.955
2022-11-11 00:00:00,6.9789
2022-11-11 00:30:00,6.8494
2022-11-11 01:00:00,6.9088
2022-11-11 01:30:00,7.1028
2022-11-11 02:00:00,7.1314
2022-11-11 02:30:00,7.2653
2022-11-11 03:00:00,7.3294
2022-11-11 03:30:00,7.3648
2022-11-11 04:00:00,7.5869
2022-11-11 04:30:00,7.9465
2022-11-11 05:00:00,8.3013
2022-11-11 05:30:00,8.5513
2022-11-11 06:00:00,8.6706
2022-11-11 06:30:00,8.7397
2022-11-11 07:00:00,8.9317
2022-11-11 07:30:00,9.2082
2022-11-11 08:00:00,9.5083
2022-11-11 08:30:00,9.7073
2022-11-11 09:00:00,9.8919
2022-11-11 09:30:00,10.085
2022-11-11 10:00:00,10.2712
2022-11-11 10:30:00,10.3816
2022-11-11 11:00:00,10.4625
2022-11-11 11:30:00,10.5363
2022-11-11 12:00:00,10.6565
2022-11-11 12:30:00,10.6559
2022-11-11 13:00:00,10.657
2022-11-11 13:30:00,10.7212
2022-11-11 14:00:00,10.7001
2022-11-11 14:30:00,10.6095
2022-11-11 15:00:00,10.5144
2022-11-11 15:30:00,10.2424
2022-11-11 16:00:00,10.1178
2022-11-11 16:30:00,9.9208
2022-11-11 17:00:00,9.7791
2022-11-11 17:30:00,9.6347
2022-11-11 18:00:00,9.5687
2022-11-11 18:30:00,9.7238
2022-11-11 19:00:00,9.8582
2022-11-11 19:30:00,10.0903
2022-11-11 20:00:00,10.2758
2022-11-11 20:30:00,10.2893
2022-11-11 21:00:00,10.3412
2022-11-11 21:30:00,10.2809
2022-11-11 22:00:00,10.3446
2022-11-11 22:30:00,10.3978
2022-11-11 23:00:00,10.4654
2022-11-11 23:30:00,10.3711
2022-11-12 00:00:00,10.3468
2022-11-12 00:30:00,10.4193
2022-11-12 01:00:00,10.5547
2022-11-12 01:30:00,10.7101
2022-11-12 02:00:00,10.9406
2022-11-12 02:30:00,11.1578
2022-11-12 03:00:00,11.3058
2022-11-12 03:30:00,11.4731
2022-11-12 04:00:00,11.632
2022-11-12 04:30:00,11.6693
2022-11-12 05:00:00,11.631
2022-11-12 05:30:00,11.6801
2022-11-12 06:00:00,11.7919
2022-11-12 06:30:00,11.8197
2022-11-12 07:00:00,11.5014
2022-11-12 07:30:00,11.271
2022-11-12 08:00:00,11.1729
2022-11-12 08:30:00,11.0294
2022-11-12 09:00:00,10.8708
2022-11-12 09:30:00,10.8397
2022-11-12 10:00:00,10.8701
2022-11-12 10:30:00,10.848
2022-11-12 11:00:00,10.9796
2022-11-12 11:30:00,10.6241
2022-11-12 12:00:00,10.7529
2022-11-12 12:30:00,10.7472
2022-11-12 13:00:00,10.3234
2022-11-12 13:30:00,10.0206
2022-11-12 14:00:00,9.8039
2022-11-12 14:30:00,9.5454
2022-11-12 15:00:00,9.3303
2022-11-12 15:30:00,9.121
2022-11-12 16:00:00,8.9356
2022-11-12 16:30:00,8.7881
2022-11-12 17:00:00,8.6362
2022-11-12 17:30:00,8.3999
2022-11-12 18:00:00,8.1075
2022-11-12 18:30:00,7.9335
2022-11-12 19:00:00,7.872
2022-11-12 19:30:00,7.8285
2022-11-12 20:00:00,7.732
2022-11-12 20:30:00,7.6481
2022-11-12 21:00:00,7.5855
2022-11-12 21:30:00,7.5385
2022-11-12 22:00:00,7.4255
2022-11-12 22:30:00,7.2026
2022-11-12 23:00:00,7.0239
2022-11-12 23:30:00,6.7788
2022-11-13 00:00:00,6.5466
2022-11-13 00:30:00,6.2549
2022-11-13 01:00:00,5.977
2022-11-13 01:30:00,5.7567
2022-11-13 02:00:00,5.5246
2022-11-13 02:30:00,5.193
2022-11-13 03:00:00,4.9124
2022-11-13 03:30:00,4.6592
2022-11-13 04:00:00,4.2818
2022-11-13 04:30:00,3.6037
2022-11-13 05:00:00,3.1328
2022-11-13 05:30:00,3.0464
2022-11-13 06:00:00,2.9243
2022-11-13 06:30:00,2.9594
2022-11-13 07:00:00,3.2038
2022-11-13 07:30:00,3.6539
2022-11-13 08:00:00,4.4206
2022-11-13 08:30:00,5.0327
2022-11-13 09:00:00,5.4696
2022-11-13 09:30:00,5.7837
2022-11-13 10:00:00,6.1164
2022-11-13 10:30:00,6.3536
2022-11-13 11:00:00,6.2431
2022-11-13 11:30:00,6.0887
2022-11-13 12:00:00,5.2101
2022-11-13 12:30:00,4.5264
2022-11-13 13:00:00,2.9828
2022-11-13 13:30:00,1.4648
2022-11-13 14:00:00,0.4938
2022-11-13 14:30:00,-0.2465
2022-11-13 15:00:00,-0.9001
2022-11-13 15:30:00,-1.2088
2022-11-13 16:00:00,-1.6006
2022-11-13 16:30:00,-1.8733
2022-11-13 17:00:00,-2.3087
2022-11-13 17:30:00,-2.5854
2022-11-13 18:00:00,-2.8148
2022-11-13 18:30:00,-2.9346
2022-11-13 19:00:00,-3.0994
2022-11-13 19:30:00,-3.2067
2022-11-13 20:00:00,-3.3849
2022-11-13 20:30:00,-3.4721
2022-11-13 21:00:00,-3.7691
2022-11-13 21:30:00,-3.8249
2022-11-13 22:00:00,-3.3329
2022-11-13 22:30:00,-2.5593
2022-11-13 23:00:00,-2.0913
2022-11-13 23:30:00,-1.8472
2022-11-14 00:00:00,-1.5566
2022-11-14 00:30:00,-1.2273
2022-11-14 01:00:00,0.1306
2022-11-14 01:30:00,0.307
2022-11-14 02:00:00,0.0326
2022-11-14 02:30:00,-0.1682
2022-11-14 03:00:00,-0.178
2022-11-14 03:30:00,-0.1412
2022-11-14 04:00:00,-0.1222
2022-11-14 04:30:00,-0.1176
2022-11-14 05:00:00,-0.137
2022-11-14 05:30:00,-0.1615
2022-11-14 06:00:00,-0.1102
2022-11-14 06:30:00,0.0017
2022-11-14 07:00:00,0.1147
2022-11-14 07:30:00,0.324
2022-11-14 08:00:00,0.5498
2022-11-14 08:30:00,0.8554
2022-11-14 09:00:00,1.1129
2022-11-14 09:30:00,1.4599
2022-11-14 10:00:00,1.7956
2022-11-14 10:30:00,2.0089
2022-11-14 11:00:00,2.0928
2022-11-14 11:30:00,2.3166
2022-11-14 12:00:00,2.5136
2022-11-14 12:30:00,2.5861
2022-11-14 13:00:00,2.7314
2022-11-14 13:30:00,2.7879
2022-11-14 14:00:00,2.8279
2022-11-14 14:30:00,2.9366
2022-11-14 15:00:00,2.9761
2022-11-14 15:30:00,3.1116
2022-11-14 16:00:00,3.3443
2022-11-14 16:30:00,3.4503
2022-11-14 17:00:00,3.6156
2022-11-14 17:30:00,3.8005
2022-11-14 18:00:00,3.9897
2022-11-14 18:30:00,4.1212
2022-11-14 19:00:00,4.1853
2022-11-14 19:30:00,4.2578
2022-11-14 20:00:00,4.2828
2022-11-14 20:30:00,4.2879
2022-11-14 21:00:00,4.3044
2022-11-14 21:30:00,4.371
2022-11-14 22:00:00,4.4479
2022-11-14 22:30:00,4.4949
2022-11-14 23:00:00,4.5596
2022-11-14 23:30:00,4.6043
2022-11-15 00:00:00,4.6771
2022-11-15 00:30:00,4.7849
2022-11-15 01:00:00,4.5361
2022-11-15 01:30:00,4.1164
2022-11-15 02:00:00,3.681
2022-11-15 02:30:00,3.1937
2022-11-15 03:00:00,2.9493
2022-11-15 03:30:00,2.7169
2022-11-15 04:00:00,2.5889
2022-11-15 04:30:00,2.2848
2022-11-15 05:00:00,1.5659
2022-11-15 05:30:00,1.2902
2022-11-15 06:00:00,1.3224
2022-11-15 06:30:00,1.2561
2022-11-15 07:00:00,1.2611
2022-11-15 07:30:00,1.2775
2022-11-15 08:00:00,1.2046
2022-11-15 08:30:00,1.1645
2022-11-15 09:00:00,1.1907
2022-11-15 09:30:00,1.2247
2022-11-15 10:00:00,1.2496
2022-11-15 10:30:00,1.1309
2022-11-15 11:00:00,0.9329
2022-11-15 11:30:00,0.6463
2022-11-15 12:00:00,0.639
2022-11-15 12:30:00,0.561
2022-11-15 13:00:00,0.5127
2022-11-15 13:30:00,0.1941
2022-11-15 14:00:00,0.0563
2022-11-15 14:30:00,-0.0444
2022-11-15 15:00:00,-0.1715
2022-11-15 15:30:00,-0.2721
2022-11-15 16:00:00,-0.4249
2022-11-15 16:30:00,-0.4983
2022-11-15 17:00:00,-0.7048
2022-11-15 17:30:00,-0.7951
2022-11-15 18:00:00,-0.8116
2022-11-15 18:30:00,-0.986
2022-11-15 19:00:00,-0.933
2022-11-15 19:30:00,-0.959
2022-11-15 20:00:00,-1.1157
2022-11-15 20:30:00,-1.1834
2022-11-15 21:00:00,-1.1466
2022-11-15 21:30:00,-1.1152
2022-11-15 22:00:00,-1.1274
2022-11-15 22:30:00,-1.1688
2022-11-15 23:00:00,-1.2595
2022-11-15 23:30:00,-1.3767
2022-11-16 00:00:00,-1.5496
