time,soil_moisture_tomst_mean
2022-05-01 00:00:00,46.333333333333336
2022-05-01 00:30:00,46.28333333333333
2022-05-01 01:00:00,46.21666666666666
2022-05-01 01:30:00,46.15
2022-05-01 02:00:00,46.03333333333333
2022-05-01 02:30:00,45.96666666666666
2022-05-01 03:00:00,45.9
2022-05-01 03:30:00,45.833333333333336
2022-05-01 04:00:00,45.78333333333333
2022-05-01 04:30:00,45.75
2022-05-01 05:00:00,45.73333333333334
2022-05-01 05:30:00,45.73333333333334
2022-05-01 06:00:00,45.71666666666667
2022-05-01 06:30:00,45.699999999999996
2022-05-01 07:00:00,45.75
2022-05-01 07:30:00,45.800000000000004
2022-05-01 08:00:00,45.883333333333326
2022-05-01 08:30:00,45.949999999999996
2022-05-01 09:00:00,46.04999999999999
2022-05-01 09:30:00,46.38333333333333
2022-05-01 10:00:00,46.76666666666667
2022-05-01 10:30:00,47.04999999999999
2022-05-01 11:00:00,47.20000000000001
2022-05-01 11:30:00,47.23333333333333
2022-05-01 12:00:00,47.48333333333334
2022-05-01 12:30:00,47.51666666666667
2022-05-01 13:00:00,47.5
2022-05-01 13:30:00,47.56666666666666
2022-05-01 14:00:00,47.550000000000004
2022-05-01 14:30:00,47.51666666666667
2022-05-01 15:00:00,47.416666666666664
2022-05-01 15:30:00,47.53333333333333
2022-05-01 16:00:00,47.54999999999999
2022-05-01 16:30:00,47.583333333333336
2022-05-01 17:00:00,47.6
2022-05-01 17:30:00,47.583333333333336
2022-05-01 18:00:00,47.416666666666664
2022-05-01 18:30:00,47.26666666666667
2022-05-01 19:00:00,47.15
2022-05-01 19:30:00,47.06666666666666
2022-05-01 20:00:00,46.96666666666667
2022-05-01 20:30:00,46.85
2022-05-01 21:00:00,46.68333333333334
2022-05-01 21:30:00,46.51666666666667
2022-05-01 22:00:00,46.333333333333336
2022-05-01 22:30:00,46.099999999999994
2022-05-01 23:00:00,45.949999999999996
2022-05-01 23:30:00,45.78333333333334
2022-05-02 00:00:00,45.70000000000001
2022-05-02 00:30:00,45.583333333333336
2022-05-02 01:00:00,45.5
2022-05-02 01:30:00,45.43333333333333
2022-05-02 02:00:00,45.4
2022-05-02 02:30:00,45.4
2022-05-02 03:00:00,45.36666666666667
2022-05-02 03:30:00,45.36666666666667
2022-05-02 04:00:00,45.36666666666667
2022-05-02 04:30:00,45.349999999999994
2022-05-02 05:00:00,45.333333333333336
2022-05-02 05:30:00,45.29999999999999
2022-05-02 06:00:00,45.29999999999999
2022-05-02 06:30:00,45.35
2022-05-02 07:00:00,45.46666666666667
2022-05-02 07:30:00,45.51666666666667
2022-05-02 08:00:00,45.61666666666667
2022-05-02 08:30:00,45.75
2022-05-02 09:00:00,45.88333333333333
2022-05-02 09:30:00,45.98333333333333
2022-05-02 10:00:00,46.1
2022-05-02 10:30:00,46.28333333333333
2022-05-02 11:00:00,46.43333333333334
2022-05-02 11:30:00,46.416666666666664
2022-05-02 12:00:00,46.5
2022-05-02 12:30:00,46.53333333333333
2022-05-02 13:00:00,46.550000000000004
2022-05-02 13:30:00,46.53333333333333
2022-05-02 14:00:00,46.5
2022-05-02 14:30:00,46.48333333333333
2022-05-02 15:00:00,46.449999999999996
2022-05-02 15:30:00,46.449999999999996
2022-05-02 16:00:00,46.43333333333334
2022-05-02 16:30:00,46.416666666666664
2022-05-02 17:00:00,46.36666666666667
2022-05-02 17:30:00,46.36666666666667
2022-05-02 18:00:00,46.333333333333336
2022-05-02 18:30:00,46.38333333333333
2022-05-02 19:00:00,46.36666666666667
2022-05-02 19:30:00,46.31666666666666
2022-05-02 20:00:00,46.26666666666666
2022-05-02 20:30:00,46.199999999999996
2022-05-02 21:00:00,46.150000000000006
2022-05-02 21:30:00,46.083333333333336
2022-05-02 22:00:00,46.01666666666667
2022-05-02 22:30:00,45.98333333333334
2022-05-02 23:00:00,45.96666666666667
2022-05-02 23:30:00,45.98333333333334
2022-05-03 00:00:00,45.900000000000006
2022-05-03 00:30:00,45.86666666666667
2022-05-03 01:00:00,45.833333333333336
2022-05-03 01:30:00,45.70000000000001
2022-05-03 02:00:00,45.56666666666666
2022-05-03 02:30:00,45.449999999999996
2022-05-03 03:00:00,45.36666666666667
2022-05-03 03:30:00,45.28333333333333
2022-05-03 04:00:00,45.23333333333333
2022-05-03 04:30:00,45.21666666666667
2022-05-03 05:00:00,45.15
2022-05-03 05:30:00,45.13333333333333
2022-05-03 06:00:00,45.15
2022-05-03 06:30:00,45.21666666666667
2022-05-03 07:00:00,45.28333333333333
2022-05-03 07:30:00,45.333333333333336
2022-05-03 08:00:00,45.36666666666667
2022-05-03 08:30:00,45.4
2022-05-03 09:00:00,45.45000000000001
2022-05-03 09:30:00,45.48333333333334
2022-05-03 10:00:00,45.5
2022-05-03 10:30:00,45.5
2022-05-03 11:00:00,45.48333333333334
2022-05-03 11:30:00,45.583333333333336
2022-05-03 12:00:00,45.51666666666667
2022-05-03 12:30:00,45.5
2022-05-03 13:00:00,45.48333333333334
2022-05-03 13:30:00,45.43333333333334
2022-05-03 14:00:00,45.38333333333333
2022-05-03 14:30:00,45.31666666666667
2022-05-03 15:00:00,45.26666666666667
2022-05-03 15:30:00,45.13333333333333
2022-05-03 16:00:00,45.01666666666667
2022-05-03 16:30:00,45.06666666666667
2022-05-03 17:00:00,44.98333333333334
2022-05-03 17:30:00,44.96666666666667
2022-05-03 18:00:00,44.916666666666664
2022-05-03 18:30:00,44.900000000000006
2022-05-03 19:00:00,44.833333333333336
2022-05-03 19:30:00,44.81666666666666
2022-05-03 20:00:00,44.68333333333333
2022-05-03 20:30:00,44.63333333333333
2022-05-03 21:00:00,44.56666666666666
2022-05-03 21:30:00,44.56666666666666
2022-05-03 22:00:00,44.5
2022-05-03 22:30:00,44.300000000000004
2022-05-03 23:00:00,44.18333333333333
2022-05-03 23:30:00,44.050000000000004
2022-05-04 00:00:00,43.93333333333334
2022-05-04 00:30:00,43.73333333333333
2022-05-04 01:00:00,43.65
2022-05-04 01:30:00,43.550000000000004
2022-05-04 02:00:00,43.48333333333333
2022-05-04 02:30:00,43.35
2022-05-04 03:00:00,43.26666666666667
2022-05-04 03:30:00,43.18333333333334
2022-05-04 04:00:00,43.150000000000006
2022-05-04 04:30:00,43.03333333333333
2022-05-04 05:00:00,42.95000000000001
2022-05-04 05:30:00,42.916666666666664
2022-05-04 06:00:00,42.86666666666667
2022-05-04 06:30:00,42.9
2022-05-04 07:00:00,43.050000000000004
2022-05-04 07:30:00,43.199999999999996
2022-05-04 08:00:00,43.48333333333333
2022-05-04 08:30:00,43.583333333333336
2022-05-04 09:00:00,43.68333333333333
2022-05-04 09:30:00,43.800000000000004
2022-05-04 10:00:00,43.81666666666666
2022-05-04 10:30:00,43.833333333333336
2022-05-04 11:00:00,43.833333333333336
2022-05-04 11:30:00,43.833333333333336
2022-05-04 12:00:00,43.800000000000004
2022-05-04 12:30:00,43.800000000000004
2022-05-04 13:00:00,43.75
2022-05-04 13:30:00,43.76666666666667
2022-05-04 14:00:00,43.76666666666666
2022-05-04 14:30:00,43.81666666666666
2022-05-04 15:00:00,43.93333333333333
2022-05-04 15:30:00,44.03333333333333
2022-05-04 16:00:00,44.03333333333333
2022-05-04 16:30:00,44.050000000000004
2022-05-04 17:00:00,43.98333333333333
2022-05-04 17:30:00,43.916666666666664
2022-05-04 18:00:00,43.88333333333333
2022-05-04 18:30:00,43.849999999999994
2022-05-04 19:00:00,43.76666666666666
2022-05-04 19:30:00,43.699999999999996
2022-05-04 20:00:00,43.61666666666667
2022-05-04 20:30:00,43.56666666666666
2022-05-04 21:00:00,43.51666666666667
2022-05-04 21:30:00,43.48333333333333
2022-05-04 22:00:00,43.333333333333336
2022-05-04 22:30:00,43.15
2022-05-04 23:00:00,43.01666666666667
2022-05-04 23:30:00,42.949999999999996
2022-05-05 00:00:00,42.96666666666667
2022-05-05 00:30:00,42.9
2022-05-05 01:00:00,42.85
2022-05-05 01:30:00,42.833333333333336
2022-05-05 02:00:00,42.800000000000004
2022-05-05 02:30:00,42.78333333333333
2022-05-05 03:00:00,42.75
2022-05-05 03:30:00,42.699999999999996
2022-05-05 04:00:00,42.666666666666664
2022-05-05 04:30:00,42.63333333333333
2022-05-05 05:00:00,42.666666666666664
2022-05-05 05:30:00,42.65
2022-05-05 06:00:00,42.68333333333333
2022-05-05 06:30:00,42.76666666666666
2022-05-05 07:00:00,42.833333333333336
2022-05-05 07:30:00,42.86666666666667
2022-05-05 08:00:00,42.93333333333333
2022-05-05 08:30:00,42.96666666666666
2022-05-05 09:00:00,43.0
2022-05-05 09:30:00,43.03333333333333
2022-05-05 10:00:00,43.083333333333336
2022-05-05 10:30:00,43.11666666666667
2022-05-05 11:00:00,43.18333333333334
2022-05-05 11:30:00,43.35
2022-05-05 12:00:00,43.46666666666667
2022-05-05 12:30:00,43.46666666666667
2022-05-05 13:00:00,43.46666666666667
2022-05-05 13:30:00,43.51666666666667
2022-05-05 14:00:00,43.550000000000004
2022-05-05 14:30:00,43.53333333333333
2022-05-05 15:00:00,43.43333333333334
2022-05-05 15:30:00,43.43333333333333
2022-05-05 16:00:00,43.416666666666664
2022-05-05 16:30:00,43.38333333333333
2022-05-05 17:00:00,43.449999999999996
2022-05-05 17:30:00,43.35
2022-05-05 18:00:00,43.28333333333333
2022-05-05 18:30:00,43.21666666666667
2022-05-05 19:00:00,43.166666666666664
2022-05-05 19:30:00,43.11666666666667
2022-05-05 20:00:00,43.1
2022-05-05 20:30:00,43.1
2022-05-05 21:00:00,43.01666666666667
2022-05-05 21:30:00,42.949999999999996
2022-05-05 22:00:00,42.88333333333333
2022-05-05 22:30:00,42.833333333333336
2022-05-05 23:00:00,42.76666666666666
2022-05-05 23:30:00,42.75
2022-05-06 00:00:00,42.73333333333333
2022-05-06 00:30:00,42.73333333333333
2022-05-06 01:00:00,42.699999999999996
2022-05-06 01:30:00,42.699999999999996
2022-05-06 02:00:00,42.68333333333333
2022-05-06 02:30:00,42.666666666666664
2022-05-06 03:00:00,42.666666666666664
2022-05-06 03:30:00,42.65
2022-05-06 04:00:00,42.68333333333333
2022-05-06 04:30:00,42.61666666666667
2022-05-06 05:00:00,42.61666666666667
2022-05-06 05:30:00,42.583333333333336
2022-05-06 06:00:00,42.583333333333336
2022-05-06 06:30:00,42.6
2022-05-06 07:00:00,42.583333333333336
2022-05-06 07:30:00,42.6
2022-05-06 08:00:00,42.65
2022-05-06 08:30:00,42.68333333333333
2022-05-06 09:00:00,42.73333333333333
2022-05-06 09:30:00,42.833333333333336
2022-05-06 10:00:00,42.93333333333334
2022-05-06 10:30:00,43.06666666666666
2022-05-06 11:00:00,43.11666666666667
2022-05-06 11:30:00,43.18333333333334
2022-05-06 12:00:00,43.21666666666667
2022-05-06 12:30:00,43.25
2022-05-06 13:00:00,43.28333333333333
2022-05-06 13:30:00,43.333333333333336
2022-05-06 14:00:00,43.36666666666667
2022-05-06 14:30:00,43.36666666666667
2022-05-06 15:00:00,43.35
2022-05-06 15:30:00,43.35
2022-05-06 16:00:00,43.300000000000004
2022-05-06 16:30:00,43.21666666666667
2022-05-06 17:00:00,43.199999999999996
2022-05-06 17:30:00,43.23333333333333
2022-05-06 18:00:00,43.166666666666664
2022-05-06 18:30:00,43.06666666666667
2022-05-06 19:00:00,43.0
2022-05-06 19:30:00,42.88333333333333
2022-05-06 20:00:00,42.79999999999999
2022-05-06 20:30:00,42.71666666666666
2022-05-06 21:00:00,42.63333333333333
2022-05-06 21:30:00,42.550000000000004
2022-05-06 22:00:00,42.483333333333334
2022-05-06 22:30:00,42.4
2022-05-06 23:00:00,42.36666666666667
2022-05-06 23:30:00,42.333333333333336
2022-05-07 00:00:00,42.3
2022-05-07 00:30:00,42.24999999999999
2022-05-07 01:00:00,42.23333333333333
2022-05-07 01:30:00,42.23333333333333
2022-05-07 02:00:00,42.166666666666664
2022-05-07 02:30:00,42.083333333333336
2022-05-07 03:00:00,42.03333333333333
2022-05-07 03:30:00,42.0
2022-05-07 04:00:00,41.983333333333334
2022-05-07 04:30:00,41.93333333333333
2022-05-07 05:00:00,41.949999999999996
2022-05-07 05:30:00,42.0
2022-05-07 06:00:00,42.06666666666666
2022-05-07 06:30:00,42.13333333333333
2022-05-07 07:00:00,42.166666666666664
2022-05-07 07:30:00,42.166666666666664
2022-05-07 08:00:00,42.233333333333334
2022-05-07 08:30:00,42.31666666666667
2022-05-07 09:00:00,42.36666666666667
2022-05-07 09:30:00,42.5
2022-05-07 10:00:00,42.6
2022-05-07 10:30:00,42.666666666666664
2022-05-07 11:00:00,42.699999999999996
2022-05-07 11:30:00,42.666666666666664
2022-05-07 12:00:00,42.63333333333333
2022-05-07 12:30:00,42.61666666666667
2022-05-07 13:00:00,42.63333333333333
2022-05-07 13:30:00,42.6
2022-05-07 14:00:00,42.6
2022-05-07 14:30:00,42.583333333333336
2022-05-07 15:00:00,42.666666666666664
2022-05-07 15:30:00,42.849999999999994
2022-05-07 16:00:00,43.166666666666664
2022-05-07 16:30:00,43.43333333333333
2022-05-07 17:00:00,43.666666666666664
2022-05-07 17:30:00,43.76666666666666
2022-05-07 18:00:00,43.75
2022-05-07 18:30:00,43.71666666666667
2022-05-07 19:00:00,43.699999999999996
2022-05-07 19:30:00,43.650000000000006
2022-05-07 20:00:00,43.583333333333336
2022-05-07 20:30:00,43.48333333333334
2022-05-07 21:00:00,43.400000000000006
2022-05-07 21:30:00,43.35
2022-05-07 22:00:00,43.28333333333334
2022-05-07 22:30:00,43.20000000000001
2022-05-07 23:00:00,43.18333333333334
2022-05-07 23:30:00,43.166666666666664
2022-05-08 00:00:00,43.13333333333333
2022-05-08 00:30:00,43.083333333333336
2022-05-08 01:00:00,43.01666666666667
2022-05-08 01:30:00,42.96666666666667
2022-05-08 02:00:00,42.93333333333334
2022-05-08 02:30:00,42.86666666666667
2022-05-08 03:00:00,42.800000000000004
2022-05-08 03:30:00,42.76666666666667
2022-05-08 04:00:00,42.73333333333333
2022-05-08 04:30:00,42.68333333333334
2022-05-08 05:00:00,42.666666666666664
2022-05-08 05:30:00,42.666666666666664
2022-05-08 06:00:00,42.65
2022-05-08 06:30:00,42.666666666666664
2022-05-08 07:00:00,42.699999999999996
2022-05-08 07:30:00,42.65
2022-05-08 08:00:00,42.65
2022-05-08 08:30:00,42.63333333333333
2022-05-08 09:00:00,42.666666666666664
2022-05-08 09:30:00,42.68333333333334
2022-05-08 10:00:00,42.68333333333334
2022-05-08 10:30:00,42.71666666666667
2022-05-08 11:00:00,42.81666666666667
2022-05-08 11:30:00,42.81666666666666
2022-05-08 12:00:00,42.9
2022-05-08 12:30:00,42.88333333333333
2022-05-08 13:00:00,42.9
2022-05-08 13:30:00,42.88333333333333
2022-05-08 14:00:00,42.88333333333333
2022-05-08 14:30:00,42.916666666666664
2022-05-08 15:00:00,42.85
2022-05-08 15:30:00,42.85
2022-05-08 16:00:00,42.76666666666667
2022-05-08 16:30:00,42.699999999999996
2022-05-08 17:00:00,42.61666666666667
2022-05-08 17:30:00,42.61666666666667
2022-05-08 18:00:00,42.550000000000004
2022-05-08 18:30:00,42.5
2022-05-08 19:00:00,42.48333333333334
2022-05-08 19:30:00,42.38333333333333
2022-05-08 20:00:00,42.3
2022-05-08 20:30:00,42.21666666666666
2022-05-08 21:00:00,42.18333333333333
2022-05-08 21:30:00,42.08333333333333
2022-05-08 22:00:00,42.05
2022-05-08 22:30:00,42.050000000000004
2022-05-08 23:00:00,42.0
2022-05-08 23:30:00,41.983333333333334
2022-05-09 00:00:00,41.96666666666667
2022-05-09 00:30:00,41.916666666666664
2022-05-09 01:00:00,41.85
2022-05-09 01:30:00,41.78333333333333
2022-05-09 02:00:00,41.666666666666664
2022-05-09 02:30:00,41.583333333333336
2022-05-09 03:00:00,41.56666666666666
2022-05-09 03:30:00,41.583333333333336
2022-05-09 04:00:00,41.56666666666666
2022-05-09 04:30:00,41.56666666666666
2022-05-09 05:00:00,41.56666666666666
2022-05-09 05:30:00,41.583333333333336
2022-05-09 06:00:00,41.61666666666667
2022-05-09 06:30:00,41.61666666666667
2022-05-09 07:00:00,41.68333333333333
2022-05-09 07:30:00,41.71666666666666
2022-05-09 08:00:00,41.65
2022-05-09 08:30:00,41.68333333333333
2022-05-09 09:00:00,41.699999999999996
2022-05-09 09:30:00,41.699999999999996
2022-05-09 10:00:00,41.71666666666667
2022-05-09 10:30:00,41.73333333333333
2022-05-09 11:00:00,41.800000000000004
2022-05-09 11:30:00,41.85
2022-05-09 12:00:00,41.88333333333333
2022-05-09 12:30:00,41.916666666666664
2022-05-09 13:00:00,41.93333333333333
2022-05-09 13:30:00,41.93333333333333
2022-05-09 14:00:00,42.016666666666666
2022-05-09 14:30:00,41.96666666666667
2022-05-09 15:00:00,42.0
2022-05-09 15:30:00,42.0
2022-05-09 16:00:00,41.983333333333334
2022-05-09 16:30:00,41.93333333333334
2022-05-09 17:00:00,41.833333333333336
2022-05-09 17:30:00,41.833333333333336
2022-05-09 18:00:00,41.766666666666666
2022-05-09 18:30:00,41.733333333333334
2022-05-09 19:00:00,41.666666666666664
2022-05-09 19:30:00,41.53333333333334
2022-05-09 20:00:00,41.5
2022-05-09 20:30:00,41.5
2022-05-09 21:00:00,41.45
2022-05-09 21:30:00,41.416666666666664
2022-05-09 22:00:00,41.4
2022-05-09 22:30:00,41.416666666666664
2022-05-09 23:00:00,41.45
2022-05-09 23:30:00,41.43333333333333
2022-05-10 00:00:00,41.4
2022-05-10 00:30:00,41.4
2022-05-10 01:00:00,41.416666666666664
2022-05-10 01:30:00,41.38333333333333
2022-05-10 02:00:00,41.333333333333336
2022-05-10 02:30:00,41.333333333333336
2022-05-10 03:00:00,41.31666666666667
2022-05-10 03:30:00,41.31666666666667
2022-05-10 04:00:00,41.300000000000004
2022-05-10 04:30:00,41.31666666666667
2022-05-10 05:00:00,41.300000000000004
2022-05-10 05:30:00,41.36666666666667
2022-05-10 06:00:00,41.38333333333333
2022-05-10 06:30:00,41.43333333333334
2022-05-10 07:00:00,41.43333333333334
2022-05-10 07:30:00,41.43333333333334
2022-05-10 08:00:00,41.43333333333334
2022-05-10 08:30:00,41.416666666666664
2022-05-10 09:00:00,41.449999999999996
2022-05-10 09:30:00,41.550000000000004
2022-05-10 10:00:00,41.61666666666667
2022-05-10 10:30:00,41.666666666666664
2022-05-10 11:00:00,41.766666666666666
2022-05-10 11:30:00,41.766666666666666
2022-05-10 12:00:00,41.78333333333334
2022-05-10 12:30:00,41.76666666666667
2022-05-10 13:00:00,41.75
2022-05-10 13:30:00,41.73333333333333
2022-05-10 14:00:00,41.666666666666664
2022-05-10 14:30:00,41.61666666666667
2022-05-10 15:00:00,41.6
2022-05-10 15:30:00,41.51666666666667
2022-05-10 16:00:00,41.416666666666664
2022-05-10 16:30:00,41.36666666666667
2022-05-10 17:00:00,41.35
2022-05-10 17:30:00,41.26666666666666
2022-05-10 18:00:00,41.23333333333333
2022-05-10 18:30:00,41.166666666666664
2022-05-10 19:00:00,41.13333333333333
2022-05-10 19:30:00,41.03333333333333
2022-05-10 20:00:00,40.983333333333334
2022-05-10 20:30:00,40.96666666666667
2022-05-10 21:00:00,40.9
2022-05-10 21:30:00,40.9
2022-05-10 22:00:00,40.9
2022-05-10 22:30:00,40.9
2022-05-10 23:00:00,40.86666666666667
2022-05-10 23:30:00,40.86666666666667
2022-05-11 00:00:00,40.86666666666667
2022-05-11 00:30:00,40.86666666666667
2022-05-11 01:00:00,40.86666666666667
2022-05-11 01:30:00,40.86666666666667
2022-05-11 02:00:00,40.86666666666667
2022-05-11 02:30:00,40.86666666666667
2022-05-11 03:00:00,40.85
2022-05-11 03:30:00,40.833333333333336
2022-05-11 04:00:00,40.86666666666667
2022-05-11 04:30:00,40.88333333333333
2022-05-11 05:00:00,40.96666666666667
2022-05-11 05:30:00,41.03333333333333
2022-05-11 06:00:00,41.11666666666667
2022-05-11 06:30:00,41.26666666666667
2022-05-11 07:00:00,41.583333333333336
2022-05-11 07:30:00,41.93333333333333
2022-05-11 08:00:00,42.083333333333336
2022-05-11 08:30:00,42.166666666666664
2022-05-11 09:00:00,42.166666666666664
2022-05-11 09:30:00,42.18333333333333
2022-05-11 10:00:00,42.199999999999996
2022-05-11 10:30:00,42.166666666666664
2022-05-11 11:00:00,42.15
2022-05-11 11:30:00,42.233333333333334
2022-05-11 12:00:00,42.333333333333336
2022-05-11 12:30:00,42.31666666666666
2022-05-11 13:00:00,42.333333333333336
2022-05-11 13:30:00,42.333333333333336
2022-05-11 14:00:00,42.28333333333333
2022-05-11 14:30:00,42.333333333333336
2022-05-11 15:00:00,42.28333333333333
2022-05-11 15:30:00,42.28333333333334
2022-05-11 16:00:00,42.26666666666667
2022-05-11 16:30:00,42.25
2022-05-11 17:00:00,42.23333333333333
2022-05-11 17:30:00,42.166666666666664
2022-05-11 18:00:00,42.13333333333333
2022-05-11 18:30:00,42.083333333333336
2022-05-11 19:00:00,42.01666666666667
2022-05-11 19:30:00,42.0
2022-05-11 20:00:00,41.86666666666667
2022-05-11 20:30:00,41.85
2022-05-11 21:00:00,41.78333333333333
2022-05-11 21:30:00,41.766666666666666
2022-05-11 22:00:00,41.699999999999996
2022-05-11 22:30:00,41.733333333333334
2022-05-11 23:00:00,41.766666666666666
2022-05-11 23:30:00,41.766666666666666
2022-05-12 00:00:00,41.766666666666666
2022-05-12 00:30:00,41.81666666666666
2022-05-12 01:00:00,41.800000000000004
2022-05-12 01:30:00,41.78333333333333
2022-05-12 02:00:00,41.75
2022-05-12 02:30:00,41.73333333333334
2022-05-12 03:00:00,41.73333333333333
2022-05-12 03:30:00,41.699999999999996
2022-05-12 04:00:00,41.666666666666664
2022-05-12 04:30:00,41.666666666666664
2022-05-12 05:00:00,41.699999999999996
2022-05-12 05:30:00,41.699999999999996
2022-05-12 06:00:00,41.699999999999996
2022-05-12 06:30:00,41.666666666666664
2022-05-12 07:00:00,41.63333333333333
2022-05-12 07:30:00,41.650000000000006
2022-05-12 08:00:00,41.666666666666664
2022-05-12 08:30:00,41.699999999999996
2022-05-12 09:00:00,41.699999999999996
2022-05-12 09:30:00,41.733333333333334
2022-05-12 10:00:00,41.81666666666667
2022-05-12 10:30:00,41.800000000000004
2022-05-12 11:00:00,41.75
2022-05-12 11:30:00,41.766666666666666
2022-05-12 12:00:00,41.666666666666664
2022-05-12 12:30:00,41.666666666666664
2022-05-12 13:00:00,41.65
2022-05-12 13:30:00,41.61666666666667
2022-05-12 14:00:00,41.699999999999996
2022-05-12 14:30:00,42.166666666666664
2022-05-12 15:00:00,42.416666666666664
2022-05-12 15:30:00,42.516666666666666
2022-05-12 16:00:00,42.5
2022-05-12 16:30:00,42.416666666666664
2022-05-12 17:00:00,42.36666666666667
2022-05-12 17:30:00,42.31666666666666
2022-05-12 18:00:00,42.31666666666666
2022-05-12 18:30:00,42.28333333333333
2022-05-12 19:00:00,42.199999999999996
2022-05-12 19:30:00,42.15
2022-05-12 20:00:00,42.11666666666667
2022-05-12 20:30:00,42.06666666666666
2022-05-12 21:00:00,42.050000000000004
2022-05-12 21:30:00,42.050000000000004
2022-05-12 22:00:00,42.03333333333333
2022-05-12 22:30:00,42.06666666666667
2022-05-12 23:00:00,42.050000000000004
2022-05-12 23:30:00,41.98333333333333
2022-05-13 00:00:00,41.93333333333334
2022-05-13 00:30:00,42.016666666666666
2022-05-13 01:00:00,42.03333333333334
2022-05-13 01:30:00,42.016666666666666
2022-05-13 02:00:00,42.00000000000001
2022-05-13 02:30:00,41.983333333333334
2022-05-13 03:00:00,41.95
2022-05-13 03:30:00,41.93333333333333
2022-05-13 04:00:00,41.93333333333333
2022-05-13 04:30:00,41.93333333333333
2022-05-13 05:00:00,41.93333333333333
2022-05-13 05:30:00,41.93333333333333
2022-05-13 06:00:00,41.86666666666667
2022-05-13 06:30:00,41.85
2022-05-13 07:00:00,41.86666666666667
2022-05-13 07:30:00,41.85
2022-05-13 08:00:00,41.85
2022-05-13 08:30:00,41.81666666666667
2022-05-13 09:00:00,41.83333333333333
2022-05-13 09:30:00,41.83333333333333
2022-05-13 10:00:00,41.86666666666667
2022-05-13 10:30:00,41.88333333333333
2022-05-13 11:00:00,41.86666666666667
2022-05-13 11:30:00,41.849999999999994
2022-05-13 12:00:00,41.849999999999994
2022-05-13 12:30:00,41.88333333333333
2022-05-13 13:00:00,41.88333333333333
2022-05-13 13:30:00,41.9
2022-05-13 14:00:00,41.8
2022-05-13 14:30:00,41.699999999999996
2022-05-13 15:00:00,41.61666666666667
2022-05-13 15:30:00,41.56666666666667
2022-05-13 16:00:00,41.6
2022-05-13 16:30:00,41.550000000000004
2022-05-13 17:00:00,41.56666666666667
2022-05-13 17:30:00,41.56666666666667
2022-05-13 18:00:00,41.4
2022-05-13 18:30:00,41.300000000000004
2022-05-13 19:00:00,41.26666666666667
2022-05-13 19:30:00,41.266666666666666
2022-05-13 20:00:00,41.18333333333334
2022-05-13 20:30:00,41.083333333333336
2022-05-13 21:00:00,41.06666666666666
2022-05-13 21:30:00,41.06666666666667
2022-05-13 22:00:00,41.11666666666667
2022-05-13 22:30:00,41.166666666666664
2022-05-13 23:00:00,41.18333333333334
2022-05-13 23:30:00,41.28333333333334
2022-05-14 00:00:00,41.300000000000004
2022-05-14 00:30:00,41.36666666666667
2022-05-14 01:00:00,41.416666666666664
2022-05-14 01:30:00,41.38333333333333
2022-05-14 02:00:00,41.4
2022-05-14 02:30:00,41.416666666666664
2022-05-14 03:00:00,41.4
2022-05-14 03:30:00,41.43333333333333
2022-05-14 04:00:00,41.416666666666664
2022-05-14 04:30:00,41.43333333333333
2022-05-14 05:00:00,41.449999999999996
2022-05-14 05:30:00,41.46666666666667
2022-05-14 06:00:00,41.46666666666667
2022-05-14 06:30:00,41.46666666666667
2022-05-14 07:00:00,41.5
2022-05-14 07:30:00,41.5
2022-05-14 08:00:00,41.5
2022-05-14 08:30:00,41.4
2022-05-14 09:00:00,41.38333333333333
2022-05-14 09:30:00,41.31666666666666
2022-05-14 10:00:00,41.266666666666666
2022-05-14 10:30:00,41.25
2022-05-14 11:00:00,41.28333333333333
2022-05-14 11:30:00,41.25
2022-05-14 12:00:00,41.15
2022-05-14 12:30:00,41.06666666666666
2022-05-14 13:00:00,41.016666666666666
2022-05-14 13:30:00,41.016666666666666
2022-05-14 14:00:00,41.06666666666667
2022-05-14 14:30:00,41.03333333333333
2022-05-14 15:00:00,40.96666666666667
2022-05-14 15:30:00,40.916666666666664
2022-05-14 16:00:00,40.9
2022-05-14 16:30:00,40.86666666666667
2022-05-14 17:00:00,40.800000000000004
2022-05-14 17:30:00,40.75
2022-05-14 18:00:00,40.76666666666666
2022-05-14 18:30:00,40.699999999999996
2022-05-14 19:00:00,40.65
2022-05-14 19:30:00,40.61666666666667
2022-05-14 20:00:00,40.56666666666666
2022-05-14 20:30:00,40.53333333333334
2022-05-14 21:00:00,40.48333333333334
2022-05-14 21:30:00,40.46666666666667
2022-05-14 22:00:00,40.43333333333334
2022-05-14 22:30:00,40.43333333333334
2022-05-14 23:00:00,40.46666666666667
2022-05-14 23:30:00,40.4
2022-05-15 00:00:00,40.46666666666667
2022-05-15 00:30:00,40.36666666666667
2022-05-15 01:00:00,40.36666666666667
2022-05-15 01:30:00,40.400000000000006
2022-05-15 02:00:00,40.449999999999996
2022-05-15 02:30:00,40.43333333333334
2022-05-15 03:00:00,40.51666666666667
2022-05-15 03:30:00,40.6
2022-05-15 04:00:00,40.6
2022-05-15 04:30:00,40.6
2022-05-15 05:00:00,40.65
2022-05-15 05:30:00,40.73333333333333
2022-05-15 06:00:00,40.75
2022-05-15 06:30:00,40.800000000000004
2022-05-15 07:00:00,40.833333333333336
2022-05-15 07:30:00,40.78333333333333
2022-05-15 08:00:00,40.766666666666666
2022-05-15 08:30:00,40.7
2022-05-15 09:00:00,40.61666666666667
2022-05-15 09:30:00,40.53333333333334
2022-05-15 10:00:00,40.46666666666667
2022-05-15 10:30:00,40.43333333333334
2022-05-15 11:00:00,40.416666666666664
2022-05-15 11:30:00,40.35
2022-05-15 12:00:00,40.31666666666666
2022-05-15 12:30:00,40.26666666666666
2022-05-15 13:00:00,40.26666666666666
2022-05-15 13:30:00,40.199999999999996
2022-05-15 14:00:00,40.38333333333333
2022-05-15 14:30:00,40.61666666666667
2022-05-15 15:00:00,40.666666666666664
2022-05-15 15:30:00,40.699999999999996
2022-05-15 16:00:00,40.699999999999996
2022-05-15 16:30:00,40.699999999999996
2022-05-15 17:00:00,40.63333333333333
2022-05-15 17:30:00,40.6
2022-05-15 18:00:00,40.53333333333333
2022-05-15 18:30:00,40.51666666666667
2022-05-15 19:00:00,40.48333333333333
2022-05-15 19:30:00,40.449999999999996
2022-05-15 20:00:00,40.43333333333334
2022-05-15 20:30:00,40.416666666666664
2022-05-15 21:00:00,40.416666666666664
2022-05-15 21:30:00,40.416666666666664
2022-05-15 22:00:00,40.4
2022-05-15 22:30:00,40.416666666666664
2022-05-15 23:00:00,40.43333333333334
2022-05-15 23:30:00,40.43333333333334
2022-05-16 00:00:00,40.43333333333334
2022-05-16 00:30:00,40.43333333333334
2022-05-16 01:00:00,40.43333333333334
2022-05-16 01:30:00,40.43333333333334
2022-05-16 02:00:00,40.43333333333334
2022-05-16 02:30:00,40.46666666666667
2022-05-16 03:00:00,40.45
2022-05-16 03:30:00,40.43333333333334
2022-05-16 04:00:00,40.449999999999996
2022-05-16 04:30:00,40.43333333333334
2022-05-16 05:00:00,40.449999999999996
2022-05-16 05:30:00,40.43333333333334
2022-05-16 06:00:00,40.46666666666667
2022-05-16 06:30:00,40.416666666666664
2022-05-16 07:00:00,40.36666666666667
2022-05-16 07:30:00,40.38333333333333
2022-05-16 08:00:00,40.35
2022-05-16 08:30:00,40.31666666666666
2022-05-16 09:00:00,40.26666666666666
2022-05-16 09:30:00,40.300000000000004
2022-05-16 10:00:00,40.266666666666666
2022-05-16 10:30:00,40.25
2022-05-16 11:00:00,40.233333333333334
2022-05-16 11:30:00,40.21666666666667
2022-05-16 12:00:00,40.21666666666667
2022-05-16 12:30:00,40.2
2022-05-16 13:00:00,40.21666666666667
2022-05-16 13:30:00,40.21666666666667
2022-05-16 14:00:00,40.150000000000006
2022-05-16 14:30:00,40.166666666666664
2022-05-16 15:00:00,40.21666666666667
2022-05-16 15:30:00,40.21666666666667
2022-05-16 16:00:00,40.11666666666667
2022-05-16 16:30:00,40.06666666666667
2022-05-16 17:00:00,40.06666666666667
2022-05-16 17:30:00,40.06666666666667
2022-05-16 18:00:00,40.050000000000004
2022-05-16 18:30:00,40.06666666666667
2022-05-16 19:00:00,40.03333333333333
2022-05-16 19:30:00,40.03333333333333
2022-05-16 20:00:00,40.050000000000004
2022-05-16 20:30:00,40.03333333333333
2022-05-16 21:00:00,40.03333333333333
2022-05-16 21:30:00,40.03333333333333
2022-05-16 22:00:00,40.0
2022-05-16 22:30:00,40.0
2022-05-16 23:00:00,40.016666666666666
2022-05-16 23:30:00,40.016666666666666
2022-05-17 00:00:00,40.06666666666667
2022-05-17 00:30:00,40.1
2022-05-17 01:00:00,40.15
2022-05-17 01:30:00,40.21666666666667
2022-05-17 02:00:00,40.28333333333333
2022-05-17 02:30:00,40.333333333333336
2022-05-17 03:00:00,40.31666666666666
2022-05-17 03:30:00,40.333333333333336
2022-05-17 04:00:00,40.349999999999994
2022-05-17 04:30:00,40.333333333333336
2022-05-17 05:00:00,40.31666666666666
2022-05-17 05:30:00,40.333333333333336
2022-05-17 06:00:00,40.300000000000004
2022-05-17 06:30:00,40.300000000000004
2022-05-17 07:00:00,40.28333333333333
2022-05-17 07:30:00,40.23333333333333
2022-05-17 08:00:00,40.23333333333333
2022-05-17 08:30:00,40.25
2022-05-17 09:00:00,40.23333333333334
2022-05-17 09:30:00,40.18333333333334
2022-05-17 10:00:00,40.13333333333333
2022-05-17 10:30:00,40.1
2022-05-17 11:00:00,40.083333333333336
2022-05-17 11:30:00,40.03333333333334
2022-05-17 12:00:00,39.949999999999996
2022-05-17 12:30:00,39.88333333333333
2022-05-17 13:00:00,39.833333333333336
2022-05-17 13:30:00,39.849999999999994
2022-05-17 14:00:00,39.733333333333334
2022-05-17 14:30:00,39.68333333333334
2022-05-17 15:00:00,39.63333333333333
2022-05-17 15:30:00,39.61666666666667
2022-05-17 16:00:00,39.583333333333336
2022-05-17 16:30:00,39.516666666666666
2022-05-17 17:00:00,39.46666666666666
2022-05-17 17:30:00,39.43333333333333
2022-05-17 18:00:00,39.43333333333333
2022-05-17 18:30:00,39.4
2022-05-17 19:00:00,39.4
2022-05-17 19:30:00,39.35
2022-05-17 20:00:00,39.31666666666667
2022-05-17 20:30:00,39.300000000000004
2022-05-17 21:00:00,39.300000000000004
2022-05-17 21:30:00,39.300000000000004
2022-05-17 22:00:00,39.300000000000004
2022-05-17 22:30:00,39.300000000000004
2022-05-17 23:00:00,39.300000000000004
2022-05-17 23:30:00,39.31666666666667
2022-05-18 00:00:00,39.333333333333336
2022-05-18 00:30:00,39.333333333333336
2022-05-18 01:00:00,39.31666666666667
2022-05-18 01:30:00,39.38333333333333
2022-05-18 02:00:00,39.4
2022-05-18 02:30:00,39.46666666666667
2022-05-18 03:00:00,39.53333333333334
2022-05-18 03:30:00,39.61666666666667
2022-05-18 04:00:00,39.68333333333333
2022-05-18 04:30:00,39.73333333333333
2022-05-18 05:00:00,39.8
2022-05-18 05:30:00,39.81666666666666
2022-05-18 06:00:00,39.833333333333336
2022-05-18 06:30:00,39.81666666666666
2022-05-18 07:00:00,39.833333333333336
2022-05-18 07:30:00,39.833333333333336
2022-05-18 08:00:00,39.78333333333333
2022-05-18 08:30:00,39.73333333333333
2022-05-18 09:00:00,39.666666666666664
2022-05-18 09:30:00,39.56666666666666
2022-05-18 10:00:00,39.51666666666667
2022-05-18 10:30:00,39.416666666666664
2022-05-18 11:00:00,39.38333333333333
2022-05-18 11:30:00,39.35
2022-05-18 12:00:00,39.4
2022-05-18 12:30:00,39.43333333333333
2022-05-18 13:00:00,39.43333333333333
2022-05-18 13:30:00,39.36666666666667
2022-05-18 14:00:00,39.36666666666667
2022-05-18 14:30:00,39.36666666666667
2022-05-18 15:00:00,39.28333333333333
2022-05-18 15:30:00,39.21666666666667
2022-05-18 16:00:00,39.199999999999996
2022-05-18 16:30:00,39.18333333333333
2022-05-18 17:00:00,39.15
2022-05-18 17:30:00,39.01666666666667
2022-05-18 18:00:00,38.98333333333334
2022-05-18 18:30:00,38.949999999999996
2022-05-18 19:00:00,38.9
2022-05-18 19:30:00,38.833333333333336
2022-05-18 20:00:00,38.766666666666666
2022-05-18 20:30:00,38.71666666666667
2022-05-18 21:00:00,38.733333333333334
2022-05-18 21:30:00,38.666666666666664
2022-05-18 22:00:00,38.733333333333334
2022-05-18 22:30:00,38.733333333333334
2022-05-18 23:00:00,38.766666666666666
2022-05-18 23:30:00,38.78333333333334
2022-05-19 00:00:00,38.86666666666667
2022-05-19 00:30:00,38.93333333333333
2022-05-19 01:00:00,38.99999999999999
2022-05-19 01:30:00,39.03333333333333
2022-05-19 02:00:00,39.083333333333336
2022-05-19 02:30:00,39.166666666666664
2022-05-19 03:00:00,39.199999999999996
2022-05-19 03:30:00,39.199999999999996
2022-05-19 04:00:00,39.23333333333333
2022-05-19 04:30:00,39.31666666666667
2022-05-19 05:00:00,39.28333333333333
2022-05-19 05:30:00,39.35
2022-05-19 06:00:00,39.26666666666667
2022-05-19 06:30:00,39.21666666666667
2022-05-19 07:00:00,39.2
2022-05-19 07:30:00,39.2
2022-05-19 08:00:00,39.13333333333333
2022-05-19 08:30:00,39.08333333333333
2022-05-19 09:00:00,39.06666666666667
2022-05-19 09:30:00,39.03333333333333
2022-05-19 10:00:00,39.0
2022-05-19 10:30:00,38.96666666666667
2022-05-19 11:00:00,38.93333333333334
2022-05-19 11:30:00,38.88333333333333
2022-05-19 12:00:00,38.800000000000004
2022-05-19 12:30:00,38.81666666666667
2022-05-19 13:00:00,38.85
2022-05-19 13:30:00,38.85
2022-05-19 14:00:00,38.800000000000004
2022-05-19 14:30:00,38.73333333333333
2022-05-19 15:00:00,38.63333333333333
2022-05-19 15:30:00,38.61666666666667
2022-05-19 16:00:00,38.6
2022-05-19 16:30:00,38.56666666666667
2022-05-19 17:00:00,38.5
2022-05-19 17:30:00,38.45
2022-05-19 18:00:00,38.4
2022-05-19 18:30:00,38.35
2022-05-19 19:00:00,38.31666666666667
2022-05-19 19:30:00,38.266666666666666
2022-05-19 20:00:00,38.25
2022-05-19 20:30:00,38.25
2022-05-19 21:00:00,38.31666666666666
2022-05-19 21:30:00,38.4
2022-05-19 22:00:00,38.483333333333334
2022-05-19 22:30:00,38.6
2022-05-19 23:00:00,38.71666666666666
2022-05-19 23:30:00,38.733333333333334
2022-05-20 00:00:00,38.766666666666666
2022-05-20 00:30:00,38.9
2022-05-20 01:00:00,38.93333333333334
2022-05-20 01:30:00,38.93333333333334
2022-05-20 02:00:00,38.93333333333334
2022-05-20 02:30:00,38.95
2022-05-20 03:00:00,38.98333333333333
2022-05-20 03:30:00,38.96666666666667
2022-05-20 04:00:00,38.949999999999996
2022-05-20 04:30:00,38.949999999999996
2022-05-20 05:00:00,38.98333333333334
2022-05-20 05:30:00,39.01666666666667
2022-05-20 06:00:00,39.03333333333333
2022-05-20 06:30:00,39.05
2022-05-20 07:00:00,39.050000000000004
2022-05-20 07:30:00,39.016666666666666
2022-05-20 08:00:00,38.96666666666667
2022-05-20 08:30:00,38.86666666666667
2022-05-20 09:00:00,38.86666666666667
2022-05-20 09:30:00,38.76666666666666
2022-05-20 10:00:00,38.68333333333333
2022-05-20 10:30:00,38.63333333333333
2022-05-20 11:00:00,38.56666666666667
2022-05-20 11:30:00,38.46666666666667
2022-05-20 12:00:00,38.35
2022-05-20 12:30:00,38.3
2022-05-20 13:00:00,38.31666666666667
2022-05-20 13:30:00,38.31666666666667
2022-05-20 14:00:00,38.300000000000004
2022-05-20 14:30:00,38.25
2022-05-20 15:00:00,38.166666666666664
2022-05-20 15:30:00,38.11666666666667
2022-05-20 16:00:00,38.050000000000004
2022-05-20 16:30:00,37.98333333333333
2022-05-20 17:00:00,37.96666666666667
2022-05-20 17:30:00,37.9
2022-05-20 18:00:00,37.86666666666667
2022-05-20 18:30:00,37.833333333333336
2022-05-20 19:00:00,37.76666666666667
2022-05-20 19:30:00,37.76666666666667
2022-05-20 20:00:00,37.76666666666667
2022-05-20 20:30:00,37.73333333333333
2022-05-20 21:00:00,37.71666666666667
2022-05-20 21:30:00,37.71666666666667
2022-05-20 22:00:00,37.76666666666667
2022-05-20 22:30:00,37.81666666666666
2022-05-20 23:00:00,37.9
2022-05-20 23:30:00,38.03333333333333
2022-05-21 00:00:00,38.1
2022-05-21 00:30:00,38.166666666666664
2022-05-21 01:00:00,38.23333333333333
2022-05-21 01:30:00,38.25
2022-05-21 02:00:00,38.31666666666667
2022-05-21 02:30:00,38.333333333333336
2022-05-21 03:00:00,38.333333333333336
2022-05-21 03:30:00,38.333333333333336
2022-05-21 04:00:00,38.333333333333336
2022-05-21 04:30:00,38.35
2022-05-21 05:00:00,38.4
2022-05-21 05:30:00,38.416666666666664
2022-05-21 06:00:00,38.5
2022-05-21 06:30:00,38.550000000000004
2022-05-21 07:00:00,38.56666666666666
2022-05-21 07:30:00,38.583333333333336
2022-05-21 08:00:00,38.5
2022-05-21 08:30:00,38.416666666666664
2022-05-21 09:00:00,38.333333333333336
2022-05-21 09:30:00,38.166666666666664
2022-05-21 10:00:00,38.083333333333336
2022-05-21 10:30:00,37.983333333333334
2022-05-21 11:00:00,37.93333333333334
2022-05-21 11:30:00,37.85
2022-05-21 12:00:00,37.800000000000004
2022-05-21 12:30:00,37.699999999999996
2022-05-21 13:00:00,37.68333333333333
2022-05-21 13:30:00,37.6
2022-05-21 14:00:00,37.53333333333333
2022-05-21 14:30:00,37.5
2022-05-21 15:00:00,37.46666666666667
2022-05-21 15:30:00,37.4
2022-05-21 16:00:00,37.36666666666667
2022-05-21 16:30:00,37.3
2022-05-21 17:00:00,37.266666666666666
2022-05-21 17:30:00,37.25
2022-05-21 18:00:00,37.166666666666664
2022-05-21 18:30:00,37.13333333333333
2022-05-21 19:00:00,37.03333333333334
2022-05-21 19:30:00,37.03333333333334
2022-05-21 20:00:00,37.05
2022-05-21 20:30:00,37.03333333333334
2022-05-21 21:00:00,37.050000000000004
2022-05-21 21:30:00,37.1
2022-05-21 22:00:00,37.16666666666667
2022-05-21 22:30:00,37.28333333333334
2022-05-21 23:00:00,37.36666666666667
2022-05-21 23:30:00,37.449999999999996
2022-05-22 00:00:00,37.5
2022-05-22 00:30:00,37.6
2022-05-22 01:00:00,37.65
2022-05-22 01:30:00,37.699999999999996
2022-05-22 02:00:00,37.699999999999996
2022-05-22 02:30:00,37.71666666666667
2022-05-22 03:00:00,37.73333333333334
2022-05-22 03:30:00,37.73333333333334
2022-05-22 04:00:00,37.76666666666667
2022-05-22 04:30:00,37.76666666666667
2022-05-22 05:00:00,37.76666666666667
2022-05-22 05:30:00,37.78333333333334
2022-05-22 06:00:00,37.833333333333336
2022-05-22 06:30:00,37.85
2022-05-22 07:00:00,37.949999999999996
2022-05-22 07:30:00,37.9
2022-05-22 08:00:00,37.85
2022-05-22 08:30:00,37.76666666666667
2022-05-22 09:00:00,37.699999999999996
2022-05-22 09:30:00,37.63333333333333
2022-05-22 10:00:00,37.56666666666667
2022-05-22 10:30:00,37.516666666666666
2022-05-22 11:00:00,37.38333333333333
2022-05-22 11:30:00,37.349999999999994
2022-05-22 12:00:00,37.31666666666667
2022-05-22 12:30:00,37.25
2022-05-22 13:00:00,37.25
2022-05-22 13:30:00,37.13333333333333
2022-05-22 14:00:00,37.11666666666667
2022-05-22 14:30:00,37.083333333333336
2022-05-22 15:00:00,37.050000000000004
2022-05-22 15:30:00,36.96666666666667
2022-05-22 16:00:00,36.949999999999996
2022-05-22 16:30:00,36.916666666666664
2022-05-22 17:00:00,36.88333333333333
2022-05-22 17:30:00,36.85
2022-05-22 18:00:00,36.8
2022-05-22 18:30:00,36.733333333333334
2022-05-22 19:00:00,36.65
2022-05-22 19:30:00,36.63333333333333
2022-05-22 20:00:00,36.53333333333334
2022-05-22 20:30:00,36.53333333333334
2022-05-22 21:00:00,36.56666666666667
2022-05-22 21:30:00,36.6
2022-05-22 22:00:00,36.66666666666667
2022-05-22 22:30:00,36.71666666666666
2022-05-22 23:00:00,36.83333333333333
2022-05-22 23:30:00,36.93333333333333
2022-05-23 00:00:00,36.96666666666666
2022-05-23 00:30:00,37.06666666666667
2022-05-23 01:00:00,37.166666666666664
2022-05-23 01:30:00,37.199999999999996
2022-05-23 02:00:00,37.21666666666667
2022-05-23 02:30:00,37.28333333333334
2022-05-23 03:00:00,37.300000000000004
2022-05-23 03:30:00,37.333333333333336
2022-05-23 04:00:00,37.36666666666667
2022-05-23 04:30:00,37.38333333333333
2022-05-23 05:00:00,37.38333333333333
2022-05-23 05:30:00,37.35
2022-05-23 06:00:00,37.36666666666667
2022-05-23 06:30:00,37.416666666666664
2022-05-23 07:00:00,37.483333333333334
2022-05-23 07:30:00,37.46666666666666
2022-05-23 08:00:00,37.4
2022-05-23 08:30:00,37.26666666666666
2022-05-23 09:00:00,37.199999999999996
2022-05-23 09:30:00,37.18333333333333
2022-05-23 10:00:00,37.1
2022-05-23 10:30:00,37.03333333333333
2022-05-23 11:00:00,36.93333333333334
2022-05-23 11:30:00,36.849999999999994
2022-05-23 12:00:00,36.8
2022-05-23 12:30:00,36.7
2022-05-23 13:00:00,36.7
2022-05-23 13:30:00,36.66666666666667
2022-05-23 14:00:00,36.599999999999994
2022-05-23 14:30:00,36.63333333333333
2022-05-23 15:00:00,36.599999999999994
2022-05-23 15:30:00,36.56666666666666
2022-05-23 16:00:00,36.56666666666666
2022-05-23 16:30:00,36.6
2022-05-23 17:00:00,36.63333333333333
2022-05-23 17:30:00,36.583333333333336
2022-05-23 18:00:00,36.483333333333334
2022-05-23 18:30:00,36.416666666666664
2022-05-23 19:00:00,36.36666666666667
2022-05-23 19:30:00,36.300000000000004
2022-05-23 20:00:00,36.23333333333333
2022-05-23 20:30:00,36.23333333333333
2022-05-23 21:00:00,36.23333333333333
2022-05-23 21:30:00,36.300000000000004
2022-05-23 22:00:00,36.38333333333333
2022-05-23 22:30:00,36.43333333333334
2022-05-23 23:00:00,36.53333333333334
2022-05-23 23:30:00,36.63333333333333
2022-05-24 00:00:00,36.666666666666664
2022-05-24 00:30:00,36.75
2022-05-24 01:00:00,36.78333333333334
2022-05-24 01:30:00,36.833333333333336
2022-05-24 02:00:00,36.86666666666667
2022-05-24 02:30:00,36.9
2022-05-24 03:00:00,36.86666666666667
2022-05-24 03:30:00,36.88333333333333
2022-05-24 04:00:00,36.88333333333333
2022-05-24 04:30:00,36.93333333333334
2022-05-24 05:00:00,36.9
2022-05-24 05:30:00,36.96666666666667
2022-05-24 06:00:00,37.06666666666666
2022-05-24 06:30:00,37.050000000000004
2022-05-24 07:00:00,37.03333333333333
2022-05-24 07:30:00,36.98333333333333
2022-05-24 08:00:00,36.88333333333333
2022-05-24 08:30:00,36.75
2022-05-24 09:00:00,36.699999999999996
2022-05-24 09:30:00,36.66666666666667
2022-05-24 10:00:00,36.61666666666667
2022-05-24 10:30:00,36.6
2022-05-24 11:00:00,36.53333333333333
2022-05-24 11:30:00,36.416666666666664
2022-05-24 12:00:00,36.43333333333333
2022-05-24 12:30:00,36.38333333333333
2022-05-24 13:00:00,36.38333333333333
2022-05-24 13:30:00,36.333333333333336
2022-05-24 14:00:00,36.300000000000004
2022-05-24 14:30:00,36.266666666666666
2022-05-24 15:00:00,36.266666666666666
2022-05-24 15:30:00,36.199999999999996
2022-05-24 16:00:00,36.18333333333333
2022-05-24 16:30:00,36.18333333333334
2022-05-24 17:00:00,36.15
2022-05-24 17:30:00,36.083333333333336
2022-05-24 18:00:00,35.98333333333333
2022-05-24 18:30:00,35.9
2022-05-24 19:00:00,35.85
2022-05-24 19:30:00,35.83333333333333
2022-05-24 20:00:00,35.766666666666666
2022-05-24 20:30:00,35.7
2022-05-24 21:00:00,35.71666666666666
2022-05-24 21:30:00,35.71666666666667
2022-05-24 22:00:00,35.75
2022-05-24 22:30:00,35.78333333333334
2022-05-24 23:00:00,35.86666666666667
2022-05-24 23:30:00,35.95
2022-05-25 00:00:00,36.00000000000001
2022-05-25 00:30:00,36.11666666666667
2022-05-25 01:00:00,36.166666666666664
2022-05-25 01:30:00,36.266666666666666
2022-05-25 02:00:00,36.31666666666666
2022-05-25 02:30:00,36.38333333333333
2022-05-25 03:00:00,36.43333333333334
2022-05-25 03:30:00,36.449999999999996
2022-05-25 04:00:00,36.43333333333334
2022-05-25 04:30:00,36.46666666666667
2022-05-25 05:00:00,36.5
2022-05-25 05:30:00,36.53333333333333
2022-05-25 06:00:00,36.599999999999994
2022-05-25 06:30:00,36.65
2022-05-25 07:00:00,36.63333333333333
2022-05-25 07:30:00,36.53333333333333
2022-05-25 08:00:00,36.43333333333334
2022-05-25 08:30:00,36.35
2022-05-25 09:00:00,36.31666666666666
2022-05-25 09:30:00,36.233333333333334
2022-05-25 10:00:00,36.13333333333333
2022-05-25 10:30:00,36.06666666666666
2022-05-25 11:00:00,36.06666666666666
2022-05-25 11:30:00,35.96666666666667
2022-05-25 12:00:00,35.900000000000006
2022-05-25 12:30:00,35.86666666666667
2022-05-25 13:00:00,35.86666666666667
2022-05-25 13:30:00,35.833333333333336
2022-05-25 14:00:00,35.81666666666666
2022-05-25 14:30:00,35.75
2022-05-25 15:00:00,35.68333333333333
2022-05-25 15:30:00,35.65
2022-05-25 16:00:00,35.6
2022-05-25 16:30:00,35.6
2022-05-25 17:00:00,35.46666666666667
2022-05-25 17:30:00,35.38333333333333
2022-05-25 18:00:00,35.31666666666667
2022-05-25 18:30:00,35.26666666666667
2022-05-25 19:00:00,35.21666666666667
2022-05-25 19:30:00,35.166666666666664
2022-05-25 20:00:00,35.166666666666664
2022-05-25 20:30:00,35.15
2022-05-25 21:00:00,35.099999999999994
2022-05-25 21:30:00,35.099999999999994
2022-05-25 22:00:00,35.099999999999994
2022-05-25 22:30:00,35.1
2022-05-25 23:00:00,35.1
2022-05-25 23:30:00,35.1
2022-05-26 00:00:00,35.1
2022-05-26 00:30:00,35.11666666666667
2022-05-26 01:00:00,35.1
2022-05-26 01:30:00,35.11666666666667
2022-05-26 02:00:00,35.13333333333333
2022-05-26 02:30:00,35.13333333333333
2022-05-26 03:00:00,35.13333333333333
2022-05-26 03:30:00,35.166666666666664
2022-05-26 04:00:00,35.15
2022-05-26 04:30:00,35.166666666666664
2022-05-26 05:00:00,35.18333333333333
2022-05-26 05:30:00,35.21666666666667
2022-05-26 06:00:00,35.36666666666667
2022-05-26 06:30:00,35.56666666666667
2022-05-26 07:00:00,35.81666666666666
2022-05-26 07:30:00,36.01666666666667
2022-05-26 08:00:00,36.333333333333336
2022-05-26 08:30:00,36.56666666666666
2022-05-26 09:00:00,36.85
2022-05-26 09:30:00,37.199999999999996
2022-05-26 10:00:00,37.56666666666666
2022-05-26 10:30:00,38.23333333333333
2022-05-26 11:00:00,38.75
2022-05-26 11:30:00,38.699999999999996
2022-05-26 12:00:00,38.78333333333333
2022-05-26 12:30:00,38.833333333333336
2022-05-26 13:00:00,38.95
2022-05-26 13:30:00,38.96666666666667
2022-05-26 14:00:00,39.016666666666666
2022-05-26 14:30:00,39.050000000000004
2022-05-26 15:00:00,39.050000000000004
2022-05-26 15:30:00,39.016666666666666
2022-05-26 16:00:00,38.983333333333334
2022-05-26 16:30:00,38.95
2022-05-26 17:00:00,38.98333333333333
2022-05-26 17:30:00,39.050000000000004
2022-05-26 18:00:00,39.266666666666666
2022-05-26 18:30:00,39.43333333333333
2022-05-26 19:00:00,39.5
2022-05-26 19:30:00,39.53333333333334
2022-05-26 20:00:00,39.53333333333333
2022-05-26 20:30:00,39.583333333333336
2022-05-26 21:00:00,39.63333333333333
2022-05-26 21:30:00,39.68333333333334
2022-05-26 22:00:00,39.63333333333333
2022-05-26 22:30:00,39.68333333333333
2022-05-26 23:00:00,39.7
2022-05-26 23:30:00,39.733333333333334
2022-05-27 00:00:00,39.733333333333334
2022-05-27 00:30:00,39.800000000000004
2022-05-27 01:00:00,39.9
2022-05-27 01:30:00,39.95
2022-05-27 02:00:00,39.983333333333334
2022-05-27 02:30:00,40.050000000000004
2022-05-27 03:00:00,40.050000000000004
2022-05-27 03:30:00,40.050000000000004
2022-05-27 04:00:00,40.050000000000004
2022-05-27 04:30:00,40.050000000000004
2022-05-27 05:00:00,40.03333333333333
2022-05-27 05:30:00,40.03333333333333
2022-05-27 06:00:00,40.06666666666667
2022-05-27 06:30:00,40.06666666666667
2022-05-27 07:00:00,40.1
2022-05-27 07:30:00,40.1
2022-05-27 08:00:00,40.1
2022-05-27 08:30:00,40.1
2022-05-27 09:00:00,40.1
2022-05-27 09:30:00,40.06666666666666
2022-05-27 10:00:00,40.01666666666667
2022-05-27 10:30:00,39.96666666666667
2022-05-27 11:00:00,39.93333333333334
2022-05-27 11:30:00,39.88333333333333
2022-05-27 12:00:00,39.85
2022-05-27 12:30:00,39.75
2022-05-27 13:00:00,39.73333333333333
2022-05-27 13:30:00,39.666666666666664
2022-05-27 14:00:00,39.68333333333334
2022-05-27 14:30:00,39.71666666666667
2022-05-27 15:00:00,39.68333333333334
2022-05-27 15:30:00,39.666666666666664
2022-05-27 16:00:00,39.65
2022-05-27 16:30:00,39.61666666666667
2022-05-27 17:00:00,39.6
2022-05-27 17:30:00,39.6
2022-05-27 18:00:00,39.583333333333336
2022-05-27 18:30:00,39.56666666666667
2022-05-27 19:00:00,39.56666666666666
2022-05-27 19:30:00,39.65
2022-05-27 20:00:00,39.68333333333333
2022-05-27 20:30:00,39.699999999999996
2022-05-27 21:00:00,39.71666666666667
2022-05-27 21:30:00,39.76666666666666
2022-05-27 22:00:00,39.78333333333333
2022-05-27 22:30:00,39.800000000000004
2022-05-27 23:00:00,39.81666666666666
2022-05-27 23:30:00,39.849999999999994
2022-05-28 00:00:00,39.93333333333334
2022-05-28 00:30:00,39.93333333333333
2022-05-28 01:00:00,39.98333333333333
2022-05-28 01:30:00,40.05
2022-05-28 02:00:00,40.06666666666667
2022-05-28 02:30:00,40.1
2022-05-28 03:00:00,40.1
2022-05-28 03:30:00,40.11666666666667
2022-05-28 04:00:00,40.2
2022-05-28 04:30:00,40.166666666666664
2022-05-28 05:00:00,40.166666666666664
2022-05-28 05:30:00,40.15
2022-05-28 06:00:00,40.166666666666664
2022-05-28 06:30:00,40.15
2022-05-28 07:00:00,40.08333333333333
2022-05-28 07:30:00,40.06666666666667
2022-05-28 08:00:00,40.03333333333333
2022-05-28 08:30:00,39.99999999999999
2022-05-28 09:00:00,39.949999999999996
2022-05-28 09:30:00,39.88333333333333
2022-05-28 10:00:00,39.81666666666667
2022-05-28 10:30:00,39.733333333333334
2022-05-28 11:00:00,39.7
2022-05-28 11:30:00,39.63333333333333
2022-05-28 12:00:00,39.583333333333336
2022-05-28 12:30:00,39.53333333333333
2022-05-28 13:00:00,39.56666666666667
2022-05-28 13:30:00,39.53333333333334
2022-05-28 14:00:00,39.416666666666664
2022-05-28 14:30:00,39.333333333333336
2022-05-28 15:00:00,39.333333333333336
2022-05-28 15:30:00,39.31666666666667
2022-05-28 16:00:00,39.21666666666667
2022-05-28 16:30:00,39.199999999999996
2022-05-28 17:00:00,39.18333333333334
2022-05-28 17:30:00,39.23333333333333
2022-05-28 18:00:00,39.199999999999996
2022-05-28 18:30:00,39.050000000000004
2022-05-28 19:00:00,39.0
2022-05-28 19:30:00,39.0
2022-05-28 20:00:00,39.0
2022-05-28 20:30:00,39.016666666666666
2022-05-28 21:00:00,39.03333333333333
2022-05-28 21:30:00,39.03333333333333
2022-05-28 22:00:00,39.016666666666666
2022-05-28 22:30:00,39.050000000000004
2022-05-28 23:00:00,39.11666666666667
2022-05-28 23:30:00,39.18333333333333
2022-05-29 00:00:00,39.233333333333334
2022-05-29 00:30:00,39.28333333333333
2022-05-29 01:00:00,39.38333333333333
2022-05-29 01:30:00,39.416666666666664
2022-05-29 02:00:00,39.46666666666666
2022-05-29 02:30:00,39.5
2022-05-29 03:00:00,39.51666666666667
2022-05-29 03:30:00,39.5
2022-05-29 04:00:00,39.53333333333333
2022-05-29 04:30:00,39.516666666666666
2022-05-29 05:00:00,39.583333333333336
2022-05-29 05:30:00,39.6
2022-05-29 06:00:00,39.6
2022-05-29 06:30:00,39.61666666666667
2022-05-29 07:00:00,39.6
2022-05-29 07:30:00,39.51666666666667
2022-05-29 08:00:00,39.46666666666667
2022-05-29 08:30:00,39.4
2022-05-29 09:00:00,39.31666666666667
2022-05-29 09:30:00,39.333333333333336
2022-05-29 10:00:00,39.3
2022-05-29 10:30:00,39.1
2022-05-29 11:00:00,38.98333333333333
2022-05-29 11:30:00,38.96666666666667
2022-05-29 12:00:00,39.00000000000001
2022-05-29 12:30:00,38.9
2022-05-29 13:00:00,38.88333333333333
2022-05-29 13:30:00,38.9
2022-05-29 14:00:00,38.96666666666667
2022-05-29 14:30:00,39.00000000000001
2022-05-29 15:00:00,38.93333333333333
2022-05-29 15:30:00,38.81666666666666
2022-05-29 16:00:00,39.0
2022-05-29 16:30:00,39.15
2022-05-29 17:00:00,39.166666666666664
2022-05-29 17:30:00,39.199999999999996
2022-05-29 18:00:00,39.199999999999996
2022-05-29 18:30:00,39.13333333333333
2022-05-29 19:00:00,39.15
2022-05-29 19:30:00,39.13333333333333
2022-05-29 20:00:00,39.21666666666667
2022-05-29 20:30:00,39.199999999999996
2022-05-29 21:00:00,39.18333333333334
2022-05-29 21:30:00,39.18333333333333
2022-05-29 22:00:00,39.199999999999996
2022-05-29 22:30:00,39.28333333333333
2022-05-29 23:00:00,39.35
2022-05-29 23:30:00,39.43333333333333
2022-05-30 00:00:00,39.46666666666667
2022-05-30 00:30:00,39.55
2022-05-30 01:00:00,39.6
2022-05-30 01:30:00,39.666666666666664
2022-05-30 02:00:00,39.733333333333334
2022-05-30 02:30:00,39.78333333333333
2022-05-30 03:00:00,39.800000000000004
2022-05-30 03:30:00,39.800000000000004
2022-05-30 04:00:00,39.833333333333336
2022-05-30 04:30:00,39.8
2022-05-30 05:00:00,39.83333333333333
2022-05-30 05:30:00,39.85
2022-05-30 06:00:00,39.83333333333333
2022-05-30 06:30:00,39.8
2022-05-30 07:00:00,39.766666666666666
2022-05-30 07:30:00,39.75
2022-05-30 08:00:00,39.7
2022-05-30 08:30:00,39.65
2022-05-30 09:00:00,39.58333333333333
2022-05-30 09:30:00,39.53333333333333
2022-05-30 10:00:00,39.46666666666666
2022-05-30 10:30:00,39.4
2022-05-30 11:00:00,39.28333333333334
2022-05-30 11:30:00,39.21666666666666
2022-05-30 12:00:00,39.2
2022-05-30 12:30:00,39.43333333333334
2022-05-30 13:00:00,39.4
2022-05-30 13:30:00,39.28333333333333
2022-05-30 14:00:00,39.300000000000004
2022-05-30 14:30:00,39.28333333333334
2022-05-30 15:00:00,39.300000000000004
2022-05-30 15:30:00,39.266666666666666
2022-05-30 16:00:00,39.21666666666667
2022-05-30 16:30:00,39.13333333333333
2022-05-30 17:00:00,39.1
2022-05-30 17:30:00,39.050000000000004
2022-05-30 18:00:00,39.03333333333333
2022-05-30 18:30:00,38.96666666666667
2022-05-30 19:00:00,38.949999999999996
2022-05-30 19:30:00,38.88333333333333
2022-05-30 20:00:00,38.833333333333336
2022-05-30 20:30:00,38.833333333333336
2022-05-30 21:00:00,38.833333333333336
2022-05-30 21:30:00,38.76666666666667
2022-05-30 22:00:00,38.800000000000004
2022-05-30 22:30:00,38.81666666666667
2022-05-30 23:00:00,38.88333333333333
2022-05-30 23:30:00,38.96666666666666
2022-05-31 00:00:00,39.06666666666666
2022-05-31 00:30:00,39.11666666666667
2022-05-31 01:00:00,39.199999999999996
2022-05-31 01:30:00,39.266666666666666
2022-05-31 02:00:00,39.25
2022-05-31 02:30:00,39.28333333333334
2022-05-31 03:00:00,39.333333333333336
2022-05-31 03:30:00,39.28333333333333
2022-05-31 04:00:00,39.26666666666667
2022-05-31 04:30:00,39.300000000000004
2022-05-31 05:00:00,39.300000000000004
2022-05-31 05:30:00,39.300000000000004
2022-05-31 06:00:00,39.25
2022-05-31 06:30:00,39.21666666666667
2022-05-31 07:00:00,39.18333333333334
2022-05-31 07:30:00,39.11666666666667
2022-05-31 08:00:00,39.06666666666666
2022-05-31 08:30:00,39.06666666666666
2022-05-31 09:00:00,38.93333333333334
2022-05-31 09:30:00,38.86666666666667
2022-05-31 10:00:00,38.949999999999996
2022-05-31 10:30:00,39.083333333333336
2022-05-31 11:00:00,39.050000000000004
2022-05-31 11:30:00,39.11666666666667
2022-05-31 12:00:00,39.083333333333336
2022-05-31 12:30:00,39.06666666666667
2022-05-31 13:00:00,39.300000000000004
2022-05-31 13:30:00,39.5
2022-05-31 14:00:00,39.516666666666666
2022-05-31 14:30:00,39.53333333333334
2022-05-31 15:00:00,39.516666666666666
2022-05-31 15:30:00,39.5
2022-05-31 16:00:00,39.516666666666666
2022-05-31 16:30:00,39.5
2022-05-31 17:00:00,39.53333333333333
2022-05-31 17:30:00,39.550000000000004
2022-05-31 18:00:00,39.56666666666667
2022-05-31 18:30:00,39.583333333333336
2022-05-31 19:00:00,39.6
2022-05-31 19:30:00,39.65
2022-05-31 20:00:00,39.71666666666667
2022-05-31 20:30:00,39.833333333333336
2022-05-31 21:00:00,40.0
2022-05-31 21:30:00,40.0
2022-05-31 22:00:00,40.016666666666666
2022-05-31 22:30:00,40.03333333333334
2022-05-31 23:00:00,40.03333333333334
2022-05-31 23:30:00,40.06666666666667
2022-06-01 00:00:00,40.06666666666667
2022-06-01 00:30:00,40.13333333333333
2022-06-01 01:00:00,40.166666666666664
2022-06-01 01:30:00,40.166666666666664
2022-06-01 02:00:00,40.199999999999996
2022-06-01 02:30:00,40.233333333333334
2022-06-01 03:00:00,40.21666666666666
2022-06-01 03:30:00,40.199999999999996
2022-06-01 04:00:00,40.199999999999996
2022-06-01 04:30:00,40.199999999999996
2022-06-01 05:00:00,40.16666666666667
2022-06-01 05:30:00,40.166666666666664
2022-06-01 06:00:00,40.166666666666664
2022-06-01 06:30:00,40.166666666666664
2022-06-01 07:00:00,40.166666666666664
2022-06-01 07:30:00,40.11666666666667
2022-06-01 08:00:00,40.1
2022-06-01 08:30:00,40.1
2022-06-01 09:00:00,40.06666666666667
2022-06-01 09:30:00,40.11666666666667
2022-06-01 10:00:00,40.11666666666667
2022-06-01 10:30:00,40.050000000000004
2022-06-01 11:00:00,40.06666666666666
2022-06-01 11:30:00,40.06666666666666
2022-06-01 12:00:00,40.1
2022-06-01 12:30:00,40.050000000000004
2022-06-01 13:00:00,40.06666666666667
2022-06-01 13:30:00,39.916666666666664
2022-06-01 14:00:00,39.833333333333336
2022-06-01 14:30:00,39.81666666666667
2022-06-01 15:00:00,39.73333333333333
2022-06-01 15:30:00,39.699999999999996
2022-06-01 16:00:00,39.61666666666667
2022-06-01 16:30:00,39.6
2022-06-01 17:00:00,39.550000000000004
2022-06-01 17:30:00,39.48333333333333
2022-06-01 18:00:00,39.43333333333334
2022-06-01 18:30:00,39.38333333333333
2022-06-01 19:00:00,39.36666666666667
2022-06-01 19:30:00,39.35
2022-06-01 20:00:00,39.3
2022-06-01 20:30:00,39.3
2022-06-01 21:00:00,39.25
2022-06-01 21:30:00,39.21666666666667
2022-06-01 22:00:00,39.2
2022-06-01 22:30:00,39.25
2022-06-01 23:00:00,39.28333333333334
2022-06-01 23:30:00,39.333333333333336
2022-06-02 00:00:00,39.36666666666667
2022-06-02 00:30:00,39.43333333333333
2022-06-02 01:00:00,39.483333333333334
2022-06-02 01:30:00,39.5
2022-06-02 02:00:00,39.5
2022-06-02 02:30:00,39.5
2022-06-02 03:00:00,39.5
2022-06-02 03:30:00,39.46666666666666
2022-06-02 04:00:00,39.46666666666666
2022-06-02 04:30:00,39.46666666666667
2022-06-02 05:00:00,39.45
2022-06-02 05:30:00,39.4
2022-06-02 06:00:00,39.4
2022-06-02 06:30:00,39.416666666666664
2022-06-02 07:00:00,39.48333333333333
2022-06-02 07:30:00,40.050000000000004
2022-06-02 08:00:00,40.71666666666667
2022-06-02 08:30:00,40.800000000000004
2022-06-02 09:00:00,40.833333333333336
2022-06-02 09:30:00,40.85
2022-06-02 10:00:00,40.86666666666667
2022-06-02 10:30:00,40.88333333333333
2022-06-02 11:00:00,40.9
2022-06-02 11:30:00,40.81666666666667
2022-06-02 12:00:00,40.849999999999994
2022-06-02 12:30:00,40.88333333333333
2022-06-02 13:00:00,40.81666666666667
2022-06-02 13:30:00,40.71666666666667
2022-06-02 14:00:00,40.666666666666664
2022-06-02 14:30:00,40.65
2022-06-02 15:00:00,40.71666666666667
2022-06-02 15:30:00,40.73333333333333
2022-06-02 16:00:00,40.800000000000004
2022-06-02 16:30:00,40.800000000000004
2022-06-02 17:00:00,40.983333333333334
2022-06-02 17:30:00,41.083333333333336
2022-06-02 18:00:00,41.11666666666667
2022-06-02 18:30:00,41.13333333333333
2022-06-02 19:00:00,41.15
2022-06-02 19:30:00,41.166666666666664
2022-06-02 20:00:00,41.199999999999996
2022-06-02 20:30:00,41.21666666666667
2022-06-02 21:00:00,41.35
2022-06-02 21:30:00,41.36666666666667
2022-06-02 22:00:00,41.4
2022-06-02 22:30:00,41.4
2022-06-02 23:00:00,41.43333333333333
2022-06-02 23:30:00,41.46666666666667
2022-06-03 00:00:00,41.53333333333333
2022-06-03 00:30:00,41.6
2022-06-03 01:00:00,41.66666666666667
2022-06-03 01:30:00,41.733333333333334
2022-06-03 02:00:00,41.916666666666664
2022-06-03 02:30:00,42.01666666666667
2022-06-03 03:00:00,42.083333333333336
2022-06-03 03:30:00,42.18333333333333
2022-06-03 04:00:00,42.28333333333333
2022-06-03 04:30:00,42.38333333333333
2022-06-03 05:00:00,42.416666666666664
2022-06-03 05:30:00,42.449999999999996
2022-06-03 06:00:00,42.43333333333333
2022-06-03 06:30:00,42.43333333333334
2022-06-03 07:00:00,42.43333333333333
2022-06-03 07:30:00,42.43333333333333
2022-06-03 08:00:00,42.416666666666664
2022-06-03 08:30:00,42.36666666666667
2022-06-03 09:00:00,42.31666666666667
2022-06-03 09:30:00,42.28333333333333
2022-06-03 10:00:00,42.199999999999996
2022-06-03 10:30:00,42.15
2022-06-03 11:00:00,42.11666666666667
2022-06-03 11:30:00,42.03333333333333
2022-06-03 12:00:00,42.0
2022-06-03 12:30:00,41.916666666666664
2022-06-03 13:00:00,41.85
2022-06-03 13:30:00,41.85
2022-06-03 14:00:00,41.833333333333336
2022-06-03 14:30:00,41.766666666666666
2022-06-03 15:00:00,41.71666666666666
2022-06-03 15:30:00,41.550000000000004
2022-06-03 16:00:00,41.43333333333333
2022-06-03 16:30:00,41.35
2022-06-03 17:00:00,41.333333333333336
2022-06-03 17:30:00,41.28333333333334
2022-06-03 18:00:00,41.23333333333334
2022-06-03 18:30:00,41.199999999999996
2022-06-03 19:00:00,41.166666666666664
2022-06-03 19:30:00,41.1
2022-06-03 20:00:00,41.050000000000004
2022-06-03 20:30:00,41.0
2022-06-03 21:00:00,41.0
2022-06-03 21:30:00,41.0
2022-06-03 22:00:00,41.06666666666667
2022-06-03 22:30:00,41.03333333333333
2022-06-03 23:00:00,41.06666666666666
2022-06-03 23:30:00,41.03333333333333
2022-06-04 00:00:00,41.1
2022-06-04 00:30:00,41.13333333333333
2022-06-04 01:00:00,41.15
2022-06-04 01:30:00,41.13333333333333
2022-06-04 02:00:00,41.13333333333333
2022-06-04 02:30:00,41.11666666666667
2022-06-04 03:00:00,41.1
2022-06-04 03:30:00,41.083333333333336
2022-06-04 04:00:00,41.06666666666667
2022-06-04 04:30:00,41.050000000000004
2022-06-04 05:00:00,41.03333333333333
2022-06-04 05:30:00,41.03333333333333
2022-06-04 06:00:00,41.01666666666666
2022-06-04 06:30:00,41.0
2022-06-04 07:00:00,41.016666666666666
2022-06-04 07:30:00,40.983333333333334
2022-06-04 08:00:00,40.88333333333333
2022-06-04 08:30:00,40.85
2022-06-04 09:00:00,40.800000000000004
2022-06-04 09:30:00,40.76666666666666
2022-06-04 10:00:00,40.73333333333334
2022-06-04 10:30:00,40.65
2022-06-04 11:00:00,40.63333333333333
2022-06-04 11:30:00,40.56666666666666
2022-06-04 12:00:00,40.55
2022-06-04 12:30:00,40.516666666666666
2022-06-04 13:00:00,40.56666666666666
2022-06-04 13:30:00,40.53333333333333
2022-06-04 14:00:00,40.46666666666666
2022-06-04 14:30:00,40.46666666666667
2022-06-04 15:00:00,40.53333333333333
2022-06-04 15:30:00,40.48333333333333
2022-06-04 16:00:00,40.46666666666667
2022-06-04 16:30:00,40.43333333333333
2022-06-04 17:00:00,40.38333333333333
2022-06-04 17:30:00,40.36666666666667
2022-06-04 18:00:00,40.35
2022-06-04 18:30:00,40.26666666666667
2022-06-04 19:00:00,40.233333333333334
2022-06-04 19:30:00,40.21666666666667
2022-06-04 20:00:00,40.18333333333334
2022-06-04 20:30:00,40.166666666666664
2022-06-04 21:00:00,40.18333333333333
2022-06-04 21:30:00,40.199999999999996
2022-06-04 22:00:00,40.233333333333334
2022-06-04 22:30:00,40.25
2022-06-04 23:00:00,40.31666666666666
2022-06-04 23:30:00,40.38333333333333
2022-06-05 00:00:00,40.43333333333334
2022-06-05 00:30:00,40.5
2022-06-05 01:00:00,40.53333333333333
2022-06-05 01:30:00,40.53333333333333
2022-06-05 02:00:00,40.550000000000004
2022-06-05 02:30:00,40.550000000000004
2022-06-05 03:00:00,40.56666666666666
2022-06-05 03:30:00,40.56666666666666
2022-06-05 04:00:00,40.583333333333336
2022-06-05 04:30:00,40.56666666666666
2022-06-05 05:00:00,40.56666666666666
2022-06-05 05:30:00,40.6
2022-06-05 06:00:00,40.583333333333336
2022-06-05 06:30:00,40.583333333333336
2022-06-05 07:00:00,40.56666666666667
2022-06-05 07:30:00,40.56666666666666
2022-06-05 08:00:00,40.46666666666667
2022-06-05 08:30:00,40.35
2022-06-05 09:00:00,40.26666666666667
2022-06-05 09:30:00,40.21666666666667
2022-06-05 10:00:00,40.15
2022-06-05 10:30:00,40.13333333333333
2022-06-05 11:00:00,40.03333333333334
2022-06-05 11:30:00,39.96666666666667
2022-06-05 12:00:00,39.96666666666667
2022-06-05 12:30:00,39.916666666666664
2022-06-05 13:00:00,39.916666666666664
2022-06-05 13:30:00,39.86666666666667
2022-06-05 14:00:00,39.83333333333333
2022-06-05 14:30:00,39.733333333333334
2022-06-05 15:00:00,39.7
2022-06-05 15:30:00,39.63333333333333
2022-06-05 16:00:00,39.71666666666666
2022-06-05 16:30:00,39.78333333333334
2022-06-05 17:00:00,39.833333333333336
2022-06-05 17:30:00,39.88333333333333
2022-06-05 18:00:00,39.916666666666664
2022-06-05 18:30:00,39.916666666666664
2022-06-05 19:00:00,39.916666666666664
2022-06-05 19:30:00,39.9
2022-06-05 20:00:00,39.86666666666667
2022-06-05 20:30:00,39.9
2022-06-05 21:00:00,39.916666666666664
2022-06-05 21:30:00,39.983333333333334
2022-06-05 22:00:00,40.03333333333334
2022-06-05 22:30:00,40.11666666666667
2022-06-05 23:00:00,40.166666666666664
2022-06-05 23:30:00,40.166666666666664
2022-06-06 00:00:00,40.199999999999996
2022-06-06 00:30:00,40.31666666666667
2022-06-06 01:00:00,40.35
2022-06-06 01:30:00,40.4
2022-06-06 02:00:00,40.35
2022-06-06 02:30:00,40.31666666666667
2022-06-06 03:00:00,40.266666666666666
2022-06-06 03:30:00,40.28333333333333
2022-06-06 04:00:00,40.28333333333333
2022-06-06 04:30:00,40.300000000000004
2022-06-06 05:00:00,40.28333333333333
2022-06-06 05:30:00,40.28333333333333
2022-06-06 06:00:00,40.333333333333336
2022-06-06 06:30:00,40.333333333333336
2022-06-06 07:00:00,40.333333333333336
2022-06-06 07:30:00,40.300000000000004
2022-06-06 08:00:00,40.25
2022-06-06 08:30:00,40.18333333333333
2022-06-06 09:00:00,40.11666666666667
2022-06-06 09:30:00,40.05
2022-06-06 10:00:00,40.0
2022-06-06 10:30:00,39.96666666666667
2022-06-06 11:00:00,40.0
2022-06-06 11:30:00,39.96666666666666
2022-06-06 12:00:00,39.93333333333333
2022-06-06 12:30:00,39.9
2022-06-06 13:00:00,39.9
2022-06-06 13:30:00,39.86666666666667
2022-06-06 14:00:00,39.85
2022-06-06 14:30:00,39.81666666666666
2022-06-06 15:00:00,39.78333333333333
2022-06-06 15:30:00,39.73333333333333
2022-06-06 16:00:00,39.666666666666664
2022-06-06 16:30:00,39.666666666666664
2022-06-06 17:00:00,39.6
2022-06-06 17:30:00,39.56666666666666
2022-06-06 18:00:00,39.46666666666667
2022-06-06 18:30:00,39.38333333333333
2022-06-06 19:00:00,39.35
2022-06-06 19:30:00,39.28333333333334
2022-06-06 20:00:00,39.233333333333334
2022-06-06 20:30:00,39.21666666666667
2022-06-06 21:00:00,39.266666666666666
2022-06-06 21:30:00,39.300000000000004
2022-06-06 22:00:00,39.36666666666667
2022-06-06 22:30:00,39.449999999999996
2022-06-06 23:00:00,39.56666666666667
2022-06-06 23:30:00,39.56666666666667
2022-06-07 00:00:00,39.63333333333333
2022-06-07 00:30:00,39.699999999999996
2022-06-07 01:00:00,39.733333333333334
2022-06-07 01:30:00,39.733333333333334
2022-06-07 02:00:00,39.733333333333334
2022-06-07 02:30:00,39.71666666666667
2022-06-07 03:00:00,39.71666666666667
2022-06-07 03:30:00,39.73333333333333
2022-06-07 04:00:00,39.73333333333333
2022-06-07 04:30:00,39.68333333333334
2022-06-07 05:00:00,39.71666666666667
2022-06-07 05:30:00,39.73333333333333
2022-06-07 06:00:00,39.75
2022-06-07 06:30:00,39.766666666666666
2022-06-07 07:00:00,39.78333333333333
2022-06-07 07:30:00,39.76666666666667
2022-06-07 08:00:00,39.699999999999996
2022-06-07 08:30:00,39.583333333333336
2022-06-07 09:00:00,39.5
2022-06-07 09:30:00,39.43333333333333
2022-06-07 10:00:00,39.416666666666664
2022-06-07 10:30:00,39.4
2022-06-07 11:00:00,39.416666666666664
2022-06-07 11:30:00,39.38333333333333
2022-06-07 12:00:00,39.38333333333333
2022-06-07 12:30:00,39.416666666666664
2022-06-07 13:00:00,39.36666666666667
2022-06-07 13:30:00,39.333333333333336
2022-06-07 14:00:00,39.333333333333336
2022-06-07 14:30:00,39.300000000000004
2022-06-07 15:00:00,39.25
2022-06-07 15:30:00,39.199999999999996
2022-06-07 16:00:00,39.13333333333333
2022-06-07 16:30:00,39.13333333333333
2022-06-07 17:00:00,39.1
2022-06-07 17:30:00,39.016666666666666
2022-06-07 18:00:00,38.88333333333333
2022-06-07 18:30:00,38.78333333333333
2022-06-07 19:00:00,38.75
2022-06-07 19:30:00,38.73333333333333
2022-06-07 20:00:00,38.65
2022-06-07 20:30:00,38.6
2022-06-07 21:00:00,38.56666666666667
2022-06-07 21:30:00,38.56666666666667
2022-06-07 22:00:00,38.61666666666667
2022-06-07 22:30:00,38.666666666666664
2022-06-07 23:00:00,38.71666666666667
2022-06-07 23:30:00,38.86666666666667
2022-06-08 00:00:00,38.86666666666667
2022-06-08 00:30:00,38.916666666666664
2022-06-08 01:00:00,38.98333333333334
2022-06-08 01:30:00,39.016666666666666
2022-06-08 02:00:00,39.050000000000004
2022-06-08 02:30:00,39.083333333333336
2022-06-08 03:00:00,39.15
2022-06-08 03:30:00,39.18333333333333
2022-06-08 04:00:00,39.2
2022-06-08 04:30:00,39.2
2022-06-08 05:00:00,39.13333333333333
2022-06-08 05:30:00,39.13333333333333
2022-06-08 06:00:00,39.13333333333333
2022-06-08 06:30:00,39.1
2022-06-08 07:00:00,39.050000000000004
2022-06-08 07:30:00,38.983333333333334
2022-06-08 08:00:00,38.95
2022-06-08 08:30:00,38.98333333333334
2022-06-08 09:00:00,38.96666666666667
2022-06-08 09:30:00,38.949999999999996
2022-06-08 10:00:00,39.13333333333333
2022-06-08 10:30:00,39.6
2022-06-08 11:00:00,39.650000000000006
2022-06-08 11:30:00,39.63333333333333
2022-06-08 12:00:00,39.66666666666667
2022-06-08 12:30:00,39.63333333333333
2022-06-08 13:00:00,39.56666666666667
2022-06-08 13:30:00,39.53333333333334
2022-06-08 14:00:00,39.50000000000001
2022-06-08 14:30:00,39.53333333333334
2022-06-08 15:00:00,39.53333333333334
2022-06-08 15:30:00,39.49999999999999
2022-06-08 16:00:00,39.46666666666666
2022-06-08 16:30:00,39.449999999999996
2022-06-08 17:00:00,39.46666666666666
2022-06-08 17:30:00,39.45
2022-06-08 18:00:00,39.43333333333333
2022-06-08 18:30:00,39.36666666666667
2022-06-08 19:00:00,39.36666666666667
2022-06-08 19:30:00,39.333333333333336
2022-06-08 20:00:00,39.3
2022-06-08 20:30:00,39.266666666666666
2022-06-08 21:00:00,39.233333333333334
2022-06-08 21:30:00,39.21666666666666
2022-06-08 22:00:00,39.18333333333334
2022-06-08 22:30:00,39.166666666666664
2022-06-08 23:00:00,39.199999999999996
2022-06-08 23:30:00,39.199999999999996
2022-06-09 00:00:00,39.26666666666666
2022-06-09 00:30:00,39.31666666666667
2022-06-09 01:00:00,39.35
2022-06-09 01:30:00,39.4
2022-06-09 02:00:00,39.45
2022-06-09 02:30:00,39.53333333333334
2022-06-09 03:00:00,39.550000000000004
2022-06-09 03:30:00,39.483333333333334
2022-06-09 04:00:00,39.46666666666666
2022-06-09 04:30:00,39.46666666666666
2022-06-09 05:00:00,39.46666666666666
2022-06-09 05:30:00,39.53333333333334
2022-06-09 06:00:00,39.56666666666667
2022-06-09 06:30:00,39.55
2022-06-09 07:00:00,39.516666666666666
2022-06-09 07:30:00,39.45
2022-06-09 08:00:00,39.416666666666664
2022-06-09 08:30:00,39.516666666666666
2022-06-09 09:00:00,39.5
2022-06-09 09:30:00,39.416666666666664
2022-06-09 10:00:00,39.36666666666667
2022-06-09 10:30:00,39.31666666666667
2022-06-09 11:00:00,39.300000000000004
2022-06-09 11:30:00,39.300000000000004
2022-06-09 12:00:00,39.300000000000004
2022-06-09 12:30:00,39.38333333333333
2022-06-09 13:00:00,39.43333333333333
2022-06-09 13:30:00,39.4
2022-06-09 14:00:00,39.11666666666667
2022-06-09 14:30:00,39.166666666666664
2022-06-09 15:00:00,39.18333333333333
2022-06-09 15:30:00,39.1
2022-06-09 16:00:00,39.18333333333334
2022-06-09 16:30:00,39.21666666666667
2022-06-09 17:00:00,39.26666666666666
2022-06-09 17:30:00,39.25
2022-06-09 18:00:00,39.26666666666667
2022-06-09 18:30:00,39.25
2022-06-09 19:00:00,39.18333333333334
2022-06-09 19:30:00,39.13333333333333
2022-06-09 20:00:00,39.13333333333333
2022-06-09 20:30:00,39.11666666666667
2022-06-09 21:00:00,39.166666666666664
2022-06-09 21:30:00,39.2
2022-06-09 22:00:00,39.233333333333334
2022-06-09 22:30:00,39.28333333333334
2022-06-09 23:00:00,39.36666666666667
2022-06-09 23:30:00,39.4
2022-06-10 00:00:00,39.46666666666666
2022-06-10 00:30:00,39.51666666666666
2022-06-10 01:00:00,39.53333333333333
2022-06-10 01:30:00,39.550000000000004
2022-06-10 02:00:00,39.6
2022-06-10 02:30:00,39.63333333333333
2022-06-10 03:00:00,39.68333333333333
2022-06-10 03:30:00,39.68333333333334
2022-06-10 04:00:00,39.63333333333333
2022-06-10 04:30:00,39.63333333333333
2022-06-10 05:00:00,39.699999999999996
2022-06-10 05:30:00,39.699999999999996
2022-06-10 06:00:00,39.71666666666667
2022-06-10 06:30:00,39.68333333333334
2022-06-10 07:00:00,39.63333333333333
2022-06-10 07:30:00,39.6
2022-06-10 08:00:00,39.56666666666667
2022-06-10 08:30:00,39.516666666666666
2022-06-10 09:00:00,39.5
2022-06-10 09:30:00,39.43333333333333
2022-06-10 10:00:00,39.4
2022-06-10 10:30:00,39.35
2022-06-10 11:00:00,39.33333333333333
2022-06-10 11:30:00,39.31666666666667
2022-06-10 12:00:00,39.3
2022-06-10 12:30:00,39.28333333333333
2022-06-10 13:00:00,39.266666666666666
2022-06-10 13:30:00,39.266666666666666
2022-06-10 14:00:00,39.24999999999999
2022-06-10 14:30:00,39.24999999999999
2022-06-10 15:00:00,39.233333333333334
2022-06-10 15:30:00,39.233333333333334
2022-06-10 16:00:00,39.21666666666666
2022-06-10 16:30:00,39.199999999999996
2022-06-10 17:00:00,39.18333333333333
2022-06-10 17:30:00,39.03333333333334
2022-06-10 18:00:00,39.00000000000001
2022-06-10 18:30:00,38.96666666666667
2022-06-10 19:00:00,38.916666666666664
2022-06-10 19:30:00,38.9
2022-06-10 20:00:00,38.9
2022-06-10 20:30:00,38.833333333333336
2022-06-10 21:00:00,38.849999999999994
2022-06-10 21:30:00,38.86666666666667
2022-06-10 22:00:00,38.900000000000006
2022-06-10 22:30:00,38.96666666666667
2022-06-10 23:00:00,39.016666666666666
2022-06-10 23:30:00,39.083333333333336
2022-06-11 00:00:00,39.13333333333333
2022-06-11 00:30:00,39.18333333333333
2022-06-11 01:00:00,39.199999999999996
2022-06-11 01:30:00,39.266666666666666
2022-06-11 02:00:00,39.333333333333336
2022-06-11 02:30:00,39.333333333333336
2022-06-11 03:00:00,39.333333333333336
2022-06-11 03:30:00,39.35
2022-06-11 04:00:00,39.35
2022-06-11 04:30:00,39.35
2022-06-11 05:00:00,39.333333333333336
2022-06-11 05:30:00,39.333333333333336
2022-06-11 06:00:00,39.3
2022-06-11 06:30:00,39.31666666666667
2022-06-11 07:00:00,39.300000000000004
2022-06-11 07:30:00,39.2
2022-06-11 08:00:00,39.13333333333333
2022-06-11 08:30:00,39.06666666666667
2022-06-11 09:00:00,39.016666666666666
2022-06-11 09:30:00,38.983333333333334
2022-06-11 10:00:00,38.9
2022-06-11 10:30:00,38.86666666666667
2022-06-11 11:00:00,38.86666666666667
2022-06-11 11:30:00,38.916666666666664
2022-06-11 12:00:00,38.96666666666666
2022-06-11 12:30:00,39.0
2022-06-11 13:00:00,39.01666666666667
2022-06-11 13:30:00,39.0
2022-06-11 14:00:00,39.0
2022-06-11 14:30:00,38.96666666666667
2022-06-11 15:00:00,38.949999999999996
2022-06-11 15:30:00,38.88333333333333
2022-06-11 16:00:00,38.833333333333336
2022-06-11 16:30:00,38.81666666666666
2022-06-11 17:00:00,38.78333333333334
2022-06-11 17:30:00,38.71666666666666
2022-06-11 18:00:00,38.6
2022-06-11 18:30:00,38.53333333333333
2022-06-11 19:00:00,38.51666666666666
2022-06-11 19:30:00,38.48333333333333
2022-06-11 20:00:00,38.43333333333334
2022-06-11 20:30:00,38.43333333333333
2022-06-11 21:00:00,38.43333333333333
2022-06-11 21:30:00,38.35
2022-06-11 22:00:00,38.416666666666664
2022-06-11 22:30:00,38.416666666666664
2022-06-11 23:00:00,38.46666666666667
2022-06-11 23:30:00,38.51666666666667
2022-06-12 00:00:00,38.63333333333333
2022-06-12 00:30:00,38.699999999999996
2022-06-12 01:00:00,38.75
2022-06-12 01:30:00,38.78333333333333
2022-06-12 02:00:00,38.833333333333336
2022-06-12 02:30:00,38.86666666666667
2022-06-12 03:00:00,38.916666666666664
2022-06-12 03:30:00,38.96666666666667
2022-06-12 04:00:00,38.96666666666667
2022-06-12 04:30:00,39.00000000000001
2022-06-12 05:00:00,39.00000000000001
2022-06-12 05:30:00,39.050000000000004
2022-06-12 06:00:00,39.06666666666667
2022-06-12 06:30:00,39.06666666666667
2022-06-12 07:00:00,38.96666666666666
2022-06-12 07:30:00,38.916666666666664
2022-06-12 08:00:00,38.86666666666667
2022-06-12 08:30:00,38.8
2022-06-12 09:00:00,38.733333333333334
2022-06-12 09:30:00,38.7
2022-06-12 10:00:00,38.61666666666667
2022-06-12 10:30:00,38.583333333333336
2022-06-12 11:00:00,38.6
2022-06-12 11:30:00,38.5
2022-06-12 12:00:00,38.35
2022-06-12 12:30:00,38.28333333333333
2022-06-12 13:00:00,38.35
2022-06-12 13:30:00,38.28333333333333
2022-06-12 14:00:00,38.26666666666667
2022-06-12 14:30:00,38.199999999999996
2022-06-12 15:00:00,38.25
2022-06-12 15:30:00,38.21666666666667
2022-06-12 16:00:00,38.15
2022-06-12 16:30:00,38.13333333333333
2022-06-12 17:00:00,38.06666666666666
2022-06-12 17:30:00,38.01666666666667
2022-06-12 18:00:00,38.0
2022-06-12 18:30:00,37.916666666666664
2022-06-12 19:00:00,37.86666666666667
2022-06-12 19:30:00,37.81666666666667
2022-06-12 20:00:00,37.8
2022-06-12 20:30:00,37.766666666666666
2022-06-12 21:00:00,37.78333333333334
2022-06-12 21:30:00,37.83333333333333
2022-06-12 22:00:00,37.9
2022-06-12 22:30:00,37.93333333333333
2022-06-12 23:00:00,37.96666666666666
2022-06-12 23:30:00,38.03333333333333
2022-06-13 00:00:00,38.1
2022-06-13 00:30:00,38.21666666666667
2022-06-13 01:00:00,38.28333333333333
2022-06-13 01:30:00,38.26666666666667
2022-06-13 02:00:00,38.31666666666667
2022-06-13 02:30:00,38.4
2022-06-13 03:00:00,38.56666666666666
2022-06-13 03:30:00,38.56666666666666
2022-06-13 04:00:00,38.63333333333333
2022-06-13 04:30:00,38.63333333333333
2022-06-13 05:00:00,38.6
2022-06-13 05:30:00,38.71666666666666
2022-06-13 06:00:00,38.63333333333333
2022-06-13 06:30:00,38.6
2022-06-13 07:00:00,38.63333333333333
2022-06-13 07:30:00,38.349999999999994
2022-06-13 08:00:00,38.23333333333333
2022-06-13 08:30:00,38.166666666666664
2022-06-13 09:00:00,38.166666666666664
2022-06-13 09:30:00,38.15
2022-06-13 10:00:00,38.016666666666666
2022-06-13 10:30:00,38.0
2022-06-13 11:00:00,37.86666666666667
2022-06-13 11:30:00,37.916666666666664
2022-06-13 12:00:00,37.833333333333336
2022-06-13 12:30:00,37.9
2022-06-13 13:00:00,37.949999999999996
2022-06-13 13:30:00,37.9
2022-06-13 14:00:00,37.81666666666667
2022-06-13 14:30:00,37.800000000000004
2022-06-13 15:00:00,37.666666666666664
2022-06-13 15:30:00,37.6
2022-06-13 16:00:00,37.666666666666664
2022-06-13 16:30:00,37.71666666666666
2022-06-13 17:00:00,37.83333333333333
2022-06-13 17:30:00,37.9
2022-06-13 18:00:00,37.833333333333336
2022-06-13 18:30:00,37.85
2022-06-13 19:00:00,37.8
2022-06-13 19:30:00,37.78333333333334
2022-06-13 20:00:00,37.78333333333333
2022-06-13 20:30:00,37.78333333333334
2022-06-13 21:00:00,37.78333333333333
2022-06-13 21:30:00,37.83333333333333
2022-06-13 22:00:00,37.86666666666667
2022-06-13 22:30:00,37.916666666666664
2022-06-13 23:00:00,37.949999999999996
2022-06-13 23:30:00,37.96666666666666
2022-06-14 00:00:00,37.96666666666666
2022-06-14 00:30:00,38.1
2022-06-14 01:00:00,38.1
2022-06-14 01:30:00,38.13333333333333
2022-06-14 02:00:00,38.21666666666667
2022-06-14 02:30:00,38.26666666666667
2022-06-14 03:00:00,38.300000000000004
2022-06-14 03:30:00,38.35
2022-06-14 04:00:00,38.35
2022-06-14 04:30:00,38.38333333333333
2022-06-14 05:00:00,38.31666666666666
2022-06-14 05:30:00,38.333333333333336
2022-06-14 06:00:00,38.416666666666664
2022-06-14 06:30:00,38.416666666666664
2022-06-14 07:00:00,38.35
2022-06-14 07:30:00,38.28333333333334
2022-06-14 08:00:00,38.26666666666667
2022-06-14 08:30:00,38.199999999999996
2022-06-14 09:00:00,38.15
2022-06-14 09:30:00,38.06666666666666
2022-06-14 10:00:00,37.983333333333334
2022-06-14 10:30:00,37.93333333333333
2022-06-14 11:00:00,37.9
2022-06-14 11:30:00,37.85
2022-06-14 12:00:00,37.833333333333336
2022-06-14 12:30:00,37.766666666666666
2022-06-14 13:00:00,37.71666666666667
2022-06-14 13:30:00,37.65
2022-06-14 14:00:00,37.65
2022-06-14 14:30:00,37.583333333333336
2022-06-14 15:00:00,37.53333333333333
2022-06-14 15:30:00,37.516666666666666
2022-06-14 16:00:00,37.50000000000001
2022-06-14 16:30:00,37.43333333333334
2022-06-14 17:00:00,37.43333333333334
2022-06-14 17:30:00,37.36666666666667
2022-06-14 18:00:00,37.36666666666667
2022-06-14 18:30:00,37.38333333333333
2022-06-14 19:00:00,37.3
2022-06-14 19:30:00,37.266666666666666
2022-06-14 20:00:00,37.266666666666666
2022-06-14 20:30:00,37.233333333333334
2022-06-14 21:00:00,37.21666666666666
2022-06-14 21:30:00,37.25
2022-06-14 22:00:00,37.25000000000001
2022-06-14 22:30:00,37.333333333333336
2022-06-14 23:00:00,37.4
2022-06-14 23:30:00,37.45
2022-06-15 00:00:00,37.49999999999999
2022-06-15 00:30:00,37.56666666666667
2022-06-15 01:00:00,37.666666666666664
2022-06-15 01:30:00,37.699999999999996
2022-06-15 02:00:00,37.73333333333334
2022-06-15 02:30:00,37.75
2022-06-15 03:00:00,37.76666666666667
2022-06-15 03:30:00,37.800000000000004
2022-06-15 04:00:00,37.833333333333336
2022-06-15 04:30:00,37.85
2022-06-15 05:00:00,37.916666666666664
2022-06-15 05:30:00,37.916666666666664
2022-06-15 06:00:00,37.96666666666667
2022-06-15 06:30:00,37.9
2022-06-15 07:00:00,37.916666666666664
2022-06-15 07:30:00,37.86666666666667
2022-06-15 08:00:00,37.800000000000004
2022-06-15 08:30:00,37.71666666666666
2022-06-15 09:00:00,37.666666666666664
2022-06-15 09:30:00,37.550000000000004
2022-06-15 10:00:00,37.46666666666666
2022-06-15 10:30:00,37.35
2022-06-15 11:00:00,37.31666666666666
2022-06-15 11:30:00,37.25
2022-06-15 12:00:00,37.21666666666667
2022-06-15 12:30:00,37.18333333333334
2022-06-15 13:00:00,37.199999999999996
2022-06-15 13:30:00,37.11666666666667
2022-06-15 14:00:00,37.083333333333336
2022-06-15 14:30:00,37.016666666666666
2022-06-15 15:00:00,36.96666666666667
2022-06-15 15:30:00,36.9
2022-06-15 16:00:00,36.85
2022-06-15 16:30:00,36.800000000000004
2022-06-15 17:00:00,36.833333333333336
2022-06-15 17:30:00,36.78333333333333
2022-06-15 18:00:00,36.63333333333333
2022-06-15 18:30:00,36.56666666666667
2022-06-15 19:00:00,36.56666666666667
2022-06-15 19:30:00,36.483333333333334
2022-06-15 20:00:00,36.43333333333333
2022-06-15 20:30:00,36.43333333333333
2022-06-15 21:00:00,36.416666666666664
2022-06-15 21:30:00,36.4
2022-06-15 22:00:00,36.46666666666667
2022-06-15 22:30:00,36.5
2022-06-15 23:00:00,36.550000000000004
2022-06-15 23:30:00,36.6
2022-06-16 00:00:00,36.63333333333333
2022-06-16 00:30:00,36.73333333333333
2022-06-16 01:00:00,36.800000000000004
2022-06-16 01:30:00,36.833333333333336
2022-06-16 02:00:00,36.86666666666667
2022-06-16 02:30:00,36.9
2022-06-16 03:00:00,36.983333333333334
2022-06-16 03:30:00,37.016666666666666
2022-06-16 04:00:00,37.050000000000004
2022-06-16 04:30:00,37.11666666666667
2022-06-16 05:00:00,37.13333333333333
2022-06-16 05:30:00,37.13333333333333
2022-06-16 06:00:00,37.166666666666664
2022-06-16 06:30:00,37.15
2022-06-16 07:00:00,37.083333333333336
2022-06-16 07:30:00,37.06666666666667
2022-06-16 08:00:00,36.96666666666666
2022-06-16 08:30:00,36.9
2022-06-16 09:00:00,36.78333333333334
2022-06-16 09:30:00,36.71666666666667
2022-06-16 10:00:00,36.7
2022-06-16 10:30:00,36.666666666666664
2022-06-16 11:00:00,36.6
2022-06-16 11:30:00,36.55
2022-06-16 12:00:00,36.53333333333334
2022-06-16 12:30:00,36.46666666666666
2022-06-16 13:00:00,36.45
2022-06-16 13:30:00,36.416666666666664
2022-06-16 14:00:00,36.36666666666667
2022-06-16 14:30:00,36.31666666666667
2022-06-16 15:00:00,36.28333333333334
2022-06-16 15:30:00,36.199999999999996
2022-06-16 16:00:00,36.13333333333333
2022-06-16 16:30:00,36.13333333333333
2022-06-16 17:00:00,36.099999999999994
2022-06-16 17:30:00,36.050000000000004
2022-06-16 18:00:00,36.0
2022-06-16 18:30:00,35.93333333333334
2022-06-16 19:00:00,35.93333333333334
2022-06-16 19:30:00,35.86666666666667
2022-06-16 20:00:00,35.86666666666667
2022-06-16 20:30:00,35.86666666666667
2022-06-16 21:00:00,35.86666666666667
2022-06-16 21:30:00,35.85
2022-06-16 22:00:00,35.85
2022-06-16 22:30:00,35.86666666666667
2022-06-16 23:00:00,35.88333333333333
2022-06-16 23:30:00,35.93333333333334
2022-06-17 00:00:00,35.93333333333334
2022-06-17 00:30:00,36.03333333333333
2022-06-17 01:00:00,36.03333333333333
2022-06-17 01:30:00,36.1
2022-06-17 02:00:00,36.06666666666666
2022-06-17 02:30:00,36.06666666666666
2022-06-17 03:00:00,36.083333333333336
2022-06-17 03:30:00,36.1
2022-06-17 04:00:00,36.1
2022-06-17 04:30:00,36.166666666666664
2022-06-17 05:00:00,36.166666666666664
2022-06-17 05:30:00,36.23333333333334
2022-06-17 06:00:00,36.300000000000004
2022-06-17 06:30:00,36.300000000000004
2022-06-17 07:00:00,36.300000000000004
2022-06-17 07:30:00,36.26666666666667
2022-06-17 08:00:00,36.199999999999996
2022-06-17 08:30:00,36.166666666666664
2022-06-17 09:00:00,36.1
2022-06-17 09:30:00,36.083333333333336
2022-06-17 10:00:00,36.0
2022-06-17 10:30:00,35.9
2022-06-17 11:00:00,35.85
2022-06-17 11:30:00,35.800000000000004
2022-06-17 12:00:00,35.766666666666666
2022-06-17 12:30:00,35.766666666666666
2022-06-17 13:00:00,35.733333333333334
2022-06-17 13:30:00,35.71666666666667
2022-06-17 14:00:00,35.699999999999996
2022-06-17 14:30:00,35.699999999999996
2022-06-17 15:00:00,35.666666666666664
2022-06-17 15:30:00,35.63333333333333
2022-06-17 16:00:00,35.61666666666667
2022-06-17 16:30:00,35.583333333333336
2022-06-17 17:00:00,35.56666666666667
2022-06-17 17:30:00,35.56666666666667
2022-06-17 18:00:00,35.51666666666667
2022-06-17 18:30:00,35.48333333333333
2022-06-17 19:00:00,35.46666666666667
2022-06-17 19:30:00,35.449999999999996
2022-06-17 20:00:00,35.43333333333334
2022-06-17 20:30:00,35.416666666666664
2022-06-17 21:00:00,35.416666666666664
2022-06-17 21:30:00,35.46666666666666
2022-06-17 22:00:00,35.583333333333336
2022-06-17 22:30:00,35.650000000000006
2022-06-17 23:00:00,35.733333333333334
2022-06-17 23:30:00,35.81666666666666
2022-06-18 00:00:00,35.86666666666667
2022-06-18 00:30:00,35.983333333333334
2022-06-18 01:00:00,36.03333333333333
2022-06-18 01:30:00,36.06666666666666
2022-06-18 02:00:00,36.11666666666667
2022-06-18 02:30:00,36.166666666666664
2022-06-18 03:00:00,36.233333333333334
2022-06-18 03:30:00,36.28333333333333
2022-06-18 04:00:00,36.31666666666667
2022-06-18 04:30:00,36.4
2022-06-18 05:00:00,36.46666666666667
2022-06-18 05:30:00,36.51666666666667
2022-06-18 06:00:00,36.53333333333333
2022-06-18 06:30:00,36.55
2022-06-18 07:00:00,36.51666666666667
2022-06-18 07:30:00,36.483333333333334
2022-06-18 08:00:00,36.36666666666667
2022-06-18 08:30:00,36.31666666666667
2022-06-18 09:00:00,36.333333333333336
2022-06-18 09:30:00,36.300000000000004
2022-06-18 10:00:00,36.300000000000004
2022-06-18 10:30:00,36.26666666666667
2022-06-18 11:00:00,36.28333333333333
2022-06-18 11:30:00,36.25
2022-06-18 12:00:00,36.333333333333336
2022-06-18 12:30:00,36.46666666666666
2022-06-18 13:00:00,36.6
2022-06-18 13:30:00,36.85
2022-06-18 14:00:00,37.516666666666666
2022-06-18 14:30:00,38.083333333333336
2022-06-18 15:00:00,38.5
2022-06-18 15:30:00,38.88333333333333
2022-06-18 16:00:00,39.11666666666667
2022-06-18 16:30:00,39.21666666666667
2022-06-18 17:00:00,39.26666666666667
2022-06-18 17:30:00,39.26666666666667
2022-06-18 18:00:00,39.1
2022-06-18 18:30:00,39.050000000000004
2022-06-18 19:00:00,39.01666666666667
2022-06-18 19:30:00,38.96666666666667
2022-06-18 20:00:00,38.95
2022-06-18 20:30:00,38.916666666666664
2022-06-18 21:00:00,38.9
2022-06-18 21:30:00,38.88333333333333
2022-06-18 22:00:00,38.833333333333336
2022-06-18 22:30:00,38.833333333333336
2022-06-18 23:00:00,38.833333333333336
2022-06-18 23:30:00,38.800000000000004
2022-06-19 00:00:00,38.800000000000004
2022-06-19 00:30:00,38.800000000000004
2022-06-19 01:00:00,38.766666666666666
2022-06-19 01:30:00,38.800000000000004
2022-06-19 02:00:00,39.15
2022-06-19 02:30:00,39.31666666666666
2022-06-19 03:00:00,39.333333333333336
2022-06-19 03:30:00,39.300000000000004
2022-06-19 04:00:00,39.300000000000004
2022-06-19 04:30:00,39.31666666666666
2022-06-19 05:00:00,39.333333333333336
2022-06-19 05:30:00,39.31666666666667
2022-06-19 06:00:00,39.266666666666666
2022-06-19 06:30:00,39.266666666666666
2022-06-19 07:00:00,39.28333333333333
2022-06-19 07:30:00,39.28333333333334
2022-06-19 08:00:00,39.28333333333334
2022-06-19 08:30:00,39.266666666666666
2022-06-19 09:00:00,39.24999999999999
2022-06-19 09:30:00,39.2
2022-06-19 10:00:00,39.15
2022-06-19 10:30:00,39.1
2022-06-19 11:00:00,39.083333333333336
2022-06-19 11:30:00,39.06666666666667
2022-06-19 12:00:00,39.06666666666666
2022-06-19 12:30:00,38.96666666666666
2022-06-19 13:00:00,38.98333333333333
2022-06-19 13:30:00,38.88333333333333
2022-06-19 14:00:00,38.86666666666667
2022-06-19 14:30:00,38.81666666666667
2022-06-19 15:00:00,38.75
2022-06-19 15:30:00,38.68333333333333
2022-06-19 16:00:00,38.66666666666667
2022-06-19 16:30:00,38.61666666666667
2022-06-19 17:00:00,38.56666666666667
2022-06-19 17:30:00,38.53333333333333
2022-06-19 18:00:00,38.53333333333333
2022-06-19 18:30:00,38.51666666666666
2022-06-19 19:00:00,38.5
2022-06-19 19:30:00,38.5
2022-06-19 20:00:00,38.51666666666666
2022-06-19 20:30:00,38.53333333333333
2022-06-19 21:00:00,38.55
2022-06-19 21:30:00,38.55
2022-06-19 22:00:00,38.53333333333333
2022-06-19 22:30:00,38.6
2022-06-19 23:00:00,38.61666666666667
2022-06-19 23:30:00,38.63333333333333
2022-06-20 00:00:00,38.63333333333333
2022-06-20 00:30:00,38.666666666666664
2022-06-20 01:00:00,38.75
2022-06-20 01:30:00,38.81666666666666
2022-06-20 02:00:00,38.85
2022-06-20 02:30:00,38.86666666666667
2022-06-20 03:00:00,38.833333333333336
2022-06-20 03:30:00,38.833333333333336
2022-06-20 04:00:00,38.88333333333333
2022-06-20 04:30:00,38.9
2022-06-20 05:00:00,38.9
2022-06-20 05:30:00,38.88333333333333
2022-06-20 06:00:00,38.86666666666667
2022-06-20 06:30:00,38.86666666666667
2022-06-20 07:00:00,38.86666666666667
2022-06-20 07:30:00,38.85
2022-06-20 08:00:00,38.833333333333336
2022-06-20 08:30:00,38.800000000000004
2022-06-20 09:00:00,38.800000000000004
2022-06-20 09:30:00,38.75
2022-06-20 10:00:00,38.733333333333334
2022-06-20 10:30:00,38.699999999999996
2022-06-20 11:00:00,38.666666666666664
2022-06-20 11:30:00,38.63333333333333
2022-06-20 12:00:00,38.56666666666667
2022-06-20 12:30:00,38.61666666666667
2022-06-20 13:00:00,38.56666666666667
2022-06-20 13:30:00,38.5
2022-06-20 14:00:00,38.46666666666667
2022-06-20 14:30:00,38.400000000000006
2022-06-20 15:00:00,38.333333333333336
2022-06-20 15:30:00,38.25
2022-06-20 16:00:00,38.21666666666667
2022-06-20 16:30:00,38.2
2022-06-20 17:00:00,38.166666666666664
2022-06-20 17:30:00,38.1
2022-06-20 18:00:00,38.050000000000004
2022-06-20 18:30:00,37.99999999999999
2022-06-20 19:00:00,37.96666666666667
2022-06-20 19:30:00,37.9
2022-06-20 20:00:00,37.9
2022-06-20 20:30:00,37.9
2022-06-20 21:00:00,37.88333333333333
2022-06-20 21:30:00,37.86666666666667
2022-06-20 22:00:00,37.916666666666664
2022-06-20 22:30:00,37.96666666666667
2022-06-20 23:00:00,38.03333333333333
2022-06-20 23:30:00,38.083333333333336
2022-06-21 00:00:00,38.13333333333333
2022-06-21 00:30:00,38.199999999999996
2022-06-21 01:00:00,38.23333333333333
2022-06-21 01:30:00,38.333333333333336
2022-06-21 02:00:00,38.35
2022-06-21 02:30:00,38.36666666666667
2022-06-21 03:00:00,38.4
2022-06-21 03:30:00,38.43333333333333
2022-06-21 04:00:00,38.46666666666667
2022-06-21 04:30:00,38.51666666666667
2022-06-21 05:00:00,38.55
2022-06-21 05:30:00,38.583333333333336
2022-06-21 06:00:00,38.63333333333333
2022-06-21 06:30:00,38.7
2022-06-21 07:00:00,38.68333333333333
2022-06-21 07:30:00,38.63333333333333
2022-06-21 08:00:00,38.599999999999994
2022-06-21 08:30:00,38.51666666666667
2022-06-21 09:00:00,38.43333333333334
2022-06-21 09:30:00,38.4
2022-06-21 10:00:00,38.300000000000004
2022-06-21 10:30:00,38.26666666666667
2022-06-21 11:00:00,38.199999999999996
2022-06-21 11:30:00,38.18333333333333
2022-06-21 12:00:00,38.05
2022-06-21 12:30:00,37.96666666666667
2022-06-21 13:00:00,37.833333333333336
2022-06-21 13:30:00,37.833333333333336
2022-06-21 14:00:00,37.833333333333336
2022-06-21 14:30:00,37.833333333333336
2022-06-21 15:00:00,37.81666666666667
2022-06-21 15:30:00,37.81666666666667
2022-06-21 16:00:00,37.666666666666664
2022-06-21 16:30:00,37.666666666666664
2022-06-21 17:00:00,37.63333333333333
2022-06-21 17:30:00,37.55
2022-06-21 18:00:00,37.449999999999996
2022-06-21 18:30:00,37.43333333333334
2022-06-21 19:00:00,37.4
2022-06-21 19:30:00,37.38333333333333
2022-06-21 20:00:00,37.31666666666667
2022-06-21 20:30:00,37.300000000000004
2022-06-21 21:00:00,37.300000000000004
2022-06-21 21:30:00,37.36666666666667
2022-06-21 22:00:00,37.4
2022-06-21 22:30:00,37.46666666666667
2022-06-21 23:00:00,37.53333333333333
2022-06-21 23:30:00,37.63333333333333
2022-06-22 00:00:00,37.63333333333333
2022-06-22 00:30:00,37.71666666666667
2022-06-22 01:00:00,37.75
2022-06-22 01:30:00,37.833333333333336
2022-06-22 02:00:00,37.86666666666667
2022-06-22 02:30:00,37.86666666666667
2022-06-22 03:00:00,37.916666666666664
2022-06-22 03:30:00,37.96666666666667
2022-06-22 04:00:00,37.96666666666667
2022-06-22 04:30:00,38.016666666666666
2022-06-22 05:00:00,38.06666666666667
2022-06-22 05:30:00,38.1
2022-06-22 06:00:00,38.11666666666667
2022-06-22 06:30:00,38.083333333333336
2022-06-22 07:00:00,38.03333333333333
2022-06-22 07:30:00,37.98333333333333
2022-06-22 08:00:00,37.916666666666664
2022-06-22 08:30:00,37.833333333333336
2022-06-22 09:00:00,37.75
2022-06-22 09:30:00,37.733333333333334
2022-06-22 10:00:00,37.61666666666667
2022-06-22 10:30:00,37.5
2022-06-22 11:00:00,37.43333333333333
2022-06-22 11:30:00,37.333333333333336
2022-06-22 12:00:00,37.300000000000004
2022-06-22 12:30:00,37.31666666666667
2022-06-22 13:00:00,37.4
2022-06-22 13:30:00,37.35
2022-06-22 14:00:00,37.266666666666666
2022-06-22 14:30:00,37.166666666666664
2022-06-22 15:00:00,37.13333333333333
2022-06-22 15:30:00,37.06666666666666
2022-06-22 16:00:00,37.03333333333333
2022-06-22 16:30:00,37.0
2022-06-22 17:00:00,36.983333333333334
2022-06-22 17:30:00,36.916666666666664
2022-06-22 18:00:00,36.86666666666667
2022-06-22 18:30:00,36.833333333333336
2022-06-22 19:00:00,36.81666666666667
2022-06-22 19:30:00,36.800000000000004
2022-06-22 20:00:00,36.76666666666667
2022-06-22 20:30:00,36.76666666666667
2022-06-22 21:00:00,36.76666666666667
2022-06-22 21:30:00,36.75
2022-06-22 22:00:00,36.68333333333334
2022-06-22 22:30:00,36.7
2022-06-22 23:00:00,36.800000000000004
2022-06-22 23:30:00,36.86666666666667
2022-06-23 00:00:00,36.9
2022-06-23 00:30:00,36.96666666666667
2022-06-23 01:00:00,36.96666666666667
2022-06-23 01:30:00,37.01666666666667
2022-06-23 02:00:00,37.06666666666666
2022-06-23 02:30:00,37.15
2022-06-23 03:00:00,37.166666666666664
2022-06-23 03:30:00,37.18333333333334
2022-06-23 04:00:00,37.21666666666667
2022-06-23 04:30:00,37.25
2022-06-23 05:00:00,37.28333333333333
2022-06-23 05:30:00,37.36666666666667
2022-06-23 06:00:00,37.35
2022-06-23 06:30:00,37.28333333333333
2022-06-23 07:00:00,37.23333333333333
2022-06-23 07:30:00,37.13333333333333
2022-06-23 08:00:00,37.01666666666667
2022-06-23 08:30:00,36.949999999999996
2022-06-23 09:00:00,36.85
2022-06-23 09:30:00,36.800000000000004
2022-06-23 10:00:00,36.73333333333333
2022-06-23 10:30:00,36.73333333333333
2022-06-23 11:00:00,36.75
2022-06-23 11:30:00,36.68333333333334
2022-06-23 12:00:00,36.63333333333333
2022-06-23 12:30:00,36.63333333333333
2022-06-23 13:00:00,36.63333333333333
2022-06-23 13:30:00,36.63333333333333
2022-06-23 14:00:00,36.550000000000004
2022-06-23 14:30:00,36.53333333333333
2022-06-23 15:00:00,36.5
2022-06-23 15:30:00,36.48333333333334
2022-06-23 16:00:00,36.4
2022-06-23 16:30:00,36.38333333333333
2022-06-23 17:00:00,36.36666666666667
2022-06-23 17:30:00,36.33333333333333
2022-06-23 18:00:00,36.3
2022-06-23 18:30:00,36.3
2022-06-23 19:00:00,36.266666666666666
2022-06-23 19:30:00,36.21666666666666
2022-06-23 20:00:00,36.199999999999996
2022-06-23 20:30:00,36.166666666666664
2022-06-23 21:00:00,36.1
2022-06-23 21:30:00,36.1
2022-06-23 22:00:00,36.13333333333333
2022-06-23 22:30:00,36.18333333333333
2022-06-23 23:00:00,36.25
2022-06-23 23:30:00,36.300000000000004
2022-06-24 00:00:00,36.4
2022-06-24 00:30:00,36.483333333333334
2022-06-24 01:00:00,36.516666666666666
2022-06-24 01:30:00,36.58333333333333
2022-06-24 02:00:00,36.63333333333333
2022-06-24 02:30:00,36.71666666666667
2022-06-24 03:00:00,36.75
2022-06-24 03:30:00,36.76666666666667
2022-06-24 04:00:00,36.800000000000004
2022-06-24 04:30:00,36.833333333333336
2022-06-24 05:00:00,36.86666666666667
2022-06-24 05:30:00,36.916666666666664
2022-06-24 06:00:00,36.93333333333334
2022-06-24 06:30:00,36.9
2022-06-24 07:00:00,36.86666666666667
2022-06-24 07:30:00,36.833333333333336
2022-06-24 08:00:00,36.81666666666667
2022-06-24 08:30:00,36.666666666666664
2022-06-24 09:00:00,36.65
2022-06-24 09:30:00,36.55
2022-06-24 10:00:00,36.49999999999999
2022-06-24 10:30:00,36.46666666666666
2022-06-24 11:00:00,36.449999999999996
2022-06-24 11:30:00,36.48333333333333
2022-06-24 12:00:00,36.46666666666666
2022-06-24 12:30:00,36.48333333333333
2022-06-24 13:00:00,36.449999999999996
2022-06-24 13:30:00,36.38333333333333
2022-06-24 14:00:00,36.333333333333336
2022-06-24 14:30:00,36.266666666666666
2022-06-24 15:00:00,36.2
2022-06-24 15:30:00,36.13333333333333
2022-06-24 16:00:00,36.06666666666667
2022-06-24 16:30:00,36.03333333333333
2022-06-24 17:00:00,36.0
2022-06-24 17:30:00,35.93333333333334
2022-06-24 18:00:00,35.833333333333336
2022-06-24 18:30:00,35.78333333333333
2022-06-24 19:00:00,35.71666666666667
2022-06-24 19:30:00,35.699999999999996
2022-06-24 20:00:00,35.6
2022-06-24 20:30:00,35.55
2022-06-24 21:00:00,35.49999999999999
2022-06-24 21:30:00,35.49999999999999
2022-06-24 22:00:00,35.483333333333334
2022-06-24 22:30:00,35.516666666666666
2022-06-24 23:00:00,35.56666666666667
2022-06-24 23:30:00,35.63333333333333
2022-06-25 00:00:00,35.666666666666664
2022-06-25 00:30:00,35.766666666666666
2022-06-25 01:00:00,35.833333333333336
2022-06-25 01:30:00,35.85
2022-06-25 02:00:00,35.916666666666664
2022-06-25 02:30:00,35.96666666666666
2022-06-25 03:00:00,36.0
2022-06-25 03:30:00,36.05
2022-06-25 04:00:00,36.11666666666667
2022-06-25 04:30:00,36.13333333333333
2022-06-25 05:00:00,36.18333333333334
2022-06-25 05:30:00,36.24999999999999
2022-06-25 06:00:00,36.300000000000004
2022-06-25 06:30:00,36.28333333333334
2022-06-25 07:00:00,36.233333333333334
2022-06-25 07:30:00,36.15
2022-06-25 08:00:00,36.03333333333334
2022-06-25 08:30:00,35.93333333333333
2022-06-25 09:00:00,35.85
2022-06-25 09:30:00,35.75000000000001
2022-06-25 10:00:00,35.7
2022-06-25 10:30:00,35.7
2022-06-25 11:00:00,35.666666666666664
2022-06-25 11:30:00,35.63333333333333
2022-06-25 12:00:00,35.61666666666667
2022-06-25 12:30:00,35.6
2022-06-25 13:00:00,35.550000000000004
2022-06-25 13:30:00,35.483333333333334
2022-06-25 14:00:00,35.416666666666664
2022-06-25 14:30:00,35.31666666666666
2022-06-25 15:00:00,35.25
2022-06-25 15:30:00,35.15
2022-06-25 16:00:00,35.1
2022-06-25 16:30:00,35.06666666666667
2022-06-25 17:00:00,35.00000000000001
2022-06-25 17:30:00,34.95
2022-06-25 18:00:00,34.88333333333333
2022-06-25 18:30:00,34.800000000000004
2022-06-25 19:00:00,34.71666666666667
2022-06-25 19:30:00,34.65
2022-06-25 20:00:00,34.599999999999994
2022-06-25 20:30:00,34.55
2022-06-25 21:00:00,34.5
2022-06-25 21:30:00,34.5
2022-06-25 22:00:00,34.51666666666667
2022-06-25 22:30:00,34.583333333333336
2022-06-25 23:00:00,34.61666666666667
2022-06-25 23:30:00,34.699999999999996
2022-06-26 00:00:00,34.733333333333334
2022-06-26 00:30:00,34.800000000000004
2022-06-26 01:00:00,34.9
2022-06-26 01:30:00,34.96666666666667
2022-06-26 02:00:00,34.98333333333333
2022-06-26 02:30:00,35.01666666666666
2022-06-26 03:00:00,35.13333333333333
2022-06-26 03:30:00,35.2
2022-06-26 04:00:00,35.233333333333334
2022-06-26 04:30:00,35.333333333333336
2022-06-26 05:00:00,35.35
2022-06-26 05:30:00,35.4
2022-06-26 06:00:00,35.43333333333334
2022-06-26 06:30:00,35.43333333333333
2022-06-26 07:00:00,35.416666666666664
2022-06-26 07:30:00,35.3
2022-06-26 08:00:00,35.18333333333333
2022-06-26 08:30:00,35.03333333333333
2022-06-26 09:00:00,34.949999999999996
2022-06-26 09:30:00,34.88333333333333
2022-06-26 10:00:00,34.833333333333336
2022-06-26 10:30:00,34.76666666666667
2022-06-26 11:00:00,34.699999999999996
2022-06-26 11:30:00,34.666666666666664
2022-06-26 12:00:00,34.650000000000006
2022-06-26 12:30:00,34.63333333333333
2022-06-26 13:00:00,34.583333333333336
2022-06-26 13:30:00,34.53333333333333
2022-06-26 14:00:00,34.449999999999996
2022-06-26 14:30:00,34.38333333333333
2022-06-26 15:00:00,34.28333333333333
2022-06-26 15:30:00,34.13333333333333
2022-06-26 16:00:00,34.083333333333336
2022-06-26 16:30:00,34.0
2022-06-26 17:00:00,33.93333333333333
2022-06-26 17:30:00,33.88333333333333
2022-06-26 18:00:00,33.81666666666666
2022-06-26 18:30:00,33.71666666666666
2022-06-26 19:00:00,33.61666666666667
2022-06-26 19:30:00,33.53333333333333
2022-06-26 20:00:00,33.46666666666667
2022-06-26 20:30:00,33.38333333333333
2022-06-26 21:00:00,33.36666666666667
2022-06-26 21:30:00,33.35
2022-06-26 22:00:00,33.333333333333336
2022-06-26 22:30:00,33.38333333333333
2022-06-26 23:00:00,33.416666666666664
2022-06-26 23:30:00,33.483333333333334
2022-06-27 00:00:00,33.53333333333333
2022-06-27 00:30:00,33.65
2022-06-27 01:00:00,33.699999999999996
2022-06-27 01:30:00,33.75
2022-06-27 02:00:00,33.78333333333333
2022-06-27 02:30:00,33.81666666666667
2022-06-27 03:00:00,33.85
2022-06-27 03:30:00,33.85
2022-06-27 04:00:00,33.9
2022-06-27 04:30:00,33.96666666666667
2022-06-27 05:00:00,34.0
2022-06-27 05:30:00,34.03333333333333
2022-06-27 06:00:00,34.03333333333333
2022-06-27 06:30:00,34.06666666666667
2022-06-27 07:00:00,34.016666666666666
2022-06-27 07:30:00,33.949999999999996
2022-06-27 08:00:00,33.86666666666667
2022-06-27 08:30:00,33.766666666666666
2022-06-27 09:00:00,33.699999999999996
2022-06-27 09:30:00,33.666666666666664
2022-06-27 10:00:00,33.6
2022-06-27 10:30:00,33.56666666666666
2022-06-27 11:00:00,33.46666666666667
2022-06-27 11:30:00,33.45
2022-06-27 12:00:00,33.416666666666664
2022-06-27 12:30:00,33.36666666666667
2022-06-27 13:00:00,33.233333333333334
2022-06-27 13:30:00,33.11666666666667
2022-06-27 14:00:00,33.1
2022-06-27 14:30:00,33.083333333333336
2022-06-27 15:00:00,32.949999999999996
2022-06-27 15:30:00,32.88333333333333
2022-06-27 16:00:00,32.800000000000004
2022-06-27 16:30:00,32.75
2022-06-27 17:00:00,32.7
2022-06-27 17:30:00,32.61666666666667
2022-06-27 18:00:00,32.51666666666667
2022-06-27 18:30:00,32.416666666666664
2022-06-27 19:00:00,32.31666666666667
2022-06-27 19:30:00,32.24999999999999
2022-06-27 20:00:00,32.199999999999996
2022-06-27 20:30:00,32.13333333333333
2022-06-27 21:00:00,32.11666666666667
2022-06-27 21:30:00,32.06666666666667
2022-06-27 22:00:00,32.06666666666666
2022-06-27 22:30:00,32.1
2022-06-27 23:00:00,32.13333333333333
2022-06-27 23:30:00,32.166666666666664
2022-06-28 00:00:00,32.199999999999996
2022-06-28 00:30:00,32.28333333333333
2022-06-28 01:00:00,32.31666666666666
2022-06-28 01:30:00,32.38333333333333
2022-06-28 02:00:00,32.43333333333334
2022-06-28 02:30:00,32.46666666666667
2022-06-28 03:00:00,32.53333333333334
2022-06-28 03:30:00,32.56666666666667
2022-06-28 04:00:00,32.6
2022-06-28 04:30:00,32.63333333333333
2022-06-28 05:00:00,32.66666666666667
2022-06-28 05:30:00,32.68333333333333
2022-06-28 06:00:00,32.699999999999996
2022-06-28 06:30:00,32.699999999999996
2022-06-28 07:00:00,32.666666666666664
2022-06-28 07:30:00,32.6
2022-06-28 08:00:00,32.449999999999996
2022-06-28 08:30:00,32.31666666666667
2022-06-28 09:00:00,32.28333333333334
2022-06-28 09:30:00,32.2
2022-06-28 10:00:00,32.15
2022-06-28 10:30:00,32.083333333333336
2022-06-28 11:00:00,32.016666666666666
2022-06-28 11:30:00,32.0
2022-06-28 12:00:00,31.933333333333334
2022-06-28 12:30:00,31.883333333333336
2022-06-28 13:00:00,31.833333333333332
2022-06-28 13:30:00,31.716666666666665
2022-06-28 14:00:00,31.63333333333333
2022-06-28 14:30:00,31.549999999999997
2022-06-28 15:00:00,31.400000000000002
2022-06-28 15:30:00,31.283333333333335
2022-06-28 16:00:00,31.250000000000004
2022-06-28 16:30:00,31.150000000000006
2022-06-28 17:00:00,31.05
2022-06-28 17:30:00,30.95
2022-06-28 18:00:00,30.8
2022-06-28 18:30:00,30.733333333333334
2022-06-28 19:00:00,30.649999999999995
2022-06-28 19:30:00,30.633333333333336
2022-06-28 20:00:00,30.616666666666664
2022-06-28 20:30:00,30.583333333333332
2022-06-28 21:00:00,30.566666666666663
2022-06-28 21:30:00,30.53333333333333
2022-06-28 22:00:00,30.53333333333333
2022-06-28 22:30:00,30.599999999999998
2022-06-28 23:00:00,30.599999999999998
2022-06-28 23:30:00,30.63333333333333
2022-06-29 00:00:00,30.63333333333333
2022-06-29 00:30:00,30.666666666666668
2022-06-29 01:00:00,30.7
2022-06-29 01:30:00,30.7
2022-06-29 02:00:00,30.7
2022-06-29 02:30:00,30.75
2022-06-29 03:00:00,30.766666666666666
2022-06-29 03:30:00,30.799999999999997
2022-06-29 04:00:00,30.799999999999997
2022-06-29 04:30:00,30.849999999999998
2022-06-29 05:00:00,30.866666666666664
2022-06-29 05:30:00,30.900000000000002
2022-06-29 06:00:00,30.899999999999995
2022-06-29 06:30:00,30.816666666666674
2022-06-29 07:00:00,30.75
2022-06-29 07:30:00,30.700000000000003
2022-06-29 08:00:00,30.616666666666664
2022-06-29 08:30:00,30.516666666666666
2022-06-29 09:00:00,30.45
2022-06-29 09:30:00,30.349999999999998
2022-06-29 10:00:00,30.3
2022-06-29 10:30:00,30.316666666666666
2022-06-29 11:00:00,30.3
2022-06-29 11:30:00,30.233333333333334
2022-06-29 12:00:00,30.166666666666668
2022-06-29 12:30:00,30.100000000000005
2022-06-29 13:00:00,30.099999999999998
2022-06-29 13:30:00,30.066666666666666
2022-06-29 14:00:00,30.166666666666668
2022-06-29 14:30:00,30.233333333333334
2022-06-29 15:00:00,30.149999999999995
2022-06-29 15:30:00,30.049999999999997
2022-06-29 16:00:00,29.96666666666667
2022-06-29 16:30:00,29.98333333333333
2022-06-29 17:00:00,29.76666666666667
2022-06-29 17:30:00,29.666666666666668
2022-06-29 18:00:00,29.583333333333332
2022-06-29 18:30:00,29.45
2022-06-29 19:00:00,29.400000000000002
2022-06-29 19:30:00,29.316666666666666
2022-06-29 20:00:00,29.266666666666666
2022-06-29 20:30:00,29.21666666666667
2022-06-29 21:00:00,29.16666666666667
2022-06-29 21:30:00,29.133333333333336
2022-06-29 22:00:00,29.133333333333336
2022-06-29 22:30:00,29.133333333333336
2022-06-29 23:00:00,29.149999999999995
2022-06-29 23:30:00,29.183333333333326
2022-06-30 00:00:00,29.26666666666667
2022-06-30 00:30:00,29.383333333333336
2022-06-30 01:00:00,29.416666666666668
2022-06-30 01:30:00,29.48333333333333
2022-06-30 02:00:00,29.55
2022-06-30 02:30:00,29.599999999999998
2022-06-30 03:00:00,29.61666666666667
2022-06-30 03:30:00,29.666666666666668
2022-06-30 04:00:00,29.700000000000003
2022-06-30 04:30:00,29.75
2022-06-30 05:00:00,29.883333333333336
2022-06-30 05:30:00,29.916666666666668
2022-06-30 06:00:00,30.066666666666663
2022-06-30 06:30:00,30.05
2022-06-30 07:00:00,30.016666666666666
2022-06-30 07:30:00,29.833333333333332
2022-06-30 08:00:00,29.7
2022-06-30 08:30:00,29.566666666666663
2022-06-30 09:00:00,29.46666666666667
2022-06-30 09:30:00,29.349999999999998
2022-06-30 10:00:00,29.25
2022-06-30 10:30:00,29.133333333333336
2022-06-30 11:00:00,29.066666666666674
2022-06-30 11:30:00,28.98333333333333
2022-06-30 12:00:00,28.916666666666668
2022-06-30 12:30:00,28.899999999999995
2022-06-30 13:00:00,28.833333333333332
2022-06-30 13:30:00,28.733333333333334
2022-06-30 14:00:00,28.650000000000002
2022-06-30 14:30:00,28.58333333333333
2022-06-30 15:00:00,28.5
2022-06-30 15:30:00,28.383333333333336
2022-06-30 16:00:00,28.3
2022-06-30 16:30:00,28.283333333333335
2022-06-30 17:00:00,28.21666666666667
2022-06-30 17:30:00,28.133333333333336
2022-06-30 18:00:00,28.01666666666667
2022-06-30 18:30:00,27.933333333333337
2022-06-30 19:00:00,27.883333333333336
2022-06-30 19:30:00,27.783333333333335
2022-06-30 20:00:00,27.71666666666667
2022-06-30 20:30:00,27.666666666666668
2022-06-30 21:00:00,27.633333333333336
2022-06-30 21:30:00,27.666666666666668
2022-06-30 22:00:00,27.683333333333337
2022-06-30 22:30:00,27.73333333333333
2022-06-30 23:00:00,27.78333333333333
2022-06-30 23:30:00,27.849999999999998
2022-07-01 00:00:00,27.933333333333334
2022-07-01 00:30:00,28.03333333333333
2022-07-01 01:00:00,28.100000000000005
2022-07-01 01:30:00,28.2
2022-07-01 02:00:00,28.2
2022-07-01 02:30:00,28.28333333333333
2022-07-01 03:00:00,28.5
2022-07-01 03:30:00,28.400000000000002
2022-07-01 04:00:00,28.3
2022-07-01 04:30:00,28.333333333333332
2022-07-01 05:00:00,28.51666666666667
2022-07-01 05:30:00,28.516666666666666
2022-07-01 06:00:00,28.55
2022-07-01 06:30:00,28.5
2022-07-01 07:00:00,28.46666666666667
2022-07-01 07:30:00,28.416666666666668
2022-07-01 08:00:00,28.433333333333334
2022-07-01 08:30:00,28.016666666666666
2022-07-01 09:00:00,28.05
2022-07-01 09:30:00,28.183333333333334
2022-07-01 10:00:00,28.13333333333333
2022-07-01 10:30:00,28.033333333333335
2022-07-01 11:00:00,28.016666666666666
2022-07-01 11:30:00,28.13333333333333
2022-07-01 12:00:00,27.916666666666668
2022-07-01 12:30:00,27.816666666666666
2022-07-01 13:00:00,27.73333333333333
2022-07-01 13:30:00,27.783333333333335
2022-07-01 14:00:00,27.8
2022-07-01 14:30:00,27.5
2022-07-01 15:00:00,27.349999999999994
2022-07-01 15:30:00,27.333333333333332
2022-07-01 16:00:00,27.25
2022-07-01 16:30:00,27.23333333333333
2022-07-01 17:00:00,27.166666666666668
2022-07-01 17:30:00,27.05
2022-07-01 18:00:00,26.983333333333334
2022-07-01 18:30:00,26.95
2022-07-01 19:00:00,26.883333333333336
2022-07-01 19:30:00,26.8
2022-07-01 20:00:00,26.76666666666667
2022-07-01 20:30:00,26.76666666666667
2022-07-01 21:00:00,26.75
2022-07-01 21:30:00,26.71666666666667
2022-07-01 22:00:00,26.633333333333336
2022-07-01 22:30:00,26.633333333333336
2022-07-01 23:00:00,26.633333333333336
2022-07-01 23:30:00,26.599999999999998
2022-07-02 00:00:00,26.666666666666668
2022-07-02 00:30:00,26.650000000000002
2022-07-02 01:00:00,26.683333333333334
2022-07-02 01:30:00,26.71666666666667
2022-07-02 02:00:00,26.73333333333333
2022-07-02 02:30:00,26.766666666666666
2022-07-02 03:00:00,26.766666666666666
2022-07-02 03:30:00,26.816666666666666
2022-07-02 04:00:00,26.866666666666664
2022-07-02 04:30:00,26.916666666666668
2022-07-02 05:00:00,27.03333333333333
2022-07-02 05:30:00,27.066666666666666
2022-07-02 06:00:00,27.066666666666666
2022-07-02 06:30:00,27.049999999999997
2022-07-02 07:00:00,27.03333333333333
2022-07-02 07:30:00,27.0
2022-07-02 08:00:00,26.933333333333337
2022-07-02 08:30:00,26.900000000000002
2022-07-02 09:00:00,26.816666666666666
2022-07-02 09:30:00,26.75
2022-07-02 10:00:00,26.73333333333333
2022-07-02 10:30:00,26.7
2022-07-02 11:00:00,26.733333333333334
2022-07-02 11:30:00,26.683333333333337
2022-07-02 12:00:00,26.600000000000005
2022-07-02 12:30:00,26.583333333333332
2022-07-02 13:00:00,26.55
2022-07-02 13:30:00,26.516666666666666
2022-07-02 14:00:00,26.433333333333337
2022-07-02 14:30:00,26.350000000000005
2022-07-02 15:00:00,26.25
2022-07-02 15:30:00,26.100000000000005
2022-07-02 16:00:00,26.05
2022-07-02 16:30:00,25.983333333333334
2022-07-02 17:00:00,25.883333333333336
2022-07-02 17:30:00,25.833333333333332
2022-07-02 18:00:00,25.75
2022-07-02 18:30:00,25.73333333333333
2022-07-02 19:00:00,25.666666666666668
2022-07-02 19:30:00,25.616666666666664
2022-07-02 20:00:00,25.566666666666663
2022-07-02 20:30:00,25.53333333333333
2022-07-02 21:00:00,25.45
2022-07-02 21:30:00,25.433333333333334
2022-07-02 22:00:00,25.450000000000003
2022-07-02 22:30:00,25.433333333333334
2022-07-02 23:00:00,25.433333333333334
2022-07-02 23:30:00,25.450000000000003
2022-07-03 00:00:00,25.46666666666667
2022-07-03 00:30:00,25.599999999999998
2022-07-03 01:00:00,25.599999999999998
2022-07-03 01:30:00,25.633333333333336
2022-07-03 02:00:00,25.666666666666668
2022-07-03 02:30:00,25.633333333333336
2022-07-03 03:00:00,25.78333333333333
2022-07-03 03:30:00,25.783333333333335
2022-07-03 04:00:00,25.8
2022-07-03 04:30:00,25.783333333333335
2022-07-03 05:00:00,25.783333333333335
2022-07-03 05:30:00,25.78333333333333
2022-07-03 06:00:00,25.700000000000003
2022-07-03 06:30:00,25.633333333333336
2022-07-03 07:00:00,25.566666666666666
2022-07-03 07:30:00,25.549999999999997
2022-07-03 08:00:00,25.51666666666667
2022-07-03 08:30:00,25.433333333333334
2022-07-03 09:00:00,25.383333333333336
2022-07-03 09:30:00,25.383333333333336
2022-07-03 10:00:00,25.349999999999998
2022-07-03 10:30:00,25.349999999999998
2022-07-03 11:00:00,25.333333333333332
2022-07-03 11:30:00,25.28333333333333
2022-07-03 12:00:00,25.28333333333333
2022-07-03 12:30:00,25.26666666666667
2022-07-03 13:00:00,25.25
2022-07-03 13:30:00,25.183333333333337
2022-07-03 14:00:00,25.133333333333336
2022-07-03 14:30:00,25.066666666666666
2022-07-03 15:00:00,25.0
2022-07-03 15:30:00,24.933333333333334
2022-07-03 16:00:00,24.866666666666664
2022-07-03 16:30:00,24.816666666666666
2022-07-03 17:00:00,24.766666666666666
2022-07-03 17:30:00,24.71666666666667
2022-07-03 18:00:00,24.633333333333336
2022-07-03 18:30:00,24.566666666666666
2022-07-03 19:00:00,24.483333333333334
2022-07-03 19:30:00,24.433333333333334
2022-07-03 20:00:00,24.400000000000002
2022-07-03 20:30:00,24.349999999999998
2022-07-03 21:00:00,24.3
2022-07-03 21:30:00,24.3
2022-07-03 22:00:00,24.3
2022-07-03 22:30:00,24.350000000000005
2022-07-03 23:00:00,24.383333333333336
2022-07-03 23:30:00,24.45
2022-07-04 00:00:00,24.46666666666667
2022-07-04 00:30:00,24.55
2022-07-04 01:00:00,24.600000000000005
2022-07-04 01:30:00,24.633333333333336
2022-07-04 02:00:00,24.650000000000002
2022-07-04 02:30:00,24.683333333333337
2022-07-04 03:00:00,24.733333333333334
2022-07-04 03:30:00,24.76666666666667
2022-07-04 04:00:00,24.833333333333332
2022-07-04 04:30:00,24.86666666666667
2022-07-04 05:00:00,24.95
2022-07-04 05:30:00,25.033333333333335
2022-07-04 06:00:00,25.083333333333332
2022-07-04 06:30:00,25.099999999999998
2022-07-04 07:00:00,25.083333333333332
2022-07-04 07:30:00,25.05
2022-07-04 08:00:00,24.95
2022-07-04 08:30:00,24.849999999999998
2022-07-04 09:00:00,24.78333333333333
2022-07-04 09:30:00,24.7
2022-07-04 10:00:00,24.616666666666664
2022-07-04 10:30:00,24.549999999999997
2022-07-04 11:00:00,24.433333333333334
2022-07-04 11:30:00,24.316666666666666
2022-07-04 12:00:00,24.3
2022-07-04 12:30:00,24.3
2022-07-04 13:00:00,24.21666666666667
2022-07-04 13:30:00,24.150000000000002
2022-07-04 14:00:00,24.066666666666663
2022-07-04 14:30:00,24.03333333333333
2022-07-04 15:00:00,24.016666666666666
2022-07-04 15:30:00,23.96666666666667
2022-07-04 16:00:00,23.933333333333334
2022-07-04 16:30:00,23.866666666666664
2022-07-04 17:00:00,23.799999999999997
2022-07-04 17:30:00,23.75
2022-07-04 18:00:00,23.7
2022-07-04 18:30:00,23.633333333333336
2022-07-04 19:00:00,23.53333333333333
2022-07-04 19:30:00,23.5
2022-07-04 20:00:00,23.45
2022-07-04 20:30:00,23.366666666666664
2022-07-04 21:00:00,23.383333333333336
2022-07-04 21:30:00,23.416666666666668
2022-07-04 22:00:00,23.433333333333334
2022-07-04 22:30:00,23.45
2022-07-04 23:00:00,23.483333333333334
2022-07-04 23:30:00,23.516666666666666
2022-07-05 00:00:00,23.566666666666666
2022-07-05 00:30:00,23.599999999999998
2022-07-05 01:00:00,23.650000000000002
2022-07-05 01:30:00,23.683333333333334
2022-07-05 02:00:00,23.7
2022-07-05 02:30:00,23.733333333333334
2022-07-05 03:00:00,23.766666666666666
2022-07-05 03:30:00,23.78333333333333
2022-07-05 04:00:00,23.833333333333332
2022-07-05 04:30:00,23.916666666666668
2022-07-05 05:00:00,24.03333333333333
2022-07-05 05:30:00,24.166666666666668
2022-07-05 06:00:00,24.21666666666667
2022-07-05 06:30:00,24.23333333333333
2022-07-05 07:00:00,24.25
2022-07-05 07:30:00,24.266666666666666
2022-07-05 08:00:00,24.116666666666664
2022-07-05 08:30:00,23.900000000000002
2022-07-05 09:00:00,23.8
2022-07-05 09:30:00,23.75
2022-07-05 10:00:00,23.78333333333333
2022-07-05 10:30:00,24.633333333333336
2022-07-05 11:00:00,24.616666666666664
2022-07-05 11:30:00,24.55
2022-07-05 12:00:00,24.7
2022-07-05 12:30:00,24.599999999999998
2022-07-05 13:00:00,24.433333333333334
2022-07-05 13:30:00,24.38333333333333
2022-07-05 14:00:00,24.3
2022-07-05 14:30:00,24.266666666666666
2022-07-05 15:00:00,24.366666666666664
2022-07-05 15:30:00,24.383333333333336
2022-07-05 16:00:00,24.450000000000003
2022-07-05 16:30:00,24.400000000000002
2022-07-05 17:00:00,24.333333333333332
2022-07-05 17:30:00,24.26666666666667
2022-07-05 18:00:00,24.2
2022-07-05 18:30:00,24.2
2022-07-05 19:00:00,24.166666666666668
2022-07-05 19:30:00,24.099999999999998
2022-07-05 20:00:00,24.083333333333332
2022-07-05 20:30:00,24.049999999999997
2022-07-05 21:00:00,24.05
2022-07-05 21:30:00,24.05
2022-07-05 22:00:00,24.083333333333332
2022-07-05 22:30:00,24.116666666666664
2022-07-05 23:00:00,24.2
2022-07-05 23:30:00,24.21666666666667
2022-07-06 00:00:00,24.233333333333334
2022-07-06 00:30:00,24.3
2022-07-06 01:00:00,24.3
2022-07-06 01:30:00,24.333333333333332
2022-07-06 02:00:00,24.366666666666664
2022-07-06 02:30:00,24.366666666666664
2022-07-06 03:00:00,24.416666666666668
2022-07-06 03:30:00,24.433333333333334
2022-07-06 04:00:00,24.45
2022-07-06 04:30:00,24.5
2022-07-06 05:00:00,24.566666666666666
2022-07-06 05:30:00,24.616666666666664
2022-07-06 06:00:00,24.63333333333333
2022-07-06 06:30:00,24.650000000000002
2022-07-06 07:00:00,24.7
2022-07-06 07:30:00,24.733333333333334
2022-07-06 08:00:00,24.683333333333334
2022-07-06 08:30:00,24.566666666666663
2022-07-06 09:00:00,24.48333333333333
2022-07-06 09:30:00,24.400000000000002
2022-07-06 10:00:00,24.333333333333332
2022-07-06 10:30:00,24.266666666666666
2022-07-06 11:00:00,24.216666666666665
2022-07-06 11:30:00,24.133333333333336
2022-07-06 12:00:00,24.0
2022-07-06 12:30:00,24.066666666666666
2022-07-06 13:00:00,24.116666666666664
2022-07-06 13:30:00,24.083333333333332
2022-07-06 14:00:00,24.03333333333333
2022-07-06 14:30:00,24.0
2022-07-06 15:00:00,24.0
2022-07-06 15:30:00,23.983333333333334
2022-07-06 16:00:00,23.966666666666665
2022-07-06 16:30:00,23.933333333333334
2022-07-06 17:00:00,23.933333333333334
2022-07-06 17:30:00,23.833333333333332
2022-07-06 18:00:00,23.833333333333332
2022-07-06 18:30:00,23.783333333333335
2022-07-06 19:00:00,23.766666666666666
2022-07-06 19:30:00,23.733333333333334
2022-07-06 20:00:00,23.7
2022-07-06 20:30:00,23.666666666666668
2022-07-06 21:00:00,23.683333333333334
2022-07-06 21:30:00,23.683333333333334
2022-07-06 22:00:00,23.7
2022-07-06 22:30:00,23.71666666666667
2022-07-06 23:00:00,23.733333333333334
2022-07-06 23:30:00,23.733333333333334
2022-07-07 00:00:00,23.8
2022-07-07 00:30:00,23.833333333333332
2022-07-07 01:00:00,23.866666666666664
2022-07-07 01:30:00,23.900000000000002
2022-07-07 02:00:00,23.933333333333337
2022-07-07 02:30:00,23.983333333333334
2022-07-07 03:00:00,23.96666666666667
2022-07-07 03:30:00,24.066666666666666
2022-07-07 04:00:00,24.083333333333332
2022-07-07 04:30:00,24.116666666666664
2022-07-07 05:00:00,24.099999999999998
2022-07-07 05:30:00,24.2
2022-07-07 06:00:00,24.26666666666667
2022-07-07 06:30:00,24.3
2022-07-07 07:00:00,24.316666666666666
2022-07-07 07:30:00,24.266666666666666
2022-07-07 08:00:00,24.266666666666666
2022-07-07 08:30:00,24.2
2022-07-07 09:00:00,24.083333333333332
2022-07-07 09:30:00,24.05
2022-07-07 10:00:00,23.983333333333334
2022-07-07 10:30:00,23.916666666666668
2022-07-07 11:00:00,23.849999999999998
2022-07-07 11:30:00,23.816666666666663
2022-07-07 12:00:00,23.683333333333337
2022-07-07 12:30:00,23.516666666666666
2022-07-07 13:00:00,23.616666666666664
2022-07-07 13:30:00,23.616666666666664
2022-07-07 14:00:00,23.583333333333332
2022-07-07 14:30:00,23.616666666666664
2022-07-07 15:00:00,23.649999999999995
2022-07-07 15:30:00,23.63333333333333
2022-07-07 16:00:00,23.616666666666664
2022-07-07 16:30:00,23.566666666666666
2022-07-07 17:00:00,23.516666666666666
2022-07-07 17:30:00,23.483333333333334
2022-07-07 18:00:00,23.400000000000002
2022-07-07 18:30:00,23.400000000000002
2022-07-07 19:00:00,23.416666666666668
2022-07-07 19:30:00,23.433333333333334
2022-07-07 20:00:00,23.433333333333334
2022-07-07 20:30:00,23.433333333333334
2022-07-07 21:00:00,23.416666666666668
2022-07-07 21:30:00,23.45
2022-07-07 22:00:00,23.48333333333333
2022-07-07 22:30:00,23.516666666666666
2022-07-07 23:00:00,23.55
2022-07-07 23:30:00,23.566666666666666
2022-07-08 00:00:00,23.633333333333336
2022-07-08 00:30:00,23.650000000000002
2022-07-08 01:00:00,23.666666666666668
2022-07-08 01:30:00,23.71666666666667
2022-07-08 02:00:00,23.76666666666667
2022-07-08 02:30:00,23.8
2022-07-08 03:00:00,23.76666666666667
2022-07-08 03:30:00,23.833333333333332
2022-07-08 04:00:00,23.866666666666664
2022-07-08 04:30:00,23.866666666666664
2022-07-08 05:00:00,23.900000000000002
2022-07-08 05:30:00,23.983333333333334
2022-07-08 06:00:00,24.01666666666667
2022-07-08 06:30:00,24.03333333333333
2022-07-08 07:00:00,24.03333333333333
2022-07-08 07:30:00,24.05
2022-07-08 08:00:00,24.03333333333333
2022-07-08 08:30:00,23.983333333333334
2022-07-08 09:00:00,23.916666666666668
2022-07-08 09:30:00,23.849999999999998
2022-07-08 10:00:00,23.78333333333333
2022-07-08 10:30:00,23.716666666666665
2022-07-08 11:00:00,23.71666666666667
2022-07-08 11:30:00,23.7
2022-07-08 12:00:00,23.583333333333332
2022-07-08 12:30:00,23.549999999999997
2022-07-08 13:00:00,23.583333333333332
2022-07-08 13:30:00,23.53333333333333
2022-07-08 14:00:00,23.416666666666668
2022-07-08 14:30:00,23.38333333333333
2022-07-08 15:00:00,23.333333333333332
2022-07-08 15:30:00,23.3
2022-07-08 16:00:00,23.266666666666666
2022-07-08 16:30:00,23.25
2022-07-08 17:00:00,23.233333333333334
2022-07-08 17:30:00,23.150000000000002
2022-07-08 18:00:00,23.166666666666668
2022-07-08 18:30:00,23.166666666666668
2022-07-08 19:00:00,23.099999999999998
2022-07-08 19:30:00,23.033333333333335
2022-07-08 20:00:00,23.033333333333335
2022-07-08 20:30:00,23.033333333333335
2022-07-08 21:00:00,23.01666666666667
2022-07-08 21:30:00,23.03333333333333
2022-07-08 22:00:00,23.05
2022-07-08 22:30:00,23.083333333333332
2022-07-08 23:00:00,23.100000000000005
2022-07-08 23:30:00,23.116666666666664
2022-07-09 00:00:00,23.133333333333336
2022-07-09 00:30:00,23.2
2022-07-09 01:00:00,23.21666666666667
2022-07-09 01:30:00,23.26666666666667
2022-07-09 02:00:00,23.28333333333333
2022-07-09 02:30:00,23.333333333333332
2022-07-09 03:00:00,23.36666666666667
2022-07-09 03:30:00,23.400000000000002
2022-07-09 04:00:00,23.433333333333334
2022-07-09 04:30:00,23.45
2022-07-09 05:00:00,23.483333333333334
2022-07-09 05:30:00,23.5
2022-07-09 06:00:00,23.516666666666666
2022-07-09 06:30:00,23.599999999999998
2022-07-09 07:00:00,23.599999999999998
2022-07-09 07:30:00,23.583333333333332
2022-07-09 08:00:00,23.616666666666664
2022-07-09 08:30:00,23.516666666666666
2022-07-09 09:00:00,23.433333333333334
2022-07-09 09:30:00,23.366666666666664
2022-07-09 10:00:00,23.316666666666666
2022-07-09 10:30:00,23.266666666666666
2022-07-09 11:00:00,23.2
2022-07-09 11:30:00,23.183333333333334
2022-07-09 12:00:00,23.133333333333336
2022-07-09 12:30:00,23.116666666666664
2022-07-09 13:00:00,23.133333333333336
2022-07-09 13:30:00,23.083333333333332
2022-07-09 14:00:00,23.049999999999997
2022-07-09 14:30:00,23.0
2022-07-09 15:00:00,22.96666666666667
2022-07-09 15:30:00,22.849999999999998
2022-07-09 16:00:00,24.633333333333336
2022-07-09 16:30:00,24.400000000000002
2022-07-09 17:00:00,24.25
2022-07-09 17:30:00,24.25
2022-07-09 18:00:00,24.266666666666666
2022-07-09 18:30:00,24.25
2022-07-09 19:00:00,24.25
2022-07-09 19:30:00,24.233333333333334
2022-07-09 20:00:00,24.216666666666665
2022-07-09 20:30:00,24.21666666666667
2022-07-09 21:00:00,24.2
2022-07-09 21:30:00,24.25
2022-07-09 22:00:00,24.316666666666666
2022-07-09 22:30:00,24.383333333333336
2022-07-09 23:00:00,24.416666666666668
2022-07-09 23:30:00,24.45
2022-07-10 00:00:00,24.5
2022-07-10 00:30:00,24.53333333333333
2022-07-10 01:00:00,24.55
2022-07-10 01:30:00,24.583333333333332
2022-07-10 02:00:00,24.599999999999998
2022-07-10 02:30:00,24.633333333333336
2022-07-10 03:00:00,24.633333333333336
2022-07-10 03:30:00,24.666666666666668
2022-07-10 04:00:00,24.7
2022-07-10 04:30:00,24.7
2022-07-10 05:00:00,24.7
2022-07-10 05:30:00,24.733333333333334
2022-07-10 06:00:00,24.733333333333334
2022-07-10 06:30:00,24.75
2022-07-10 07:00:00,24.8
2022-07-10 07:30:00,24.850000000000005
2022-07-10 08:00:00,24.883333333333336
2022-07-10 08:30:00,24.833333333333332
2022-07-10 09:00:00,24.816666666666666
2022-07-10 09:30:00,24.78333333333333
2022-07-10 10:00:00,24.75
2022-07-10 10:30:00,24.683333333333337
2022-07-10 11:00:00,24.649999999999995
2022-07-10 11:30:00,24.616666666666664
2022-07-10 12:00:00,24.566666666666663
2022-07-10 12:30:00,24.516666666666666
2022-07-10 13:00:00,24.46666666666667
2022-07-10 13:30:00,24.46666666666667
2022-07-10 14:00:00,24.433333333333334
2022-07-10 14:30:00,24.416666666666668
2022-07-10 15:00:00,24.399999999999995
2022-07-10 15:30:00,24.316666666666666
2022-07-10 16:00:00,24.25
2022-07-10 16:30:00,24.2
2022-07-10 17:00:00,24.083333333333332
2022-07-10 17:30:00,24.066666666666666
2022-07-10 18:00:00,24.066666666666666
2022-07-10 18:30:00,24.03333333333333
2022-07-10 19:00:00,24.0
2022-07-10 19:30:00,23.96666666666667
2022-07-10 20:00:00,23.95
2022-07-10 20:30:00,23.900000000000002
2022-07-10 21:00:00,23.883333333333336
2022-07-10 21:30:00,23.900000000000002
2022-07-10 22:00:00,23.900000000000002
2022-07-10 22:30:00,23.900000000000002
2022-07-10 23:00:00,23.933333333333334
2022-07-10 23:30:00,23.95
2022-07-11 00:00:00,23.966666666666665
2022-07-11 00:30:00,23.966666666666665
2022-07-11 01:00:00,23.966666666666665
2022-07-11 01:30:00,24.0
2022-07-11 02:00:00,24.016666666666666
2022-07-11 02:30:00,24.066666666666666
2022-07-11 03:00:00,24.05
2022-07-11 03:30:00,24.066666666666666
2022-07-11 04:00:00,24.116666666666664
2022-07-11 04:30:00,24.150000000000002
2022-07-11 05:00:00,24.183333333333334
2022-07-11 05:30:00,24.216666666666665
2022-07-11 06:00:00,24.25
2022-07-11 06:30:00,24.3
2022-07-11 07:00:00,24.349999999999998
2022-07-11 07:30:00,24.333333333333332
2022-07-11 08:00:00,24.28333333333333
2022-07-11 08:30:00,24.25
2022-07-11 09:00:00,24.183333333333334
2022-07-11 09:30:00,24.116666666666664
2022-07-11 10:00:00,24.033333333333335
2022-07-11 10:30:00,23.933333333333337
2022-07-11 11:00:00,23.899999999999995
2022-07-11 11:30:00,23.8
2022-07-11 12:00:00,23.733333333333334
2022-07-11 12:30:00,23.733333333333334
2022-07-11 13:00:00,23.733333333333334
2022-07-11 13:30:00,23.71666666666667
2022-07-11 14:00:00,23.649999999999995
2022-07-11 14:30:00,23.633333333333336
2022-07-11 15:00:00,23.599999999999998
2022-07-11 15:30:00,23.566666666666666
2022-07-11 16:00:00,23.483333333333334
2022-07-11 16:30:00,23.433333333333334
2022-07-11 17:00:00,23.416666666666668
2022-07-11 17:30:00,23.400000000000002
2022-07-11 18:00:00,23.400000000000002
2022-07-11 18:30:00,23.38333333333333
2022-07-11 19:00:00,23.333333333333332
2022-07-11 19:30:00,23.316666666666666
2022-07-11 20:00:00,23.299999999999997
2022-07-11 20:30:00,23.28333333333333
2022-07-11 21:00:00,23.3
2022-07-11 21:30:00,23.3
2022-07-11 22:00:00,23.316666666666666
2022-07-11 22:30:00,23.333333333333332
2022-07-11 23:00:00,23.36666666666667
2022-07-11 23:30:00,23.36666666666667
2022-07-12 00:00:00,23.366666666666664
2022-07-12 00:30:00,23.383333333333336
2022-07-12 01:00:00,23.416666666666668
2022-07-12 01:30:00,23.433333333333337
2022-07-12 02:00:00,23.48333333333333
2022-07-12 02:30:00,23.516666666666666
2022-07-12 03:00:00,23.533333333333335
2022-07-12 03:30:00,23.566666666666666
2022-07-12 04:00:00,23.599999999999998
2022-07-12 04:30:00,23.599999999999998
2022-07-12 05:00:00,23.650000000000002
2022-07-12 05:30:00,23.683333333333334
2022-07-12 06:00:00,23.7
2022-07-12 06:30:00,23.683333333333334
2022-07-12 07:00:00,23.650000000000002
2022-07-12 07:30:00,23.633333333333336
2022-07-12 08:00:00,23.633333333333336
2022-07-12 08:30:00,23.616666666666664
2022-07-12 09:00:00,23.599999999999998
2022-07-12 09:30:00,23.53333333333333
2022-07-12 10:00:00,23.516666666666666
2022-07-12 10:30:00,23.5
2022-07-12 11:00:00,23.433333333333334
2022-07-12 11:30:00,23.433333333333334
2022-07-12 12:00:00,23.433333333333334
2022-07-12 12:30:00,23.433333333333337
2022-07-12 13:00:00,23.416666666666668
2022-07-12 13:30:00,23.383333333333336
2022-07-12 14:00:00,23.383333333333336
2022-07-12 14:30:00,23.416666666666668
2022-07-12 15:00:00,23.433333333333334
2022-07-12 15:30:00,23.45
2022-07-12 16:00:00,23.46666666666667
2022-07-12 16:30:00,23.483333333333334
2022-07-12 17:00:00,23.416666666666668
2022-07-12 17:30:00,23.366666666666664
2022-07-12 18:00:00,23.349999999999998
2022-07-12 18:30:00,23.333333333333332
2022-07-12 19:00:00,23.333333333333332
2022-07-12 19:30:00,23.333333333333332
2022-07-12 20:00:00,23.333333333333332
2022-07-12 20:30:00,23.333333333333332
2022-07-12 21:00:00,23.3
2022-07-12 21:30:00,23.3
2022-07-12 22:00:00,23.266666666666666
2022-07-12 22:30:00,23.266666666666666
2022-07-12 23:00:00,23.266666666666666
2022-07-12 23:30:00,23.266666666666666
2022-07-13 00:00:00,23.266666666666666
2022-07-13 00:30:00,23.266666666666666
2022-07-13 01:00:00,23.28333333333333
2022-07-13 01:30:00,23.3
2022-07-13 02:00:00,23.349999999999998
2022-07-13 02:30:00,23.366666666666664
2022-07-13 03:00:00,23.383333333333336
2022-07-13 03:30:00,23.400000000000002
2022-07-13 04:00:00,23.400000000000002
2022-07-13 04:30:00,23.400000000000002
2022-07-13 05:00:00,23.400000000000002
2022-07-13 05:30:00,23.400000000000002
2022-07-13 06:00:00,23.400000000000002
2022-07-13 06:30:00,23.400000000000002
2022-07-13 07:00:00,23.433333333333334
2022-07-13 07:30:00,23.433333333333334
2022-07-13 08:00:00,23.416666666666668
2022-07-13 08:30:00,23.416666666666668
2022-07-13 09:00:00,23.433333333333337
2022-07-13 09:30:00,23.433333333333337
2022-07-13 10:00:00,23.400000000000002
2022-07-13 10:30:00,23.400000000000002
2022-07-13 11:00:00,23.416666666666668
2022-07-13 11:30:00,23.433333333333334
2022-07-13 12:00:00,23.433333333333334
2022-07-13 12:30:00,23.433333333333334
2022-07-13 13:00:00,23.433333333333334
2022-07-13 13:30:00,23.433333333333334
2022-07-13 14:00:00,23.383333333333336
2022-07-13 14:30:00,23.383333333333336
2022-07-13 15:00:00,23.45
2022-07-13 15:30:00,23.48333333333333
2022-07-13 16:00:00,23.53333333333333
2022-07-13 16:30:00,23.583333333333332
2022-07-13 17:00:00,23.633333333333336
2022-07-13 17:30:00,23.666666666666668
2022-07-13 18:00:00,23.666666666666668
2022-07-13 18:30:00,23.649999999999995
2022-07-13 19:00:00,23.649999999999995
2022-07-13 19:30:00,23.650000000000002
2022-07-13 20:00:00,23.666666666666668
2022-07-13 20:30:00,23.7
2022-07-13 21:00:00,23.733333333333334
2022-07-13 21:30:00,23.733333333333334
2022-07-13 22:00:00,23.75
2022-07-13 22:30:00,23.833333333333332
2022-07-13 23:00:00,23.88333333333333
2022-07-13 23:30:00,24.0
2022-07-14 00:00:00,24.03333333333333
2022-07-14 00:30:00,24.116666666666664
2022-07-14 01:00:00,24.149999999999995
2022-07-14 01:30:00,24.183333333333334
2022-07-14 02:00:00,24.2
2022-07-14 02:30:00,24.2
2022-07-14 03:00:00,24.23333333333333
2022-07-14 03:30:00,24.26666666666667
2022-07-14 04:00:00,24.3
2022-07-14 04:30:00,24.333333333333332
2022-07-14 05:00:00,24.333333333333332
2022-07-14 05:30:00,24.349999999999998
2022-07-14 06:00:00,24.383333333333336
2022-07-14 06:30:00,24.416666666666668
2022-07-14 07:00:00,24.46666666666667
2022-07-14 07:30:00,24.46666666666667
2022-07-14 08:00:00,24.46666666666667
2022-07-14 08:30:00,24.46666666666667
2022-07-14 09:00:00,24.483333333333334
2022-07-14 09:30:00,24.5
2022-07-14 10:00:00,24.5
2022-07-14 10:30:00,24.5
2022-07-14 11:00:00,24.5
2022-07-14 11:30:00,24.46666666666667
2022-07-14 12:00:00,24.433333333333337
2022-07-14 12:30:00,24.433333333333337
2022-07-14 13:00:00,24.433333333333337
2022-07-14 13:30:00,24.45
2022-07-14 14:00:00,24.45
2022-07-14 14:30:00,24.416666666666668
2022-07-14 15:00:00,24.400000000000002
2022-07-14 15:30:00,24.366666666666664
2022-07-14 16:00:00,24.349999999999998
2022-07-14 16:30:00,24.266666666666666
2022-07-14 17:00:00,24.25
2022-07-14 17:30:00,24.21666666666667
2022-07-14 18:00:00,24.149999999999995
2022-07-14 18:30:00,24.133333333333336
2022-07-14 19:00:00,24.133333333333336
2022-07-14 19:30:00,24.116666666666664
2022-07-14 20:00:00,24.116666666666664
2022-07-14 20:30:00,24.099999999999998
2022-07-14 21:00:00,24.133333333333336
2022-07-14 21:30:00,24.133333333333336
2022-07-14 22:00:00,24.133333333333336
2022-07-14 22:30:00,24.166666666666668
2022-07-14 23:00:00,24.233333333333334
2022-07-14 23:30:00,24.25
2022-07-15 00:00:00,24.26666666666667
2022-07-15 00:30:00,24.25
2022-07-15 01:00:00,24.316666666666663
2022-07-15 01:30:00,24.333333333333332
2022-07-15 02:00:00,24.333333333333332
2022-07-15 02:30:00,24.383333333333336
2022-07-15 03:00:00,24.399999999999995
2022-07-15 03:30:00,24.433333333333334
2022-07-15 04:00:00,24.5
2022-07-15 04:30:00,24.599999999999998
2022-07-15 05:00:00,24.616666666666664
2022-07-15 05:30:00,24.650000000000002
2022-07-15 06:00:00,24.71666666666667
2022-07-15 06:30:00,24.78333333333333
2022-07-15 07:00:00,24.816666666666666
2022-07-15 07:30:00,24.833333333333332
2022-07-15 08:00:00,24.833333333333332
2022-07-15 08:30:00,24.766666666666666
2022-07-15 09:00:00,24.7
2022-07-15 09:30:00,24.61666666666667
2022-07-15 10:00:00,24.53333333333333
2022-07-15 10:30:00,24.433333333333337
2022-07-15 11:00:00,24.416666666666668
2022-07-15 11:30:00,24.433333333333337
2022-07-15 12:00:00,24.366666666666664
2022-07-15 12:30:00,24.333333333333332
2022-07-15 13:00:00,24.349999999999998
2022-07-15 13:30:00,24.366666666666664
2022-07-15 14:00:00,24.366666666666664
2022-07-15 14:30:00,24.349999999999998
2022-07-15 15:00:00,24.28333333333333
2022-07-15 15:30:00,24.233333333333334
2022-07-15 16:00:00,24.233333333333334
2022-07-15 16:30:00,24.183333333333334
2022-07-15 17:00:00,24.166666666666668
2022-07-15 17:30:00,24.066666666666663
2022-07-15 18:00:00,24.05
2022-07-15 18:30:00,24.03333333333333
2022-07-15 19:00:00,24.0
2022-07-15 19:30:00,23.96666666666667
2022-07-15 20:00:00,23.96666666666667
2022-07-15 20:30:00,23.95
2022-07-15 21:00:00,23.95
2022-07-15 21:30:00,23.966666666666665
2022-07-15 22:00:00,23.983333333333334
2022-07-15 22:30:00,24.03333333333333
2022-07-15 23:00:00,24.066666666666666
2022-07-15 23:30:00,24.133333333333336
2022-07-16 00:00:00,24.2
2022-07-16 00:30:00,24.266666666666666
2022-07-16 01:00:00,24.3
2022-07-16 01:30:00,24.28333333333333
2022-07-16 02:00:00,24.333333333333332
2022-07-16 02:30:00,24.400000000000002
2022-07-16 03:00:00,24.433333333333334
2022-07-16 03:30:00,24.5
2022-07-16 04:00:00,24.53333333333333
2022-07-16 04:30:00,24.53333333333333
2022-07-16 05:00:00,24.583333333333332
2022-07-16 05:30:00,24.61666666666667
2022-07-16 06:00:00,24.633333333333336
2022-07-16 06:30:00,24.666666666666668
2022-07-16 07:00:00,24.683333333333334
2022-07-16 07:30:00,24.666666666666668
2022-07-16 08:00:00,24.650000000000002
2022-07-16 08:30:00,24.616666666666664
2022-07-16 09:00:00,24.566666666666666
2022-07-16 09:30:00,24.566666666666663
2022-07-16 10:00:00,24.483333333333334
2022-07-16 10:30:00,24.45
2022-07-16 11:00:00,24.400000000000002
2022-07-16 11:30:00,24.400000000000002
2022-07-16 12:00:00,24.366666666666664
2022-07-16 12:30:00,24.366666666666664
2022-07-16 13:00:00,24.366666666666664
2022-07-16 13:30:00,24.28333333333333
2022-07-16 14:00:00,24.233333333333334
2022-07-16 14:30:00,24.316666666666666
2022-07-16 15:00:00,24.433333333333334
2022-07-16 15:30:00,24.55
2022-07-16 16:00:00,24.516666666666666
2022-07-16 16:30:00,24.566666666666666
2022-07-16 17:00:00,24.616666666666664
2022-07-16 17:30:00,24.616666666666664
2022-07-16 18:00:00,24.666666666666668
2022-07-16 18:30:00,24.683333333333334
2022-07-16 19:00:00,24.75
2022-07-16 19:30:00,24.7
2022-07-16 20:00:00,24.7
2022-07-16 20:30:00,24.7
2022-07-16 21:00:00,24.733333333333334
2022-07-16 21:30:00,24.78333333333333
2022-07-16 22:00:00,24.816666666666666
2022-07-16 22:30:00,24.833333333333332
2022-07-16 23:00:00,24.850000000000005
2022-07-16 23:30:00,24.933333333333334
2022-07-17 00:00:00,24.96666666666667
2022-07-17 00:30:00,25.0
2022-07-17 01:00:00,25.016666666666666
2022-07-17 01:30:00,25.03333333333333
2022-07-17 02:00:00,25.03333333333333
2022-07-17 02:30:00,25.083333333333332
2022-07-17 03:00:00,25.099999999999998
2022-07-17 03:30:00,25.099999999999998
2022-07-17 04:00:00,25.099999999999998
2022-07-17 04:30:00,25.099999999999998
2022-07-17 05:00:00,25.099999999999998
2022-07-17 05:30:00,25.099999999999998
2022-07-17 06:00:00,25.133333333333336
2022-07-17 06:30:00,25.166666666666668
2022-07-17 07:00:00,25.166666666666668
2022-07-17 07:30:00,25.2
2022-07-17 08:00:00,25.216666666666665
2022-07-17 08:30:00,25.233333333333334
2022-07-17 09:00:00,25.233333333333334
2022-07-17 09:30:00,25.233333333333334
2022-07-17 10:00:00,25.2
2022-07-17 10:30:00,25.166666666666668
2022-07-17 11:00:00,25.133333333333336
2022-07-17 11:30:00,25.150000000000002
2022-07-17 12:00:00,25.066666666666666
2022-07-17 12:30:00,25.083333333333332
2022-07-17 13:00:00,25.016666666666666
2022-07-17 13:30:00,25.033333333333335
2022-07-17 14:00:00,25.666666666666668
2022-07-17 14:30:00,26.03333333333333
2022-07-17 15:00:00,25.96666666666667
2022-07-17 15:30:00,25.88333333333333
2022-07-17 16:00:00,25.866666666666664
2022-07-17 16:30:00,25.8
2022-07-17 17:00:00,25.75
2022-07-17 17:30:00,25.733333333333334
2022-07-17 18:00:00,25.666666666666668
2022-07-17 18:30:00,25.666666666666668
2022-07-17 19:00:00,25.666666666666668
2022-07-17 19:30:00,25.616666666666664
2022-07-17 20:00:00,25.616666666666664
2022-07-17 20:30:00,25.633333333333336
2022-07-17 21:00:00,25.666666666666668
2022-07-17 21:30:00,25.683333333333334
2022-07-17 22:00:00,25.683333333333334
2022-07-17 22:30:00,25.733333333333334
2022-07-17 23:00:00,25.75
2022-07-17 23:30:00,25.766666666666666
2022-07-18 00:00:00,25.766666666666666
2022-07-18 00:30:00,25.8
2022-07-18 01:00:00,25.8
2022-07-18 01:30:00,25.849999999999998
2022-07-18 02:00:00,25.900000000000002
2022-07-18 02:30:00,25.900000000000002
2022-07-18 03:00:00,25.933333333333337
2022-07-18 03:30:00,25.96666666666667
2022-07-18 04:00:00,26.0
2022-07-18 04:30:00,26.016666666666666
2022-07-18 05:00:00,26.03333333333333
2022-07-18 05:30:00,26.03333333333333
2022-07-18 06:00:00,26.03333333333333
2022-07-18 06:30:00,26.049999999999997
2022-07-18 07:00:00,26.083333333333332
2022-07-18 07:30:00,26.133333333333336
2022-07-18 08:00:00,26.083333333333332
2022-07-18 08:30:00,26.066666666666666
2022-07-18 09:00:00,26.05
2022-07-18 09:30:00,26.01666666666667
2022-07-18 10:00:00,25.95
2022-07-18 10:30:00,25.899999999999995
2022-07-18 11:00:00,25.849999999999998
2022-07-18 11:30:00,25.78333333333333
2022-07-18 12:00:00,25.75
2022-07-18 12:30:00,25.7
2022-07-18 13:00:00,25.649999999999995
2022-07-18 13:30:00,25.583333333333332
2022-07-18 14:00:00,25.566666666666666
2022-07-18 14:30:00,25.55
2022-07-18 15:00:00,25.516666666666666
2022-07-18 15:30:00,25.45
2022-07-18 16:00:00,25.400000000000002
2022-07-18 16:30:00,25.400000000000002
2022-07-18 17:00:00,25.333333333333332
2022-07-18 17:30:00,25.333333333333332
2022-07-18 18:00:00,25.3
2022-07-18 18:30:00,25.3
2022-07-18 19:00:00,25.266666666666666
2022-07-18 19:30:00,25.266666666666666
2022-07-18 20:00:00,25.233333333333334
2022-07-18 20:30:00,25.2
2022-07-18 21:00:00,25.2
2022-07-18 21:30:00,25.233333333333334
2022-07-18 22:00:00,25.233333333333334
2022-07-18 22:30:00,25.233333333333334
2022-07-18 23:00:00,25.28333333333333
2022-07-18 23:30:00,25.28333333333333
2022-07-19 00:00:00,25.333333333333332
2022-07-19 00:30:00,25.366666666666664
2022-07-19 01:00:00,25.383333333333336
2022-07-19 01:30:00,25.399999999999995
2022-07-19 02:00:00,25.46666666666667
2022-07-19 02:30:00,25.5
2022-07-19 03:00:00,25.516666666666666
2022-07-19 03:30:00,25.55
2022-07-19 04:00:00,25.53333333333333
2022-07-19 04:30:00,25.53333333333333
2022-07-19 05:00:00,25.55
2022-07-19 05:30:00,25.566666666666666
2022-07-19 06:00:00,25.633333333333336
2022-07-19 06:30:00,25.683333333333334
2022-07-19 07:00:00,25.683333333333334
2022-07-19 07:30:00,25.650000000000002
2022-07-19 08:00:00,25.650000000000002
2022-07-19 08:30:00,25.633333333333336
2022-07-19 09:00:00,25.55
2022-07-19 09:30:00,25.53333333333333
2022-07-19 10:00:00,25.5
2022-07-19 10:30:00,25.45
2022-07-19 11:00:00,25.383333333333336
2022-07-19 11:30:00,25.333333333333332
2022-07-19 12:00:00,25.28333333333333
2022-07-19 12:30:00,25.266666666666666
2022-07-19 13:00:00,25.2
2022-07-19 13:30:00,25.166666666666668
2022-07-19 14:00:00,27.266666666666666
2022-07-19 14:30:00,28.649999999999995
2022-07-19 15:00:00,27.916666666666668
2022-07-19 15:30:00,27.650000000000002
2022-07-19 16:00:00,27.516666666666666
2022-07-19 16:30:00,27.433333333333334
2022-07-19 17:00:00,27.349999999999998
2022-07-19 17:30:00,27.28333333333333
2022-07-19 18:00:00,27.2
2022-07-19 18:30:00,27.083333333333332
2022-07-19 19:00:00,26.98333333333333
2022-07-19 19:30:00,26.916666666666668
2022-07-19 20:00:00,26.899999999999995
2022-07-19 20:30:00,26.850000000000005
2022-07-19 21:00:00,26.849999999999998
2022-07-19 21:30:00,26.883333333333336
2022-07-19 22:00:00,26.933333333333334
2022-07-19 22:30:00,26.966666666666665
2022-07-19 23:00:00,27.0
2022-07-19 23:30:00,27.099999999999998
2022-07-20 00:00:00,27.133333333333336
2022-07-20 00:30:00,27.149999999999995
2022-07-20 01:00:00,27.21666666666667
2022-07-20 01:30:00,27.28333333333333
2022-07-20 02:00:00,27.266666666666666
2022-07-20 02:30:00,27.28333333333333
2022-07-20 03:00:00,27.3
2022-07-20 03:30:00,27.316666666666663
2022-07-20 04:00:00,27.333333333333332
2022-07-20 04:30:00,27.383333333333336
2022-07-20 05:00:00,27.366666666666664
2022-07-20 05:30:00,27.433333333333337
2022-07-20 06:00:00,27.46666666666667
2022-07-20 06:30:00,27.46666666666667
2022-07-20 07:00:00,27.483333333333334
2022-07-20 07:30:00,27.483333333333334
2022-07-20 08:00:00,27.41666666666666
2022-07-20 08:30:00,27.349999999999998
2022-07-20 09:00:00,27.266666666666666
2022-07-20 09:30:00,27.2
2022-07-20 10:00:00,27.116666666666664
2022-07-20 10:30:00,27.05
2022-07-20 11:00:00,26.983333333333334
2022-07-20 11:30:00,26.916666666666668
2022-07-20 12:00:00,26.866666666666664
2022-07-20 12:30:00,26.833333333333332
2022-07-20 13:00:00,26.766666666666666
2022-07-20 13:30:00,26.7
2022-07-20 14:00:00,26.650000000000002
2022-07-20 14:30:00,26.583333333333332
2022-07-20 15:00:00,26.55
2022-07-20 15:30:00,26.483333333333334
2022-07-20 16:00:00,26.433333333333337
2022-07-20 16:30:00,26.400000000000002
2022-07-20 17:00:00,26.366666666666664
2022-07-20 17:30:00,26.3
2022-07-20 18:00:00,26.266666666666666
2022-07-20 18:30:00,26.2
2022-07-20 19:00:00,26.166666666666668
2022-07-20 19:30:00,26.11666666666667
2022-07-20 20:00:00,26.066666666666666
2022-07-20 20:30:00,26.066666666666666
2022-07-20 21:00:00,26.05
2022-07-20 21:30:00,26.05
2022-07-20 22:00:00,26.066666666666666
2022-07-20 22:30:00,26.116666666666664
2022-07-20 23:00:00,26.166666666666668
2022-07-20 23:30:00,26.2
2022-07-21 00:00:00,26.2
2022-07-21 00:30:00,26.28333333333333
2022-07-21 01:00:00,26.3
2022-07-21 01:30:00,26.366666666666664
2022-07-21 02:00:00,26.399999999999995
2022-07-21 02:30:00,26.416666666666668
2022-07-21 03:00:00,26.45
2022-07-21 03:30:00,26.516666666666666
2022-07-21 04:00:00,26.516666666666666
2022-07-21 04:30:00,26.55
2022-07-21 05:00:00,26.600000000000005
2022-07-21 05:30:00,26.650000000000002
2022-07-21 06:00:00,26.683333333333337
2022-07-21 06:30:00,26.733333333333334
2022-07-21 07:00:00,26.733333333333334
2022-07-21 07:30:00,26.75
2022-07-21 08:00:00,26.71666666666667
2022-07-21 08:30:00,26.616666666666664
2022-07-21 09:00:00,26.583333333333332
2022-07-21 09:30:00,26.51666666666667
2022-07-21 10:00:00,26.46666666666667
2022-07-21 10:30:00,26.416666666666668
2022-07-21 11:00:00,26.383333333333336
2022-07-21 11:30:00,26.316666666666666
2022-07-21 12:00:00,26.26666666666667
2022-07-21 12:30:00,26.25
2022-07-21 13:00:00,26.23333333333333
2022-07-21 13:30:00,26.183333333333334
2022-07-21 14:00:00,26.133333333333336
2022-07-21 14:30:00,26.066666666666666
2022-07-21 15:00:00,26.0
2022-07-21 15:30:00,25.96666666666667
2022-07-21 16:00:00,25.899999999999995
2022-07-21 16:30:00,25.866666666666664
2022-07-21 17:00:00,25.816666666666666
2022-07-21 17:30:00,25.75
2022-07-21 18:00:00,25.7
2022-07-21 18:30:00,25.666666666666668
2022-07-21 19:00:00,25.616666666666664
2022-07-21 19:30:00,25.55
2022-07-21 20:00:00,25.516666666666666
2022-07-21 20:30:00,25.483333333333334
2022-07-21 21:00:00,25.416666666666668
2022-07-21 21:30:00,25.433333333333334
2022-07-21 22:00:00,25.433333333333334
2022-07-21 22:30:00,25.466666666666665
2022-07-21 23:00:00,25.516666666666666
2022-07-21 23:30:00,25.53333333333333
2022-07-22 00:00:00,25.566666666666666
2022-07-22 00:30:00,25.599999999999998
2022-07-22 01:00:00,25.683333333333334
2022-07-22 01:30:00,25.7
2022-07-22 02:00:00,25.75
2022-07-22 02:30:00,25.766666666666666
2022-07-22 03:00:00,25.78333333333333
2022-07-22 03:30:00,25.8
2022-07-22 04:00:00,25.8
2022-07-22 04:30:00,25.8
2022-07-22 05:00:00,25.849999999999998
2022-07-22 05:30:00,25.883333333333336
2022-07-22 06:00:00,25.900000000000002
2022-07-22 06:30:00,25.88333333333333
2022-07-22 07:00:00,25.899999999999995
2022-07-22 07:30:00,25.86666666666667
2022-07-22 08:00:00,25.816666666666666
2022-07-22 08:30:00,25.75
2022-07-22 09:00:00,25.683333333333334
2022-07-22 09:30:00,25.7
2022-07-22 10:00:00,25.63333333333333
2022-07-22 10:30:00,25.63333333333333
2022-07-22 11:00:00,25.566666666666666
2022-07-22 11:30:00,25.566666666666666
2022-07-22 12:00:00,25.516666666666666
2022-07-22 12:30:00,25.5
2022-07-22 13:00:00,25.45
2022-07-22 13:30:00,25.400000000000002
2022-07-22 14:00:00,25.350000000000005
2022-07-22 14:30:00,25.28333333333333
2022-07-22 15:00:00,25.233333333333334
2022-07-22 15:30:00,25.133333333333336
2022-07-22 16:00:00,25.116666666666664
2022-07-22 16:30:00,25.066666666666666
2022-07-22 17:00:00,25.03333333333333
2022-07-22 17:30:00,24.983333333333334
2022-07-22 18:00:00,24.95
2022-07-22 18:30:00,24.883333333333336
2022-07-22 19:00:00,24.866666666666664
2022-07-22 19:30:00,24.833333333333332
2022-07-22 20:00:00,24.8
2022-07-22 20:30:00,24.75
2022-07-22 21:00:00,24.733333333333334
2022-07-22 21:30:00,24.71666666666667
2022-07-22 22:00:00,24.683333333333334
2022-07-22 22:30:00,24.666666666666668
2022-07-22 23:00:00,24.683333333333334
2022-07-22 23:30:00,24.71666666666667
2022-07-23 00:00:00,24.766666666666666
2022-07-23 00:30:00,24.783333333333335
2022-07-23 01:00:00,24.8
2022-07-23 01:30:00,24.850000000000005
2022-07-23 02:00:00,24.900000000000002
2022-07-23 02:30:00,24.900000000000002
2022-07-23 03:00:00,24.900000000000002
2022-07-23 03:30:00,24.900000000000002
2022-07-23 04:00:00,25.016666666666666
2022-07-23 04:30:00,25.03333333333333
2022-07-23 05:00:00,25.099999999999998
2022-07-23 05:30:00,25.11666666666667
2022-07-23 06:00:00,25.166666666666668
2022-07-23 06:30:00,25.166666666666668
2022-07-23 07:00:00,25.233333333333334
2022-07-23 07:30:00,25.266666666666666
2022-07-23 08:00:00,25.266666666666666
2022-07-23 08:30:00,25.266666666666666
2022-07-23 09:00:00,25.233333333333334
2022-07-23 09:30:00,25.233333333333334
2022-07-23 10:00:00,25.233333333333334
2022-07-23 10:30:00,25.283333333333335
2022-07-23 11:00:00,25.333333333333332
2022-07-23 11:30:00,25.383333333333336
2022-07-23 12:00:00,25.349999999999998
2022-07-23 12:30:00,25.316666666666666
2022-07-23 13:00:00,25.25
2022-07-23 13:30:00,25.2
2022-07-23 14:00:00,25.149999999999995
2022-07-23 14:30:00,25.133333333333336
2022-07-23 15:00:00,26.399999999999995
2022-07-23 15:30:00,26.633333333333336
2022-07-23 16:00:00,26.75
2022-07-23 16:30:00,27.616666666666664
2022-07-23 17:00:00,30.066666666666666
2022-07-23 17:30:00,30.399999999999995
2022-07-23 18:00:00,29.833333333333332
2022-07-23 18:30:00,30.399999999999995
2022-07-23 19:00:00,31.583333333333332
2022-07-23 19:30:00,31.03333333333333
2022-07-23 20:00:00,31.03333333333333
2022-07-23 20:30:00,31.016666666666666
2022-07-23 21:00:00,30.933333333333334
2022-07-23 21:30:00,31.75
2022-07-23 22:00:00,31.316666666666674
2022-07-23 22:30:00,31.183333333333337
2022-07-23 23:00:00,31.116666666666664
2022-07-23 23:30:00,31.13333333333333
2022-07-24 00:00:00,31.13333333333333
2022-07-24 00:30:00,31.166666666666668
2022-07-24 01:00:00,31.25
2022-07-24 01:30:00,31.266666666666666
2022-07-24 02:00:00,31.28333333333333
2022-07-24 02:30:00,31.366666666666664
2022-07-24 03:00:00,31.399999999999995
2022-07-24 03:30:00,31.416666666666668
2022-07-24 04:00:00,31.46666666666667
2022-07-24 04:30:00,31.48333333333333
2022-07-24 05:00:00,31.649999999999995
2022-07-24 05:30:00,31.433333333333337
2022-07-24 06:00:00,31.45
2022-07-24 06:30:00,31.46666666666667
2022-07-24 07:00:00,31.45
2022-07-24 07:30:00,31.433333333333337
2022-07-24 08:00:00,31.45
2022-07-24 08:30:00,31.46666666666667
2022-07-24 09:00:00,31.483333333333334
2022-07-24 09:30:00,31.46666666666667
2022-07-24 10:00:00,31.400000000000002
2022-07-24 10:30:00,31.366666666666664
2022-07-24 11:00:00,31.333333333333332
2022-07-24 11:30:00,31.316666666666663
2022-07-24 12:00:00,31.28333333333333
2022-07-24 12:30:00,31.21666666666667
2022-07-24 13:00:00,31.183333333333334
2022-07-24 13:30:00,31.149999999999995
2022-07-24 14:00:00,31.133333333333336
2022-07-24 14:30:00,31.133333333333336
2022-07-24 15:00:00,31.083333333333332
2022-07-24 15:30:00,31.05
2022-07-24 16:00:00,31.0
2022-07-24 16:30:00,30.96666666666667
2022-07-24 17:00:00,30.96666666666667
2022-07-24 17:30:00,30.91666666666667
2022-07-24 18:00:00,30.866666666666664
2022-07-24 18:30:00,30.866666666666664
2022-07-24 19:00:00,30.866666666666664
2022-07-24 19:30:00,30.850000000000005
2022-07-24 20:00:00,30.833333333333332
2022-07-24 20:30:00,30.850000000000005
2022-07-24 21:00:00,30.833333333333332
2022-07-24 21:30:00,30.849999999999998
2022-07-24 22:00:00,30.91666666666666
2022-07-24 22:30:00,30.966666666666665
2022-07-24 23:00:00,30.966666666666665
2022-07-24 23:30:00,31.016666666666666
2022-07-25 00:00:00,31.03333333333333
2022-07-25 00:30:00,31.099999999999994
2022-07-25 01:00:00,31.149999999999995
2022-07-25 01:30:00,31.23333333333333
2022-07-25 02:00:00,31.3
2022-07-25 02:30:00,31.316666666666663
2022-07-25 03:00:00,31.5
2022-07-25 03:30:00,31.45
2022-07-25 04:00:00,31.5
2022-07-25 04:30:00,31.53333333333333
2022-07-25 05:00:00,31.55
2022-07-25 05:30:00,31.616666666666664
2022-07-25 06:00:00,31.649999999999995
2022-07-25 06:30:00,31.649999999999995
2022-07-25 07:00:00,31.666666666666668
2022-07-25 07:30:00,31.7
2022-07-25 08:00:00,31.666666666666668
2022-07-25 08:30:00,31.649999999999995
2022-07-25 09:00:00,31.600000000000005
2022-07-25 09:30:00,31.53333333333333
2022-07-25 10:00:00,31.46666666666667
2022-07-25 10:30:00,31.416666666666668
2022-07-25 11:00:00,31.333333333333332
2022-07-25 11:30:00,31.233333333333334
2022-07-25 12:00:00,31.13333333333333
2022-07-25 12:30:00,31.016666666666666
2022-07-25 13:00:00,30.933333333333334
2022-07-25 13:30:00,30.86666666666667
2022-07-25 14:00:00,30.8
2022-07-25 14:30:00,30.76666666666667
2022-07-25 15:00:00,30.71666666666667
2022-07-25 15:30:00,30.650000000000002
2022-07-25 16:00:00,30.566666666666666
2022-07-25 16:30:00,30.5
2022-07-25 17:00:00,30.45
2022-07-25 17:30:00,30.38333333333333
2022-07-25 18:00:00,30.333333333333332
2022-07-25 18:30:00,30.299999999999997
2022-07-25 19:00:00,30.299999999999997
2022-07-25 19:30:00,30.25
2022-07-25 20:00:00,30.233333333333334
2022-07-25 20:30:00,30.233333333333334
2022-07-25 21:00:00,30.400000000000002
2022-07-25 21:30:00,30.433333333333334
2022-07-25 22:00:00,30.433333333333334
2022-07-25 22:30:00,30.433333333333334
2022-07-25 23:00:00,30.5
2022-07-25 23:30:00,30.700000000000003
2022-07-26 00:00:00,30.566666666666666
2022-07-26 00:30:00,30.450000000000003
2022-07-26 01:00:00,30.483333333333334
2022-07-26 01:30:00,30.566666666666666
2022-07-26 02:00:00,30.55
2022-07-26 02:30:00,30.46666666666667
2022-07-26 03:00:00,30.533333333333335
2022-07-26 03:30:00,30.58333333333334
2022-07-26 04:00:00,30.599999999999998
2022-07-26 04:30:00,30.633333333333336
2022-07-26 05:00:00,30.633333333333336
2022-07-26 05:30:00,30.66666666666667
2022-07-26 06:00:00,30.683333333333334
2022-07-26 06:30:00,30.700000000000003
2022-07-26 07:00:00,30.71666666666667
2022-07-26 07:30:00,30.716666666666665
2022-07-26 08:00:00,30.700000000000003
2022-07-26 08:30:00,30.666666666666668
2022-07-26 09:00:00,30.649999999999995
2022-07-26 09:30:00,30.583333333333332
2022-07-26 10:00:00,30.51666666666667
2022-07-26 10:30:00,30.38333333333333
2022-07-26 11:00:00,30.399999999999995
2022-07-26 11:30:00,30.283333333333335
2022-07-26 12:00:00,30.266666666666666
2022-07-26 12:30:00,30.26666666666667
2022-07-26 13:00:00,30.183333333333337
2022-07-26 13:30:00,30.116666666666664
2022-07-26 14:00:00,30.066666666666666
2022-07-26 14:30:00,29.983333333333334
2022-07-26 15:00:00,29.950000000000003
2022-07-26 15:30:00,29.96666666666667
2022-07-26 16:00:00,29.98333333333333
2022-07-26 16:30:00,30.03333333333333
2022-07-26 17:00:00,30.066666666666663
2022-07-26 17:30:00,30.03333333333333
2022-07-26 18:00:00,30.03333333333333
2022-07-26 18:30:00,30.066666666666663
2022-07-26 19:00:00,30.066666666666663
2022-07-26 19:30:00,30.066666666666663
2022-07-26 20:00:00,30.05
2022-07-26 20:30:00,30.05
2022-07-26 21:00:00,30.100000000000005
2022-07-26 21:30:00,30.133333333333336
2022-07-26 22:00:00,30.133333333333336
2022-07-26 22:30:00,30.166666666666668
2022-07-26 23:00:00,30.23333333333333
2022-07-26 23:30:00,30.383333333333336
2022-07-27 00:00:00,30.3
2022-07-27 00:30:00,30.316666666666663
2022-07-27 01:00:00,30.383333333333336
2022-07-27 01:30:00,30.416666666666668
2022-07-27 02:00:00,30.46666666666667
2022-07-27 02:30:00,30.5
2022-07-27 03:00:00,30.516666666666666
2022-07-27 03:30:00,30.533333333333335
2022-07-27 04:00:00,30.533333333333335
2022-07-27 04:30:00,30.533333333333335
2022-07-27 05:00:00,30.533333333333335
2022-07-27 05:30:00,30.533333333333335
2022-07-27 06:00:00,30.533333333333335
2022-07-27 06:30:00,30.533333333333335
2022-07-27 07:00:00,30.566666666666666
2022-07-27 07:30:00,30.566666666666666
2022-07-27 08:00:00,30.566666666666666
2022-07-27 08:30:00,30.533333333333335
2022-07-27 09:00:00,30.466666666666665
2022-07-27 09:30:00,30.41666666666666
2022-07-27 10:00:00,30.333333333333332
2022-07-27 10:30:00,30.266666666666666
2022-07-27 11:00:00,30.183333333333334
2022-07-27 11:30:00,30.099999999999998
2022-07-27 12:00:00,30.033333333333335
2022-07-27 12:30:00,30.016666666666666
2022-07-27 13:00:00,30.016666666666666
2022-07-27 13:30:00,29.933333333333337
2022-07-27 14:00:00,29.86666666666667
2022-07-27 14:30:00,29.799999999999997
2022-07-27 15:00:00,29.78333333333333
2022-07-27 15:30:00,29.73333333333333
2022-07-27 16:00:00,29.73333333333333
2022-07-27 16:30:00,29.71666666666667
2022-07-27 17:00:00,29.7
2022-07-27 17:30:00,29.633333333333336
2022-07-27 18:00:00,29.566666666666666
2022-07-27 18:30:00,29.583333333333332
2022-07-27 19:00:00,29.633333333333336
2022-07-27 19:30:00,29.650000000000002
2022-07-27 20:00:00,29.683333333333334
2022-07-27 20:30:00,29.7
2022-07-27 21:00:00,29.71666666666667
2022-07-27 21:30:00,29.766666666666666
2022-07-27 22:00:00,29.816666666666666
2022-07-27 22:30:00,29.866666666666664
2022-07-27 23:00:00,29.866666666666664
2022-07-27 23:30:00,29.933333333333337
2022-07-28 00:00:00,29.933333333333337
2022-07-28 00:30:00,29.98333333333333
2022-07-28 01:00:00,30.03333333333333
2022-07-28 01:30:00,30.066666666666663
2022-07-28 02:00:00,30.116666666666664
2022-07-28 02:30:00,30.133333333333336
2022-07-28 03:00:00,30.149999999999995
2022-07-28 03:30:00,30.183333333333337
2022-07-28 04:00:00,30.25
2022-07-28 04:30:00,30.233333333333334
2022-07-28 05:00:00,30.233333333333334
2022-07-28 05:30:00,30.25
2022-07-28 06:00:00,30.266666666666666
2022-07-28 06:30:00,30.266666666666666
2022-07-28 07:00:00,30.3
2022-07-28 07:30:00,30.316666666666666
2022-07-28 08:00:00,30.299999999999997
2022-07-28 08:30:00,30.28333333333333
2022-07-28 09:00:00,30.266666666666666
2022-07-28 09:30:00,30.21666666666667
2022-07-28 10:00:00,30.16666666666666
2022-07-28 10:30:00,30.099999999999998
2022-07-28 11:00:00,30.066666666666666
2022-07-28 11:30:00,30.016666666666666
2022-07-28 12:00:00,29.900000000000002
2022-07-28 12:30:00,29.833333333333332
2022-07-28 13:00:00,29.833333333333332
2022-07-28 13:30:00,29.833333333333332
2022-07-28 14:00:00,29.75
2022-07-28 14:30:00,29.683333333333334
2022-07-28 15:00:00,29.599999999999998
2022-07-28 15:30:00,29.549999999999997
2022-07-28 16:00:00,29.5
2022-07-28 16:30:00,29.433333333333337
2022-07-28 17:00:00,29.416666666666668
2022-07-28 17:30:00,29.399999999999995
2022-07-28 18:00:00,29.399999999999995
2022-07-28 18:30:00,29.399999999999995
2022-07-28 19:00:00,29.366666666666664
2022-07-28 19:30:00,29.333333333333332
2022-07-28 20:00:00,29.333333333333332
2022-07-28 20:30:00,29.266666666666666
2022-07-28 21:00:00,29.316666666666666
2022-07-28 21:30:00,29.349999999999998
2022-07-28 22:00:00,29.416666666666668
2022-07-28 22:30:00,29.483333333333334
2022-07-28 23:00:00,29.599999999999998
2022-07-28 23:30:00,29.666666666666668
2022-07-29 00:00:00,29.7
2022-07-29 00:30:00,29.78333333333333
2022-07-29 01:00:00,29.86666666666667
2022-07-29 01:30:00,29.916666666666668
2022-07-29 02:00:00,29.950000000000003
2022-07-29 02:30:00,30.016666666666666
2022-07-29 03:00:00,30.066666666666666
2022-07-29 03:30:00,30.083333333333332
2022-07-29 04:00:00,30.099999999999998
2022-07-29 04:30:00,30.13333333333333
2022-07-29 05:00:00,30.13333333333333
2022-07-29 05:30:00,30.133333333333336
2022-07-29 06:00:00,30.166666666666668
2022-07-29 06:30:00,30.166666666666668
2022-07-29 07:00:00,30.166666666666668
2022-07-29 07:30:00,30.166666666666668
2022-07-29 08:00:00,30.149999999999995
2022-07-29 08:30:00,30.133333333333336
2022-07-29 09:00:00,30.133333333333336
2022-07-29 09:30:00,30.083333333333332
2022-07-29 10:00:00,30.016666666666666
2022-07-29 10:30:00,29.933333333333334
2022-07-29 11:00:00,29.866666666666664
2022-07-29 11:30:00,29.783333333333335
2022-07-29 12:00:00,29.71666666666667
2022-07-29 12:30:00,29.666666666666668
2022-07-29 13:00:00,29.600000000000005
2022-07-29 13:30:00,29.583333333333332
2022-07-29 14:00:00,29.483333333333334
2022-07-29 14:30:00,29.45
2022-07-29 15:00:00,29.38333333333333
2022-07-29 15:30:00,29.349999999999998
2022-07-29 16:00:00,29.316666666666666
2022-07-29 16:30:00,29.21666666666667
2022-07-29 17:00:00,29.21666666666667
2022-07-29 17:30:00,29.133333333333336
2022-07-29 18:00:00,29.099999999999998
2022-07-29 18:30:00,29.066666666666666
2022-07-29 19:00:00,29.01666666666667
2022-07-29 19:30:00,28.933333333333326
2022-07-29 20:00:00,28.933333333333326
2022-07-29 20:30:00,28.95
2022-07-29 21:00:00,28.96666666666667
2022-07-29 21:30:00,29.01666666666667
2022-07-29 22:00:00,29.066666666666663
2022-07-29 22:30:00,29.133333333333336
2022-07-29 23:00:00,29.183333333333337
2022-07-29 23:30:00,29.25
2022-07-30 00:00:00,29.299999999999997
2022-07-30 00:30:00,29.333333333333332
2022-07-30 01:00:00,29.36666666666667
2022-07-30 01:30:00,29.383333333333336
2022-07-30 02:00:00,29.400000000000002
2022-07-30 02:30:00,29.41666666666667
2022-07-30 03:00:00,29.433333333333334
2022-07-30 03:30:00,29.433333333333334
2022-07-30 04:00:00,29.450000000000003
2022-07-30 04:30:00,29.46666666666667
2022-07-30 05:00:00,29.483333333333334
2022-07-30 05:30:00,29.53333333333333
2022-07-30 06:00:00,29.53333333333333
2022-07-30 06:30:00,29.53333333333333
2022-07-30 07:00:00,29.516666666666666
2022-07-30 07:30:00,29.466666666666665
2022-07-30 08:00:00,29.466666666666665
2022-07-30 08:30:00,29.433333333333334
2022-07-30 09:00:00,29.38333333333333
2022-07-30 09:30:00,29.366666666666664
2022-07-30 10:00:00,29.299999999999997
2022-07-30 10:30:00,29.28333333333333
2022-07-30 11:00:00,29.266666666666666
2022-07-30 11:30:00,29.21666666666667
2022-07-30 12:00:00,29.2
2022-07-30 12:30:00,29.216666666666665
2022-07-30 13:00:00,29.233333333333334
2022-07-30 13:30:00,29.266666666666666
2022-07-30 14:00:00,29.349999999999998
2022-07-30 14:30:00,29.383333333333336
2022-07-30 15:00:00,29.399999999999995
2022-07-30 15:30:00,29.383333333333336
2022-07-30 16:00:00,29.350000000000005
2022-07-30 16:30:00,29.266666666666666
2022-07-30 17:00:00,29.216666666666665
2022-07-30 17:30:00,29.2
2022-07-30 18:00:00,29.150000000000002
2022-07-30 18:30:00,29.099999999999998
2022-07-30 19:00:00,29.11666666666667
2022-07-30 19:30:00,29.166666666666668
2022-07-30 20:00:00,29.166666666666668
2022-07-30 20:30:00,29.166666666666668
2022-07-30 21:00:00,29.166666666666668
2022-07-30 21:30:00,29.200000000000003
2022-07-30 22:00:00,29.266666666666666
2022-07-30 22:30:00,29.25
2022-07-30 23:00:00,29.299999999999997
2022-07-30 23:30:00,29.333333333333332
2022-07-31 00:00:00,29.333333333333332
2022-07-31 00:30:00,29.41666666666666
2022-07-31 01:00:00,29.466666666666665
2022-07-31 01:30:00,29.53333333333333
2022-07-31 02:00:00,29.566666666666663
2022-07-31 02:30:00,29.583333333333332
2022-07-31 03:00:00,29.616666666666664
2022-07-31 03:30:00,29.600000000000005
2022-07-31 04:00:00,29.616666666666664
2022-07-31 04:30:00,29.683333333333334
2022-07-31 05:00:00,29.683333333333337
2022-07-31 05:30:00,29.7
2022-07-31 06:00:00,29.7
2022-07-31 06:30:00,29.71666666666667
2022-07-31 07:00:00,29.766666666666662
2022-07-31 07:30:00,29.78333333333333
2022-07-31 08:00:00,29.73333333333333
2022-07-31 08:30:00,29.71666666666667
2022-07-31 09:00:00,29.666666666666668
2022-07-31 09:30:00,29.616666666666664
2022-07-31 10:00:00,29.55
2022-07-31 10:30:00,29.46666666666667
2022-07-31 11:00:00,29.416666666666668
2022-07-31 11:30:00,29.350000000000005
2022-07-31 12:00:00,29.28333333333333
2022-07-31 12:30:00,29.183333333333337
2022-07-31 13:00:00,29.099999999999998
2022-07-31 13:30:00,29.0
2022-07-31 14:00:00,28.96666666666667
2022-07-31 14:30:00,28.933333333333334
2022-07-31 15:00:00,28.900000000000002
2022-07-31 15:30:00,28.883333333333336
2022-07-31 16:00:00,28.75
2022-07-31 16:30:00,28.716666666666665
2022-07-31 17:00:00,28.86666666666667
2022-07-31 17:30:00,29.049999999999997
2022-07-31 18:00:00,29.05
2022-07-31 18:30:00,29.016666666666666
2022-07-31 19:00:00,29.0
2022-07-31 19:30:00,28.966666666666665
2022-07-31 20:00:00,28.966666666666665
2022-07-31 20:30:00,28.933333333333334
2022-07-31 21:00:00,28.950000000000003
2022-07-31 21:30:00,28.983333333333334
2022-07-31 22:00:00,29.0
2022-07-31 22:30:00,29.05
2022-07-31 23:00:00,29.11666666666667
2022-07-31 23:30:00,29.166666666666668
2022-08-01 00:00:00,29.166666666666668
2022-08-01 00:30:00,29.2
2022-08-01 01:00:00,29.216666666666665
2022-08-01 01:30:00,29.25
2022-08-01 02:00:00,29.28333333333333
2022-08-01 02:30:00,29.333333333333332
2022-08-01 03:00:00,29.366666666666664
2022-08-01 03:30:00,29.399999999999995
2022-08-01 04:00:00,29.416666666666668
2022-08-01 04:30:00,29.45
2022-08-01 05:00:00,29.45
2022-08-01 05:30:00,29.53333333333333
2022-08-01 06:00:00,29.55
2022-08-01 06:30:00,29.616666666666664
2022-08-01 07:00:00,29.666666666666668
2022-08-01 07:30:00,29.700000000000003
2022-08-01 08:00:00,29.733333333333334
2022-08-01 08:30:00,29.683333333333334
2022-08-01 09:00:00,29.683333333333337
2022-08-01 09:30:00,29.600000000000005
2022-08-01 10:00:00,29.55
2022-08-01 10:30:00,29.46666666666667
2022-08-01 11:00:00,29.399999999999995
2022-08-01 11:30:00,29.316666666666663
2022-08-01 12:00:00,29.216666666666665
2022-08-01 12:30:00,29.150000000000002
2022-08-01 13:00:00,29.083333333333332
2022-08-01 13:30:00,28.966666666666665
2022-08-01 14:00:00,28.933333333333334
2022-08-01 14:30:00,28.8
2022-08-01 15:00:00,28.7
2022-08-01 15:30:00,28.599999999999998
2022-08-01 16:00:00,28.53333333333333
2022-08-01 16:30:00,28.5
2022-08-01 17:00:00,28.46666666666667
2022-08-01 17:30:00,28.400000000000002
2022-08-01 18:00:00,28.400000000000002
2022-08-01 18:30:00,28.400000000000002
2022-08-01 19:00:00,28.45
2022-08-01 19:30:00,28.416666666666668
2022-08-01 20:00:00,28.450000000000003
2022-08-01 20:30:00,28.46666666666667
2022-08-01 21:00:00,28.533333333333335
2022-08-01 21:30:00,28.533333333333335
2022-08-01 22:00:00,28.533333333333335
2022-08-01 22:30:00,28.566666666666666
2022-08-01 23:00:00,28.599999999999998
2022-08-01 23:30:00,28.650000000000002
2022-08-02 00:00:00,28.7
2022-08-02 00:30:00,28.733333333333334
2022-08-02 01:00:00,28.75
2022-08-02 01:30:00,28.799999999999997
2022-08-02 02:00:00,28.833333333333332
2022-08-02 02:30:00,28.850000000000005
2022-08-02 03:00:00,28.916666666666668
2022-08-02 03:30:00,28.933333333333337
2022-08-02 04:00:00,28.983333333333334
2022-08-02 04:30:00,29.03333333333333
2022-08-02 05:00:00,29.03333333333333
2022-08-02 05:30:00,29.016666666666666
2022-08-02 06:00:00,29.05
2022-08-02 06:30:00,29.116666666666664
2022-08-02 07:00:00,29.166666666666668
2022-08-02 07:30:00,29.200000000000003
2022-08-02 08:00:00,29.183333333333334
2022-08-02 08:30:00,29.11666666666667
2022-08-02 09:00:00,29.066666666666666
2022-08-02 09:30:00,29.03333333333333
2022-08-02 10:00:00,28.933333333333334
2022-08-02 10:30:00,28.86666666666667
2022-08-02 11:00:00,28.816666666666666
2022-08-02 11:30:00,28.75
2022-08-02 12:00:00,28.700000000000003
2022-08-02 12:30:00,28.650000000000002
2022-08-02 13:00:00,28.55
2022-08-02 13:30:00,28.45
2022-08-02 14:00:00,28.516666666666666
2022-08-02 14:30:00,28.516666666666666
2022-08-02 15:00:00,28.45
2022-08-02 15:30:00,28.5
2022-08-02 16:00:00,28.566666666666663
2022-08-02 16:30:00,28.76666666666667
2022-08-02 17:00:00,28.833333333333332
2022-08-02 17:30:00,28.816666666666663
2022-08-02 18:00:00,28.73333333333333
2022-08-02 18:30:00,28.683333333333334
2022-08-02 19:00:00,28.63333333333333
2022-08-02 19:30:00,28.600000000000005
2022-08-02 20:00:00,28.55
2022-08-02 20:30:00,28.566666666666666
2022-08-02 21:00:00,28.583333333333332
2022-08-02 21:30:00,28.633333333333336
2022-08-02 22:00:00,28.683333333333337
2022-08-02 22:30:00,28.766666666666666
2022-08-02 23:00:00,28.816666666666666
2022-08-02 23:30:00,28.849999999999998
2022-08-03 00:00:00,28.899999999999995
2022-08-03 00:30:00,28.95
2022-08-03 01:00:00,29.0
2022-08-03 01:30:00,29.066666666666663
2022-08-03 02:00:00,29.083333333333332
2022-08-03 02:30:00,29.116666666666664
2022-08-03 03:00:00,29.183333333333326
2022-08-03 03:30:00,29.2
2022-08-03 04:00:00,29.23333333333333
2022-08-03 04:30:00,29.25
2022-08-03 05:00:00,29.26666666666667
2022-08-03 05:30:00,29.349999999999998
2022-08-03 06:00:00,29.416666666666668
2022-08-03 06:30:00,29.45
2022-08-03 07:00:00,29.483333333333334
2022-08-03 07:30:00,29.583333333333332
2022-08-03 08:00:00,29.650000000000002
2022-08-03 08:30:00,29.55
2022-08-03 09:00:00,29.48333333333333
2022-08-03 09:30:00,29.383333333333336
2022-08-03 10:00:00,29.333333333333332
2022-08-03 10:30:00,29.28333333333333
2022-08-03 11:00:00,29.23333333333333
2022-08-03 11:30:00,29.133333333333336
2022-08-03 12:00:00,29.066666666666663
2022-08-03 12:30:00,29.0
2022-08-03 13:00:00,28.883333333333336
2022-08-03 13:30:00,28.833333333333332
2022-08-03 14:00:00,28.7
2022-08-03 14:30:00,28.616666666666664
2022-08-03 15:00:00,28.53333333333333
2022-08-03 15:30:00,28.416666666666668
2022-08-03 16:00:00,28.333333333333332
2022-08-03 16:30:00,28.25
2022-08-03 17:00:00,28.149999999999995
2022-08-03 17:30:00,28.100000000000005
2022-08-03 18:00:00,28.05
2022-08-03 18:30:00,27.999999999999996
2022-08-03 19:00:00,27.983333333333334
2022-08-03 19:30:00,27.95
2022-08-03 20:00:00,27.933333333333334
2022-08-03 20:30:00,27.933333333333334
2022-08-03 21:00:00,27.900000000000002
2022-08-03 21:30:00,27.900000000000002
2022-08-03 22:00:00,27.916666666666668
2022-08-03 22:30:00,27.933333333333334
2022-08-03 23:00:00,27.933333333333334
2022-08-03 23:30:00,27.933333333333334
2022-08-04 00:00:00,27.933333333333334
2022-08-04 00:30:00,27.933333333333334
2022-08-04 01:00:00,27.933333333333334
2022-08-04 01:30:00,27.96666666666667
2022-08-04 02:00:00,27.96666666666667
2022-08-04 02:30:00,28.0
2022-08-04 03:00:00,28.0
2022-08-04 03:30:00,28.016666666666666
2022-08-04 04:00:00,28.033333333333335
2022-08-04 04:30:00,28.033333333333335
2022-08-04 05:00:00,28.099999999999998
2022-08-04 05:30:00,28.200000000000003
2022-08-04 06:00:00,28.166666666666668
2022-08-04 06:30:00,28.200000000000003
2022-08-04 07:00:00,28.150000000000002
2022-08-04 07:30:00,28.066666666666666
2022-08-04 08:00:00,28.066666666666666
2022-08-04 08:30:00,28.03333333333333
2022-08-04 09:00:00,28.03333333333333
2022-08-04 09:30:00,27.950000000000003
2022-08-04 10:00:00,27.900000000000002
2022-08-04 10:30:00,27.916666666666668
2022-08-04 11:00:00,27.933333333333334
2022-08-04 11:30:00,27.933333333333326
2022-08-04 12:00:00,27.916666666666668
2022-08-04 12:30:00,27.899999999999995
2022-08-04 13:00:00,27.866666666666664
2022-08-04 13:30:00,27.833333333333332
2022-08-04 14:00:00,27.766666666666666
2022-08-04 14:30:00,27.733333333333334
2022-08-04 15:00:00,27.733333333333334
2022-08-04 15:30:00,27.633333333333336
2022-08-04 16:00:00,27.599999999999998
2022-08-04 16:30:00,27.683333333333334
2022-08-04 17:00:00,27.66666666666667
2022-08-04 17:30:00,27.633333333333336
2022-08-04 18:00:00,27.55
2022-08-04 18:30:00,27.433333333333337
2022-08-04 19:00:00,27.383333333333336
2022-08-04 19:30:00,27.349999999999994
2022-08-04 20:00:00,27.316666666666666
2022-08-04 20:30:00,27.3
2022-08-04 21:00:00,27.28333333333333
2022-08-04 21:30:00,27.28333333333333
2022-08-04 22:00:00,27.316666666666666
2022-08-04 22:30:00,27.349999999999998
2022-08-04 23:00:00,27.366666666666664
2022-08-04 23:30:00,27.433333333333334
2022-08-05 00:00:00,27.46666666666667
2022-08-05 00:30:00,27.516666666666666
2022-08-05 01:00:00,27.600000000000005
2022-08-05 01:30:00,27.649999999999995
2022-08-05 02:00:00,27.683333333333337
2022-08-05 02:30:00,27.666666666666668
2022-08-05 03:00:00,27.71666666666667
2022-08-05 03:30:00,27.75
2022-08-05 04:00:00,27.78333333333333
2022-08-05 04:30:00,27.766666666666666
2022-08-05 05:00:00,27.766666666666666
2022-08-05 05:30:00,27.766666666666666
2022-08-05 06:00:00,27.78333333333333
2022-08-05 06:30:00,27.849999999999994
2022-08-05 07:00:00,27.866666666666664
2022-08-05 07:30:00,27.816666666666666
2022-08-05 08:00:00,27.8
2022-08-05 08:30:00,27.733333333333334
2022-08-05 09:00:00,27.683333333333334
2022-08-05 09:30:00,27.666666666666668
2022-08-05 10:00:00,27.583333333333332
2022-08-05 10:30:00,27.53333333333333
2022-08-05 11:00:00,27.46666666666667
2022-08-05 11:30:00,27.433333333333334
2022-08-05 12:00:00,27.366666666666664
2022-08-05 12:30:00,27.283333333333335
2022-08-05 13:00:00,27.233333333333334
2022-08-05 13:30:00,27.150000000000002
2022-08-05 14:00:00,27.099999999999998
2022-08-05 14:30:00,27.01666666666667
2022-08-05 15:00:00,26.95
2022-08-05 15:30:00,26.916666666666668
2022-08-05 16:00:00,26.866666666666664
2022-08-05 16:30:00,26.816666666666663
2022-08-05 17:00:00,26.75
2022-08-05 17:30:00,26.7
2022-08-05 18:00:00,26.650000000000002
2022-08-05 18:30:00,26.633333333333336
2022-08-05 19:00:00,26.583333333333332
2022-08-05 19:30:00,26.55
2022-08-05 20:00:00,26.53333333333333
2022-08-05 20:30:00,26.516666666666666
2022-08-05 21:00:00,26.5
2022-08-05 21:30:00,26.5
2022-08-05 22:00:00,26.5
2022-08-05 22:30:00,26.5
2022-08-05 23:00:00,26.566666666666663
2022-08-05 23:30:00,26.583333333333332
2022-08-06 00:00:00,26.600000000000005
2022-08-06 00:30:00,26.616666666666664
2022-08-06 01:00:00,26.649999999999995
2022-08-06 01:30:00,26.666666666666668
2022-08-06 02:00:00,26.683333333333337
2022-08-06 02:30:00,26.73333333333333
2022-08-06 03:00:00,26.866666666666664
2022-08-06 03:30:00,26.866666666666664
2022-08-06 04:00:00,26.933333333333334
2022-08-06 04:30:00,26.96666666666667
2022-08-06 05:00:00,26.900000000000002
2022-08-06 05:30:00,26.866666666666664
2022-08-06 06:00:00,26.866666666666664
2022-08-06 06:30:00,26.866666666666664
2022-08-06 07:00:00,26.866666666666664
2022-08-06 07:30:00,26.900000000000002
2022-08-06 08:00:00,26.933333333333334
2022-08-06 08:30:00,26.933333333333334
2022-08-06 09:00:00,26.96666666666667
2022-08-06 09:30:00,26.966666666666665
2022-08-06 10:00:00,27.333333333333332
2022-08-06 10:30:00,27.316666666666663
2022-08-06 11:00:00,27.333333333333332
2022-08-06 11:30:00,27.366666666666664
2022-08-06 12:00:00,27.366666666666664
2022-08-06 12:30:00,27.333333333333332
2022-08-06 13:00:00,27.366666666666664
2022-08-06 13:30:00,27.333333333333332
2022-08-06 14:00:00,27.26666666666667
2022-08-06 14:30:00,27.183333333333334
2022-08-06 15:00:00,27.083333333333332
2022-08-06 15:30:00,27.016666666666666
2022-08-06 16:00:00,26.96666666666667
2022-08-06 16:30:00,26.916666666666668
2022-08-06 17:00:00,26.866666666666664
2022-08-06 17:30:00,26.849999999999998
2022-08-06 18:00:00,26.8
2022-08-06 18:30:00,26.766666666666666
2022-08-06 19:00:00,26.683333333333334
2022-08-06 19:30:00,26.666666666666668
2022-08-06 20:00:00,26.666666666666668
2022-08-06 20:30:00,26.7
2022-08-06 21:00:00,26.7
2022-08-06 21:30:00,26.766666666666666
2022-08-06 22:00:00,26.766666666666666
2022-08-06 22:30:00,26.8
2022-08-06 23:00:00,26.816666666666666
2022-08-06 23:30:00,26.833333333333332
2022-08-07 00:00:00,26.833333333333332
2022-08-07 00:30:00,26.866666666666664
2022-08-07 01:00:00,26.866666666666664
2022-08-07 01:30:00,26.883333333333336
2022-08-07 02:00:00,26.933333333333334
2022-08-07 02:30:00,26.950000000000003
2022-08-07 03:00:00,26.966666666666665
2022-08-07 03:30:00,26.966666666666665
2022-08-07 04:00:00,27.03333333333333
2022-08-07 04:30:00,27.066666666666663
2022-08-07 05:00:00,27.083333333333332
2022-08-07 05:30:00,27.099999999999998
2022-08-07 06:00:00,27.083333333333332
2022-08-07 06:30:00,27.099999999999998
2022-08-07 07:00:00,27.133333333333336
2022-08-07 07:30:00,27.149999999999995
2022-08-07 08:00:00,27.099999999999998
2022-08-07 08:30:00,27.116666666666664
2022-08-07 09:00:00,27.100000000000005
2022-08-07 09:30:00,27.05
2022-08-07 10:00:00,26.983333333333334
2022-08-07 10:30:00,26.900000000000002
2022-08-07 11:00:00,26.833333333333332
2022-08-07 11:30:00,26.75
2022-08-07 12:00:00,26.7
2022-08-07 12:30:00,26.616666666666664
2022-08-07 13:00:00,26.55
2022-08-07 13:30:00,26.45
2022-08-07 14:00:00,26.399999999999995
2022-08-07 14:30:00,26.366666666666664
2022-08-07 15:00:00,26.28333333333333
2022-08-07 15:30:00,26.233333333333334
2022-08-07 16:00:00,26.166666666666668
2022-08-07 16:30:00,26.166666666666668
2022-08-07 17:00:00,26.099999999999998
2022-08-07 17:30:00,26.083333333333332
2022-08-07 18:00:00,26.05
2022-08-07 18:30:00,26.03333333333333
2022-08-07 19:00:00,26.03333333333333
2022-08-07 19:30:00,26.0
2022-08-07 20:00:00,25.96666666666667
2022-08-07 20:30:00,26.0
2022-08-07 21:00:00,26.0
2022-08-07 21:30:00,26.033333333333335
2022-08-07 22:00:00,26.099999999999998
2022-08-07 22:30:00,26.133333333333336
2022-08-07 23:00:00,26.2
2022-08-07 23:30:00,26.233333333333334
2022-08-08 00:00:00,26.266666666666666
2022-08-08 00:30:00,26.316666666666663
2022-08-08 01:00:00,26.366666666666664
2022-08-08 01:30:00,26.366666666666664
2022-08-08 02:00:00,26.433333333333334
2022-08-08 02:30:00,26.483333333333334
2022-08-08 03:00:00,26.483333333333334
2022-08-08 03:30:00,26.55
2022-08-08 04:00:00,26.566666666666666
2022-08-08 04:30:00,26.600000000000005
2022-08-08 05:00:00,26.600000000000005
2022-08-08 05:30:00,26.616666666666664
2022-08-08 06:00:00,26.683333333333337
2022-08-08 06:30:00,26.766666666666666
2022-08-08 07:00:00,26.833333333333332
2022-08-08 07:30:00,26.883333333333336
2022-08-08 08:00:00,26.96666666666667
2022-08-08 08:30:00,26.916666666666668
2022-08-08 09:00:00,26.833333333333332
2022-08-08 09:30:00,26.766666666666666
2022-08-08 10:00:00,26.7
2022-08-08 10:30:00,26.683333333333334
2022-08-08 11:00:00,26.666666666666668
2022-08-08 11:30:00,26.583333333333332
2022-08-08 12:00:00,26.549999999999997
2022-08-08 12:30:00,26.45
2022-08-08 13:00:00,26.383333333333336
2022-08-08 13:30:00,26.333333333333332
2022-08-08 14:00:00,26.25
2022-08-08 14:30:00,26.150000000000002
2022-08-08 15:00:00,26.083333333333332
2022-08-08 15:30:00,26.0
2022-08-08 16:00:00,25.96666666666667
2022-08-08 16:30:00,25.88333333333333
2022-08-08 17:00:00,25.833333333333332
2022-08-08 17:30:00,25.78333333333333
2022-08-08 18:00:00,25.73333333333333
2022-08-08 18:30:00,25.683333333333337
2022-08-08 19:00:00,25.616666666666664
2022-08-08 19:30:00,25.566666666666666
2022-08-08 20:00:00,25.566666666666666
2022-08-08 20:30:00,25.583333333333332
2022-08-08 21:00:00,25.599999999999998
2022-08-08 21:30:00,25.633333333333336
2022-08-08 22:00:00,25.683333333333334
2022-08-08 22:30:00,25.716666666666665
2022-08-08 23:00:00,25.75
2022-08-08 23:30:00,25.833333333333332
2022-08-09 00:00:00,25.833333333333332
2022-08-09 00:30:00,25.899999999999995
2022-08-09 01:00:00,25.916666666666668
2022-08-09 01:30:00,25.96666666666667
2022-08-09 02:00:00,25.983333333333334
2022-08-09 02:30:00,26.0
2022-08-09 03:00:00,26.016666666666666
2022-08-09 03:30:00,26.066666666666663
2022-08-09 04:00:00,26.066666666666663
2022-08-09 04:30:00,26.100000000000005
2022-08-09 05:00:00,26.116666666666664
2022-08-09 05:30:00,26.150000000000002
2022-08-09 06:00:00,26.166666666666668
2022-08-09 06:30:00,26.2
2022-08-09 07:00:00,26.350000000000005
2022-08-09 07:30:00,26.383333333333336
2022-08-09 08:00:00,26.400000000000002
2022-08-09 08:30:00,26.416666666666668
2022-08-09 09:00:00,26.366666666666664
2022-08-09 09:30:00,26.3
2022-08-09 10:00:00,26.23333333333333
2022-08-09 10:30:00,26.166666666666668
2022-08-09 11:00:00,26.066666666666666
2022-08-09 11:30:00,26.0
2022-08-09 12:00:00,25.899999999999995
2022-08-09 12:30:00,25.816666666666666
2022-08-09 13:00:00,25.78333333333333
2022-08-09 13:30:00,25.71666666666667
2022-08-09 14:00:00,25.666666666666668
2022-08-09 14:30:00,25.566666666666666
2022-08-09 15:00:00,25.53333333333333
2022-08-09 15:30:00,25.433333333333334
2022-08-09 16:00:00,25.400000000000002
2022-08-09 16:30:00,25.366666666666664
2022-08-09 17:00:00,25.316666666666666
2022-08-09 17:30:00,25.266666666666666
2022-08-09 18:00:00,25.21666666666667
2022-08-09 18:30:00,25.133333333333336
2022-08-09 19:00:00,25.099999999999998
2022-08-09 19:30:00,25.01666666666667
2022-08-09 20:00:00,25.0
2022-08-09 20:30:00,25.0
2022-08-09 21:00:00,25.03333333333333
2022-08-09 21:30:00,25.049999999999997
2022-08-09 22:00:00,25.099999999999998
2022-08-09 22:30:00,25.116666666666664
2022-08-09 23:00:00,25.183333333333334
2022-08-09 23:30:00,25.23333333333333
2022-08-10 00:00:00,25.266666666666666
2022-08-10 00:30:00,25.266666666666666
2022-08-10 01:00:00,25.333333333333332
2022-08-10 01:30:00,25.316666666666666
2022-08-10 02:00:00,25.366666666666664
2022-08-10 02:30:00,25.366666666666664
2022-08-10 03:00:00,25.383333333333336
2022-08-10 03:30:00,25.400000000000002
2022-08-10 04:00:00,25.45
2022-08-10 04:30:00,25.483333333333334
2022-08-10 05:00:00,25.53333333333333
2022-08-10 05:30:00,25.566666666666666
2022-08-10 06:00:00,25.566666666666666
2022-08-10 06:30:00,25.633333333333336
2022-08-10 07:00:00,25.683333333333337
2022-08-10 07:30:00,25.71666666666667
2022-08-10 08:00:00,25.733333333333334
2022-08-10 08:30:00,25.71666666666667
2022-08-10 09:00:00,25.633333333333336
2022-08-10 09:30:00,25.600000000000005
2022-08-10 10:00:00,25.53333333333333
2022-08-10 10:30:00,25.45
2022-08-10 11:00:00,25.333333333333332
2022-08-10 11:30:00,25.233333333333334
2022-08-10 12:00:00,25.2
2022-08-10 12:30:00,25.166666666666668
2022-08-10 13:00:00,25.166666666666668
2022-08-10 13:30:00,25.066666666666666
2022-08-10 14:00:00,24.98333333333333
2022-08-10 14:30:00,24.95
2022-08-10 15:00:00,24.916666666666668
2022-08-10 15:30:00,24.833333333333332
2022-08-10 16:00:00,24.78333333333333
2022-08-10 16:30:00,24.73333333333333
2022-08-10 17:00:00,24.71666666666667
2022-08-10 17:30:00,24.666666666666668
2022-08-10 18:00:00,24.61666666666667
2022-08-10 18:30:00,24.599999999999998
2022-08-10 19:00:00,24.566666666666666
2022-08-10 19:30:00,24.566666666666666
2022-08-10 20:00:00,24.516666666666666
2022-08-10 20:30:00,24.46666666666667
2022-08-10 21:00:00,24.46666666666667
2022-08-10 21:30:00,24.5
2022-08-10 22:00:00,24.5
2022-08-10 22:30:00,24.516666666666666
2022-08-10 23:00:00,24.533333333333335
2022-08-10 23:30:00,24.566666666666666
2022-08-11 00:00:00,24.566666666666666
2022-08-11 00:30:00,24.599999999999998
2022-08-11 01:00:00,24.599999999999998
2022-08-11 01:30:00,24.633333333333336
2022-08-11 02:00:00,24.666666666666668
2022-08-11 02:30:00,24.7
2022-08-11 03:00:00,24.7
2022-08-11 03:30:00,24.7
2022-08-11 04:00:00,24.7
2022-08-11 04:30:00,24.7
2022-08-11 05:00:00,24.7
2022-08-11 05:30:00,24.7
2022-08-11 06:00:00,24.7
2022-08-11 06:30:00,24.733333333333334
2022-08-11 07:00:00,24.78333333333333
2022-08-11 07:30:00,24.766666666666666
2022-08-11 08:00:00,24.8
2022-08-11 08:30:00,24.8
2022-08-11 09:00:00,24.8
2022-08-11 09:30:00,24.733333333333334
2022-08-11 10:00:00,24.7
2022-08-11 10:30:00,24.683333333333334
2022-08-11 11:00:00,24.683333333333334
2022-08-11 11:30:00,24.666666666666668
2022-08-11 12:00:00,24.666666666666668
2022-08-11 12:30:00,24.566666666666663
2022-08-11 13:00:00,24.600000000000005
2022-08-11 13:30:00,24.53333333333333
2022-08-11 14:00:00,24.516666666666666
2022-08-11 14:30:00,24.433333333333334
2022-08-11 15:00:00,24.366666666666664
2022-08-11 15:30:00,24.349999999999998
2022-08-11 16:00:00,24.316666666666666
2022-08-11 16:30:00,24.233333333333334
2022-08-11 17:00:00,24.233333333333334
2022-08-11 17:30:00,24.166666666666668
2022-08-11 18:00:00,24.166666666666668
2022-08-11 18:30:00,24.133333333333336
2022-08-11 19:00:00,24.11666666666667
2022-08-11 19:30:00,24.133333333333336
2022-08-11 20:00:00,24.133333333333336
2022-08-11 20:30:00,24.01666666666667
2022-08-11 21:00:00,23.96666666666667
2022-08-11 21:30:00,23.96666666666667
2022-08-11 22:00:00,23.983333333333334
2022-08-11 22:30:00,23.933333333333337
2022-08-11 23:00:00,24.0
2022-08-11 23:30:00,24.03333333333333
2022-08-12 00:00:00,24.066666666666663
2022-08-12 00:30:00,24.100000000000005
2022-08-12 01:00:00,24.100000000000005
2022-08-12 01:30:00,24.100000000000005
2022-08-12 02:00:00,24.166666666666668
2022-08-12 02:30:00,24.200000000000003
2022-08-12 03:00:00,24.200000000000003
2022-08-12 03:30:00,24.183333333333334
2022-08-12 04:00:00,24.216666666666665
2022-08-12 04:30:00,24.266666666666666
2022-08-12 05:00:00,24.333333333333332
2022-08-12 05:30:00,24.416666666666668
2022-08-12 06:00:00,24.483333333333334
2022-08-12 06:30:00,24.45
2022-08-12 07:00:00,24.416666666666668
2022-08-12 07:30:00,24.433333333333334
2022-08-12 08:00:00,24.45
2022-08-12 08:30:00,24.45
2022-08-12 09:00:00,24.400000000000002
2022-08-12 09:30:00,24.333333333333332
2022-08-12 10:00:00,24.28333333333333
2022-08-12 10:30:00,24.28333333333333
2022-08-12 11:00:00,24.283333333333335
2022-08-12 11:30:00,24.133333333333336
2022-08-12 12:00:00,24.116666666666664
2022-08-12 12:30:00,24.100000000000005
2022-08-12 13:00:00,24.03333333333333
2022-08-12 13:30:00,24.01666666666667
2022-08-12 14:00:00,23.95
2022-08-12 14:30:00,23.900000000000002
2022-08-12 15:00:00,23.900000000000002
2022-08-12 15:30:00,23.900000000000002
2022-08-12 16:00:00,23.833333333333332
2022-08-12 16:30:00,23.816666666666666
2022-08-12 17:00:00,23.766666666666666
2022-08-12 17:30:00,23.733333333333334
2022-08-12 18:00:00,23.683333333333334
2022-08-12 18:30:00,23.666666666666668
2022-08-12 19:00:00,23.599999999999998
2022-08-12 19:30:00,23.53333333333333
2022-08-12 20:00:00,23.55
2022-08-12 20:30:00,23.583333333333332
2022-08-12 21:00:00,23.566666666666663
2022-08-12 21:30:00,23.566666666666663
2022-08-12 22:00:00,23.53333333333333
2022-08-12 22:30:00,23.46666666666667
2022-08-12 23:00:00,23.483333333333334
2022-08-12 23:30:00,23.5
2022-08-13 00:00:00,23.5
2022-08-13 00:30:00,23.53333333333333
2022-08-13 01:00:00,23.53333333333333
2022-08-13 01:30:00,23.566666666666666
2022-08-13 02:00:00,23.600000000000005
2022-08-13 02:30:00,23.616666666666664
2022-08-13 03:00:00,23.633333333333336
2022-08-13 03:30:00,23.683333333333334
2022-08-13 04:00:00,23.7
2022-08-13 04:30:00,23.683333333333334
2022-08-13 05:00:00,23.71666666666667
2022-08-13 05:30:00,23.78333333333333
2022-08-13 06:00:00,23.766666666666666
2022-08-13 06:30:00,23.933333333333337
2022-08-13 07:00:00,24.05
2022-08-13 07:30:00,23.816666666666666
2022-08-13 08:00:00,23.849999999999998
2022-08-13 08:30:00,23.816666666666663
2022-08-13 09:00:00,23.73333333333333
2022-08-13 09:30:00,23.7
2022-08-13 10:00:00,23.666666666666668
2022-08-13 10:30:00,23.649999999999995
2022-08-13 11:00:00,23.650000000000002
2022-08-13 11:30:00,23.583333333333332
2022-08-13 12:00:00,23.566666666666663
2022-08-13 12:30:00,23.55
2022-08-13 13:00:00,23.53333333333333
2022-08-13 13:30:00,23.5
2022-08-13 14:00:00,23.45
2022-08-13 14:30:00,23.416666666666668
2022-08-13 15:00:00,23.349999999999998
2022-08-13 15:30:00,23.316666666666666
2022-08-13 16:00:00,23.266666666666666
2022-08-13 16:30:00,23.25
2022-08-13 17:00:00,23.233333333333334
2022-08-13 17:30:00,23.166666666666668
2022-08-13 18:00:00,23.116666666666664
2022-08-13 18:30:00,23.083333333333332
2022-08-13 19:00:00,23.05
2022-08-13 19:30:00,22.983333333333334
2022-08-13 20:00:00,22.96666666666667
2022-08-13 20:30:00,22.916666666666668
2022-08-13 21:00:00,22.933333333333334
2022-08-13 21:30:00,22.95
2022-08-13 22:00:00,22.98333333333333
2022-08-13 22:30:00,23.03333333333333
2022-08-13 23:00:00,23.05
2022-08-13 23:30:00,23.099999999999998
2022-08-14 00:00:00,23.066666666666663
2022-08-14 00:30:00,23.133333333333336
2022-08-14 01:00:00,23.183333333333334
2022-08-14 01:30:00,23.166666666666668
2022-08-14 02:00:00,23.166666666666668
2022-08-14 02:30:00,23.21666666666667
2022-08-14 03:00:00,23.233333333333334
2022-08-14 03:30:00,23.26666666666667
2022-08-14 04:00:00,23.316666666666666
2022-08-14 04:30:00,23.350000000000005
2022-08-14 05:00:00,23.400000000000002
2022-08-14 05:30:00,23.416666666666668
2022-08-14 06:00:00,23.3
2022-08-14 06:30:00,23.366666666666664
2022-08-14 07:00:00,23.400000000000002
2022-08-14 07:30:00,23.433333333333337
2022-08-14 08:00:00,23.450000000000003
2022-08-14 08:30:00,23.46666666666667
2022-08-14 09:00:00,23.46666666666667
2022-08-14 09:30:00,23.45
2022-08-14 10:00:00,23.383333333333336
2022-08-14 10:30:00,23.316666666666666
2022-08-14 11:00:00,23.25
2022-08-14 11:30:00,23.233333333333334
2022-08-14 12:00:00,23.2
2022-08-14 12:30:00,23.150000000000002
2022-08-14 13:00:00,23.11666666666667
2022-08-14 13:30:00,23.083333333333332
2022-08-14 14:00:00,23.05
2022-08-14 14:30:00,22.983333333333334
2022-08-14 15:00:00,22.96666666666667
2022-08-14 15:30:00,22.900000000000002
2022-08-14 16:00:00,22.866666666666664
2022-08-14 16:30:00,22.833333333333332
2022-08-14 17:00:00,22.8
2022-08-14 17:30:00,22.766666666666666
2022-08-14 18:00:00,22.71666666666667
2022-08-14 18:30:00,22.666666666666668
2022-08-14 19:00:00,22.666666666666668
2022-08-14 19:30:00,22.633333333333336
2022-08-14 20:00:00,22.55
2022-08-14 20:30:00,22.566666666666663
2022-08-14 21:00:00,22.516666666666666
2022-08-14 21:30:00,22.48333333333333
2022-08-14 22:00:00,22.5
2022-08-14 22:30:00,22.53333333333333
2022-08-14 23:00:00,22.55
2022-08-14 23:30:00,22.566666666666663
2022-08-15 00:00:00,22.566666666666663
2022-08-15 00:30:00,22.633333333333336
2022-08-15 01:00:00,22.666666666666668
2022-08-15 01:30:00,22.683333333333334
2022-08-15 02:00:00,22.71666666666667
2022-08-15 02:30:00,22.766666666666666
2022-08-15 03:00:00,22.8
2022-08-15 03:30:00,22.8
2022-08-15 04:00:00,22.816666666666666
2022-08-15 04:30:00,22.816666666666666
2022-08-15 05:00:00,22.833333333333332
2022-08-15 05:30:00,22.833333333333332
2022-08-15 06:00:00,22.866666666666664
2022-08-15 06:30:00,22.916666666666668
2022-08-15 07:00:00,22.95
2022-08-15 07:30:00,23.0
2022-08-15 08:00:00,23.03333333333333
2022-08-15 08:30:00,23.05
2022-08-15 09:00:00,23.016666666666666
2022-08-15 09:30:00,22.983333333333334
2022-08-15 10:00:00,22.933333333333334
2022-08-15 10:30:00,22.916666666666668
2022-08-15 11:00:00,22.849999999999998
2022-08-15 11:30:00,22.8
2022-08-15 12:00:00,22.71666666666667
2022-08-15 12:30:00,22.7
2022-08-15 13:00:00,22.683333333333334
2022-08-15 13:30:00,22.650000000000002
2022-08-15 14:00:00,22.583333333333332
2022-08-15 14:30:00,22.533333333333335
2022-08-15 15:00:00,22.533333333333335
2022-08-15 15:30:00,22.48333333333333
2022-08-15 16:00:00,22.433333333333337
2022-08-15 16:30:00,22.366666666666664
2022-08-15 17:00:00,22.366666666666664
2022-08-15 17:30:00,22.333333333333332
2022-08-15 18:00:00,22.266666666666666
2022-08-15 18:30:00,22.233333333333334
2022-08-15 19:00:00,22.233333333333334
2022-08-15 19:30:00,22.21666666666667
2022-08-15 20:00:00,22.2
2022-08-15 20:30:00,22.149999999999995
2022-08-15 21:00:00,22.133333333333336
2022-08-15 21:30:00,22.116666666666664
2022-08-15 22:00:00,22.116666666666664
2022-08-15 22:30:00,22.150000000000002
2022-08-15 23:00:00,22.166666666666668
2022-08-15 23:30:00,22.183333333333334
2022-08-16 00:00:00,22.2
2022-08-16 00:30:00,22.21666666666667
2022-08-16 01:00:00,22.233333333333334
2022-08-16 01:30:00,22.25
2022-08-16 02:00:00,22.266666666666666
2022-08-16 02:30:00,22.266666666666666
2022-08-16 03:00:00,22.28333333333333
2022-08-16 03:30:00,22.3
2022-08-16 04:00:00,22.3
2022-08-16 04:30:00,22.3
2022-08-16 05:00:00,22.316666666666666
2022-08-16 05:30:00,22.366666666666664
2022-08-16 06:00:00,22.383333333333336
2022-08-16 06:30:00,22.433333333333337
2022-08-16 07:00:00,22.483333333333334
2022-08-16 07:30:00,22.483333333333334
2022-08-16 08:00:00,22.5
2022-08-16 08:30:00,22.5
2022-08-16 09:00:00,22.46666666666667
2022-08-16 09:30:00,22.45
2022-08-16 10:00:00,22.433333333333334
2022-08-16 10:30:00,22.400000000000002
2022-08-16 11:00:00,22.399999999999995
2022-08-16 11:30:00,22.349999999999998
2022-08-16 12:00:00,22.333333333333332
2022-08-16 12:30:00,22.316666666666666
2022-08-16 13:00:00,22.3
2022-08-16 13:30:00,22.233333333333334
2022-08-16 14:00:00,22.233333333333334
2022-08-16 14:30:00,22.21666666666667
2022-08-16 15:00:00,22.116666666666664
2022-08-16 15:30:00,22.133333333333336
2022-08-16 16:00:00,22.133333333333336
2022-08-16 16:30:00,22.083333333333332
2022-08-16 17:00:00,22.066666666666666
2022-08-16 17:30:00,22.03333333333333
2022-08-16 18:00:00,22.0
2022-08-16 18:30:00,21.933333333333334
2022-08-16 19:00:00,21.916666666666668
2022-08-16 19:30:00,21.866666666666664
2022-08-16 20:00:00,21.816666666666663
2022-08-16 20:30:00,21.8
2022-08-16 21:00:00,21.766666666666666
2022-08-16 21:30:00,21.766666666666666
2022-08-16 22:00:00,21.766666666666666
2022-08-16 22:30:00,21.8
2022-08-16 23:00:00,21.816666666666666
2022-08-16 23:30:00,21.849999999999998
2022-08-17 00:00:00,21.866666666666664
2022-08-17 00:30:00,21.883333333333336
2022-08-17 01:00:00,21.900000000000002
2022-08-17 01:30:00,21.933333333333334
2022-08-17 02:00:00,21.933333333333334
2022-08-17 02:30:00,21.96666666666667
2022-08-17 03:00:00,21.96666666666667
2022-08-17 03:30:00,21.96666666666667
2022-08-17 04:00:00,21.96666666666667
2022-08-17 04:30:00,21.96666666666667
2022-08-17 05:00:00,21.983333333333334
2022-08-17 05:30:00,22.0
2022-08-17 06:00:00,22.03333333333333
2022-08-17 06:30:00,22.066666666666663
2022-08-17 07:00:00,22.083333333333332
2022-08-17 07:30:00,22.116666666666664
2022-08-17 08:00:00,22.099999999999998
2022-08-17 08:30:00,22.116666666666664
2022-08-17 09:00:00,22.116666666666664
2022-08-17 09:30:00,22.099999999999998
2022-08-17 10:00:00,22.05
2022-08-17 10:30:00,22.016666666666666
2022-08-17 11:00:00,21.983333333333334
2022-08-17 11:30:00,21.95
2022-08-17 12:00:00,21.933333333333334
2022-08-17 12:30:00,21.933333333333334
2022-08-17 13:00:00,21.900000000000002
2022-08-17 13:30:00,21.866666666666664
2022-08-17 14:00:00,21.8
2022-08-17 14:30:00,21.76666666666667
2022-08-17 15:00:00,21.733333333333334
2022-08-17 15:30:00,21.666666666666668
2022-08-17 16:00:00,21.633333333333336
2022-08-17 16:30:00,21.666666666666668
2022-08-17 17:00:00,21.666666666666668
2022-08-17 17:30:00,21.666666666666668
2022-08-17 18:00:00,21.649999999999995
2022-08-17 18:30:00,22.183333333333334
2022-08-17 19:00:00,22.03333333333333
2022-08-17 19:30:00,22.01666666666667
2022-08-17 20:00:00,22.0
2022-08-17 20:30:00,21.95
2022-08-17 21:00:00,21.933333333333334
2022-08-17 21:30:00,21.933333333333334
2022-08-17 22:00:00,21.95
2022-08-17 22:30:00,21.96666666666667
2022-08-17 23:00:00,22.0
2022-08-17 23:30:00,22.016666666666666
2022-08-18 00:00:00,22.03333333333333
2022-08-18 00:30:00,22.016666666666666
2022-08-18 01:00:00,22.049999999999997
2022-08-18 01:30:00,22.099999999999998
2022-08-18 02:00:00,22.099999999999998
2022-08-18 02:30:00,22.133333333333336
2022-08-18 03:00:00,22.166666666666668
2022-08-18 03:30:00,22.166666666666668
2022-08-18 04:00:00,22.166666666666668
2022-08-18 04:30:00,22.2
2022-08-18 05:00:00,22.2
2022-08-18 05:30:00,22.21666666666667
2022-08-18 06:00:00,22.233333333333334
2022-08-18 06:30:00,22.26666666666667
2022-08-18 07:00:00,22.3
2022-08-18 07:30:00,22.3
2022-08-18 08:00:00,22.3
2022-08-18 08:30:00,22.266666666666666
2022-08-18 09:00:00,22.266666666666666
2022-08-18 09:30:00,22.25
2022-08-18 10:00:00,22.233333333333334
2022-08-18 10:30:00,22.21666666666667
2022-08-18 11:00:00,22.2
2022-08-18 11:30:00,22.21666666666667
2022-08-18 12:00:00,22.2
2022-08-18 12:30:00,22.2
2022-08-18 13:00:00,22.166666666666668
2022-08-18 13:30:00,22.166666666666668
2022-08-18 14:00:00,22.166666666666668
2022-08-18 14:30:00,22.166666666666668
2022-08-18 15:00:00,22.166666666666668
2022-08-18 15:30:00,22.166666666666668
2022-08-18 16:00:00,22.133333333333336
2022-08-18 16:30:00,22.133333333333336
2022-08-18 17:00:00,22.133333333333336
2022-08-18 17:30:00,22.100000000000005
2022-08-18 18:00:00,22.03333333333333
2022-08-18 18:30:00,22.016666666666666
2022-08-18 19:00:00,22.0
2022-08-18 19:30:00,21.983333333333334
2022-08-18 20:00:00,21.933333333333337
2022-08-18 20:30:00,21.916666666666668
2022-08-18 21:00:00,21.933333333333337
2022-08-18 21:30:00,21.933333333333337
2022-08-18 22:00:00,21.900000000000002
2022-08-18 22:30:00,21.933333333333334
2022-08-18 23:00:00,21.98333333333333
2022-08-18 23:30:00,22.0
2022-08-19 00:00:00,22.0
2022-08-19 00:30:00,22.0
2022-08-19 01:00:00,22.0
2022-08-19 01:30:00,22.03333333333333
2022-08-19 02:00:00,22.03333333333333
2022-08-19 02:30:00,22.01666666666667
2022-08-19 03:00:00,22.0
2022-08-19 03:30:00,22.066666666666663
2022-08-19 04:00:00,22.099999999999998
2022-08-19 04:30:00,22.099999999999998
2022-08-19 05:00:00,22.099999999999998
2022-08-19 05:30:00,22.099999999999998
2022-08-19 06:00:00,22.116666666666664
2022-08-19 06:30:00,22.116666666666664
2022-08-19 07:00:00,22.133333333333336
2022-08-19 07:30:00,22.150000000000002
2022-08-19 08:00:00,22.166666666666668
2022-08-19 08:30:00,22.149999999999995
2022-08-19 09:00:00,22.150000000000002
2022-08-19 09:30:00,22.116666666666664
2022-08-19 10:00:00,22.083333333333332
2022-08-19 10:30:00,22.083333333333332
2022-08-19 11:00:00,22.05
2022-08-19 11:30:00,22.016666666666666
2022-08-19 12:00:00,22.0
2022-08-19 12:30:00,21.933333333333334
2022-08-19 13:00:00,21.933333333333334
2022-08-19 13:30:00,21.866666666666664
2022-08-19 14:00:00,21.816666666666666
2022-08-19 14:30:00,24.883333333333336
2022-08-19 15:00:00,24.616666666666664
2022-08-19 15:30:00,24.7
2022-08-19 16:00:00,24.616666666666664
2022-08-19 16:30:00,24.633333333333336
2022-08-19 17:00:00,24.600000000000005
2022-08-19 17:30:00,24.55
2022-08-19 18:00:00,24.51666666666667
2022-08-19 18:30:00,24.5
2022-08-19 19:00:00,24.46666666666667
2022-08-19 19:30:00,24.46666666666667
2022-08-19 20:00:00,24.433333333333334
2022-08-19 20:30:00,24.433333333333334
2022-08-19 21:00:00,24.45
2022-08-19 21:30:00,24.45
2022-08-19 22:00:00,24.46666666666667
2022-08-19 22:30:00,24.5
2022-08-19 23:00:00,24.5
2022-08-19 23:30:00,24.53333333333333
2022-08-20 00:00:00,24.53333333333333
2022-08-20 00:30:00,24.55
2022-08-20 01:00:00,24.566666666666663
2022-08-20 01:30:00,24.566666666666663
2022-08-20 02:00:00,24.583333333333332
2022-08-20 02:30:00,24.599999999999998
2022-08-20 03:00:00,24.599999999999998
2022-08-20 03:30:00,24.616666666666664
2022-08-20 04:00:00,24.633333333333336
2022-08-20 04:30:00,24.649999999999995
2022-08-20 05:00:00,24.649999999999995
2022-08-20 05:30:00,24.666666666666668
2022-08-20 06:00:00,24.7
2022-08-20 06:30:00,24.7
2022-08-20 07:00:00,24.766666666666666
2022-08-20 07:30:00,24.799999999999997
2022-08-20 08:00:00,24.8
2022-08-20 08:30:00,24.8
2022-08-20 09:00:00,24.783333333333335
2022-08-20 09:30:00,24.766666666666666
2022-08-20 10:00:00,24.7
2022-08-20 10:30:00,24.666666666666668
2022-08-20 11:00:00,24.599999999999998
2022-08-20 11:30:00,24.516666666666666
2022-08-20 12:00:00,24.45
2022-08-20 12:30:00,24.416666666666668
2022-08-20 13:00:00,24.366666666666664
2022-08-20 13:30:00,24.316666666666666
2022-08-20 14:00:00,24.25
2022-08-20 14:30:00,24.149999999999995
2022-08-20 15:00:00,24.099999999999998
2022-08-20 15:30:00,24.066666666666663
2022-08-20 16:00:00,23.983333333333334
2022-08-20 16:30:00,23.933333333333334
2022-08-20 17:00:00,23.933333333333334
2022-08-20 17:30:00,23.866666666666664
2022-08-20 18:00:00,23.833333333333332
2022-08-20 18:30:00,23.766666666666666
2022-08-20 19:00:00,23.766666666666666
2022-08-20 19:30:00,23.73333333333333
2022-08-20 20:00:00,23.71666666666667
2022-08-20 20:30:00,23.7
2022-08-20 21:00:00,23.7
2022-08-20 21:30:00,23.7
2022-08-20 22:00:00,23.7
2022-08-20 22:30:00,23.7
2022-08-20 23:00:00,23.7
2022-08-20 23:30:00,23.733333333333334
2022-08-21 00:00:00,23.733333333333334
2022-08-21 00:30:00,23.733333333333334
2022-08-21 01:00:00,23.733333333333334
2022-08-21 01:30:00,23.766666666666666
2022-08-21 02:00:00,23.78333333333333
2022-08-21 02:30:00,23.833333333333332
2022-08-21 03:00:00,23.849999999999998
2022-08-21 03:30:00,23.866666666666664
2022-08-21 04:00:00,23.866666666666664
2022-08-21 04:30:00,23.866666666666664
2022-08-21 05:00:00,23.900000000000002
2022-08-21 05:30:00,23.900000000000002
2022-08-21 06:00:00,23.96666666666667
2022-08-21 06:30:00,23.983333333333334
2022-08-21 07:00:00,24.0
2022-08-21 07:30:00,24.0
2022-08-21 08:00:00,24.016666666666666
2022-08-21 08:30:00,23.96666666666667
2022-08-21 09:00:00,23.96666666666667
2022-08-21 09:30:00,23.95
2022-08-21 10:00:00,23.916666666666668
2022-08-21 10:30:00,23.866666666666664
2022-08-21 11:00:00,23.816666666666663
2022-08-21 11:30:00,23.76666666666667
2022-08-21 12:00:00,23.71666666666667
2022-08-21 12:30:00,23.666666666666668
2022-08-21 13:00:00,23.650000000000002
2022-08-21 13:30:00,23.566666666666666
2022-08-21 14:00:00,23.55
2022-08-21 14:30:00,23.5
2022-08-21 15:00:00,23.5
2022-08-21 15:30:00,23.46666666666667
2022-08-21 16:00:00,23.400000000000002
2022-08-21 16:30:00,23.366666666666664
2022-08-21 17:00:00,23.350000000000005
2022-08-21 17:30:00,23.3
2022-08-21 18:00:00,23.28333333333333
2022-08-21 18:30:00,23.26666666666667
2022-08-21 19:00:00,23.26666666666667
2022-08-21 19:30:00,23.25
2022-08-21 20:00:00,23.200000000000003
2022-08-21 20:30:00,23.21666666666667
2022-08-21 21:00:00,23.200000000000003
2022-08-21 21:30:00,23.233333333333334
2022-08-21 22:00:00,23.233333333333334
2022-08-21 22:30:00,23.28333333333333
2022-08-21 23:00:00,23.299999999999997
2022-08-21 23:30:00,23.299999999999997
2022-08-22 00:00:00,23.299999999999997
2022-08-22 00:30:00,23.333333333333332
2022-08-22 01:00:00,23.333333333333332
2022-08-22 01:30:00,23.333333333333332
2022-08-22 02:00:00,23.333333333333332
2022-08-22 02:30:00,23.366666666666664
2022-08-22 03:00:00,23.366666666666664
2022-08-22 03:30:00,23.366666666666664
2022-08-22 04:00:00,23.366666666666664
2022-08-22 04:30:00,23.366666666666664
2022-08-22 05:00:00,23.366666666666664
2022-08-22 05:30:00,23.366666666666664
2022-08-22 06:00:00,23.366666666666664
2022-08-22 06:30:00,23.366666666666664
2022-08-22 07:00:00,23.400000000000002
2022-08-22 07:30:00,23.5
2022-08-22 08:00:00,23.599999999999998
2022-08-22 08:30:00,23.78333333333333
2022-08-22 09:00:00,24.5
2022-08-22 09:30:00,25.3
2022-08-22 10:00:00,25.916666666666668
2022-08-22 10:30:00,26.166666666666668
2022-08-22 11:00:00,26.25
2022-08-22 11:30:00,26.3
2022-08-22 12:00:00,26.366666666666664
2022-08-22 12:30:00,26.366666666666664
2022-08-22 13:00:00,26.366666666666664
2022-08-22 13:30:00,26.349999999999998
2022-08-22 14:00:00,26.3
2022-08-22 14:30:00,26.28333333333333
2022-08-22 15:00:00,26.26666666666667
2022-08-22 15:30:00,26.233333333333334
2022-08-22 16:00:00,26.2
2022-08-22 16:30:00,26.183333333333337
2022-08-22 17:00:00,26.166666666666668
2022-08-22 17:30:00,26.116666666666664
2022-08-22 18:00:00,26.066666666666666
2022-08-22 18:30:00,26.05
2022-08-22 19:00:00,26.03333333333333
2022-08-22 19:30:00,26.03333333333333
2022-08-22 20:00:00,26.03333333333333
2022-08-22 20:30:00,26.0
2022-08-22 21:00:00,26.0
2022-08-22 21:30:00,26.0
2022-08-22 22:00:00,26.03333333333333
2022-08-22 22:30:00,26.066666666666663
2022-08-22 23:00:00,26.100000000000005
2022-08-22 23:30:00,26.166666666666668
2022-08-23 00:00:00,26.166666666666668
2022-08-23 00:30:00,26.2
2022-08-23 01:00:00,26.23333333333333
2022-08-23 01:30:00,26.25
2022-08-23 02:00:00,26.28333333333333
2022-08-23 02:30:00,26.333333333333332
2022-08-23 03:00:00,26.400000000000002
2022-08-23 03:30:00,26.5
2022-08-23 04:00:00,26.53333333333333
2022-08-23 04:30:00,26.583333333333332
2022-08-23 05:00:00,26.633333333333336
2022-08-23 05:30:00,26.71666666666667
2022-08-23 06:00:00,26.766666666666666
2022-08-23 06:30:00,26.833333333333332
2022-08-23 07:00:00,26.916666666666668
2022-08-23 07:30:00,26.96666666666667
2022-08-23 08:00:00,27.0
2022-08-23 08:30:00,26.950000000000003
2022-08-23 09:00:00,26.883333333333336
2022-08-23 09:30:00,26.816666666666666
2022-08-23 10:00:00,26.78333333333333
2022-08-23 10:30:00,26.683333333333334
2022-08-23 11:00:00,26.600000000000005
2022-08-23 11:30:00,26.483333333333334
2022-08-23 12:00:00,26.366666666666664
2022-08-23 12:30:00,26.3
2022-08-23 13:00:00,26.21666666666667
2022-08-23 13:30:00,26.133333333333336
2022-08-23 14:00:00,26.066666666666666
2022-08-23 14:30:00,26.03333333333333
2022-08-23 15:00:00,25.966666666666665
2022-08-23 15:30:00,25.900000000000002
2022-08-23 16:00:00,25.883333333333336
2022-08-23 16:30:00,25.816666666666666
2022-08-23 17:00:00,25.8
2022-08-23 17:30:00,25.8
2022-08-23 18:00:00,25.766666666666666
2022-08-23 18:30:00,25.733333333333334
2022-08-23 19:00:00,25.733333333333334
2022-08-23 19:30:00,25.71666666666667
2022-08-23 20:00:00,25.7
2022-08-23 20:30:00,25.666666666666668
2022-08-23 21:00:00,25.666666666666668
2022-08-23 21:30:00,25.633333333333336
2022-08-23 22:00:00,25.666666666666668
2022-08-23 22:30:00,25.666666666666668
2022-08-23 23:00:00,25.683333333333334
2022-08-23 23:30:00,25.733333333333334
2022-08-24 00:00:00,25.733333333333334
2022-08-24 00:30:00,25.76666666666667
2022-08-24 01:00:00,25.78333333333333
2022-08-24 01:30:00,25.833333333333332
2022-08-24 02:00:00,25.899999999999995
2022-08-24 02:30:00,25.899999999999995
2022-08-24 03:00:00,25.899999999999995
2022-08-24 03:30:00,25.899999999999995
2022-08-24 04:00:00,25.899999999999995
2022-08-24 04:30:00,25.899999999999995
2022-08-24 05:00:00,25.899999999999995
2022-08-24 05:30:00,25.899999999999995
2022-08-24 06:00:00,25.933333333333337
2022-08-24 06:30:00,25.916666666666668
2022-08-24 07:00:00,25.899999999999995
2022-08-24 07:30:00,25.916666666666668
2022-08-24 08:00:00,25.916666666666668
2022-08-24 08:30:00,25.900000000000002
2022-08-24 09:00:00,25.900000000000002
2022-08-24 09:30:00,25.849999999999998
2022-08-24 10:00:00,25.833333333333332
2022-08-24 10:30:00,25.78333333333333
2022-08-24 11:00:00,25.75
2022-08-24 11:30:00,25.76666666666667
2022-08-24 12:00:00,25.73333333333333
2022-08-24 12:30:00,25.71666666666667
2022-08-24 13:00:00,25.633333333333336
2022-08-24 13:30:00,25.616666666666664
2022-08-24 14:00:00,25.55
2022-08-24 14:30:00,25.53333333333333
2022-08-24 15:00:00,25.466666666666665
2022-08-24 15:30:00,25.45
2022-08-24 16:00:00,25.45
2022-08-24 16:30:00,25.433333333333334
2022-08-24 17:00:00,25.433333333333334
2022-08-24 17:30:00,25.416666666666668
2022-08-24 18:00:00,25.400000000000002
2022-08-24 18:30:00,25.383333333333336
2022-08-24 19:00:00,25.333333333333332
2022-08-24 19:30:00,25.333333333333332
2022-08-24 20:00:00,25.350000000000005
2022-08-24 20:30:00,25.366666666666664
2022-08-24 21:00:00,25.383333333333336
2022-08-24 21:30:00,25.399999999999995
2022-08-24 22:00:00,25.399999999999995
2022-08-24 22:30:00,25.399999999999995
2022-08-24 23:00:00,25.399999999999995
2022-08-24 23:30:00,25.433333333333334
2022-08-25 00:00:00,25.433333333333334
2022-08-25 00:30:00,25.433333333333334
2022-08-25 01:00:00,25.433333333333334
2022-08-25 01:30:00,25.46666666666667
2022-08-25 02:00:00,25.46666666666667
2022-08-25 02:30:00,25.46666666666667
2022-08-25 03:00:00,25.46666666666667
2022-08-25 03:30:00,25.5
2022-08-25 04:00:00,25.53333333333333
2022-08-25 04:30:00,25.53333333333333
2022-08-25 05:00:00,25.55
2022-08-25 05:30:00,25.566666666666666
2022-08-25 06:00:00,25.566666666666666
2022-08-25 06:30:00,25.566666666666666
2022-08-25 07:00:00,25.566666666666666
2022-08-25 07:30:00,25.583333333333332
2022-08-25 08:00:00,25.616666666666664
2022-08-25 08:30:00,25.600000000000005
2022-08-25 09:00:00,25.616666666666664
2022-08-25 09:30:00,25.633333333333336
2022-08-25 10:00:00,25.633333333333336
2022-08-25 10:30:00,25.633333333333336
2022-08-25 11:00:00,25.599999999999998
2022-08-25 11:30:00,25.599999999999998
2022-08-25 12:00:00,25.566666666666666
2022-08-25 12:30:00,25.583333333333332
2022-08-25 13:00:00,25.55
2022-08-25 13:30:00,25.516666666666666
2022-08-25 14:00:00,25.45
2022-08-25 14:30:00,25.383333333333336
2022-08-25 15:00:00,25.333333333333332
2022-08-25 15:30:00,25.266666666666666
2022-08-25 16:00:00,25.233333333333334
2022-08-25 16:30:00,25.149999999999995
2022-08-25 17:00:00,25.100000000000005
2022-08-25 17:30:00,25.083333333333332
2022-08-25 18:00:00,25.03333333333333
2022-08-25 18:30:00,25.0
2022-08-25 19:00:00,24.96666666666667
2022-08-25 19:30:00,24.96666666666667
2022-08-25 20:00:00,25.0
2022-08-25 20:30:00,25.0
2022-08-25 21:00:00,25.066666666666666
2022-08-25 21:30:00,25.133333333333336
2022-08-25 22:00:00,25.166666666666668
2022-08-25 22:30:00,25.21666666666667
2022-08-25 23:00:00,25.21666666666667
2022-08-25 23:30:00,25.28333333333333
2022-08-26 00:00:00,25.333333333333332
2022-08-26 00:30:00,25.350000000000005
2022-08-26 01:00:00,25.366666666666664
2022-08-26 01:30:00,25.383333333333336
2022-08-26 02:00:00,25.45
2022-08-26 02:30:00,25.46666666666667
2022-08-26 03:00:00,25.5
2022-08-26 03:30:00,25.5
2022-08-26 04:00:00,25.533333333333335
2022-08-26 04:30:00,25.533333333333335
2022-08-26 05:00:00,25.583333333333332
2022-08-26 05:30:00,25.633333333333336
2022-08-26 06:00:00,25.71666666666667
2022-08-26 06:30:00,25.733333333333334
2022-08-26 07:00:00,25.78333333333333
2022-08-26 07:30:00,25.833333333333332
2022-08-26 08:00:00,25.849999999999998
2022-08-26 08:30:00,25.916666666666668
2022-08-26 09:00:00,25.933333333333334
2022-08-26 09:30:00,25.900000000000002
2022-08-26 10:00:00,25.8
2022-08-26 10:30:00,25.75
2022-08-26 11:00:00,25.666666666666668
2022-08-26 11:30:00,25.616666666666664
2022-08-26 12:00:00,25.53333333333333
2022-08-26 12:30:00,25.450000000000003
2022-08-26 13:00:00,25.400000000000002
2022-08-26 13:30:00,25.366666666666664
2022-08-26 14:00:00,25.333333333333332
2022-08-26 14:30:00,25.28333333333333
2022-08-26 15:00:00,25.25
2022-08-26 15:30:00,25.2
2022-08-26 16:00:00,25.099999999999998
2022-08-26 16:30:00,25.03333333333333
2022-08-26 17:00:00,25.0
2022-08-26 17:30:00,24.95
2022-08-26 18:00:00,24.883333333333336
2022-08-26 18:30:00,24.86666666666667
2022-08-26 19:00:00,24.86666666666667
2022-08-26 19:30:00,24.850000000000005
2022-08-26 20:00:00,24.833333333333332
2022-08-26 20:30:00,24.816666666666666
2022-08-26 21:00:00,24.8
2022-08-26 21:30:00,24.8
2022-08-26 22:00:00,24.8
2022-08-26 22:30:00,24.8
2022-08-26 23:00:00,24.816666666666663
2022-08-26 23:30:00,24.850000000000005
2022-08-27 00:00:00,24.866666666666664
2022-08-27 00:30:00,24.866666666666664
2022-08-27 01:00:00,24.866666666666664
2022-08-27 01:30:00,24.883333333333336
2022-08-27 02:00:00,24.899999999999995
2022-08-27 02:30:00,24.899999999999995
2022-08-27 03:00:00,24.899999999999995
2022-08-27 03:30:00,24.899999999999995
2022-08-27 04:00:00,24.899999999999995
2022-08-27 04:30:00,24.916666666666668
2022-08-27 05:00:00,24.933333333333337
2022-08-27 05:30:00,24.933333333333337
2022-08-27 06:00:00,24.96666666666667
2022-08-27 06:30:00,25.0
2022-08-27 07:00:00,25.0
2022-08-27 07:30:00,25.03333333333333
2022-08-27 08:00:00,25.03333333333333
2022-08-27 08:30:00,25.05
2022-08-27 09:00:00,25.03333333333333
2022-08-27 09:30:00,25.03333333333333
2022-08-27 10:00:00,24.98333333333333
2022-08-27 10:30:00,24.95
2022-08-27 11:00:00,24.916666666666668
2022-08-27 11:30:00,24.916666666666668
2022-08-27 12:00:00,24.916666666666668
2022-08-27 12:30:00,24.900000000000002
2022-08-27 13:00:00,24.849999999999998
2022-08-27 13:30:00,24.816666666666663
2022-08-27 14:00:00,24.766666666666666
2022-08-27 14:30:00,24.7
2022-08-27 15:00:00,24.683333333333334
2022-08-27 15:30:00,24.666666666666668
2022-08-27 16:00:00,24.566666666666666
2022-08-27 16:30:00,24.55
2022-08-27 17:00:00,24.533333333333335
2022-08-27 17:30:00,24.48333333333333
2022-08-27 18:00:00,24.433333333333337
2022-08-27 18:30:00,24.416666666666668
2022-08-27 19:00:00,24.366666666666664
2022-08-27 19:30:00,24.349999999999998
2022-08-27 20:00:00,24.333333333333332
2022-08-27 20:30:00,24.333333333333332
2022-08-27 21:00:00,24.366666666666664
2022-08-27 21:30:00,24.416666666666668
2022-08-27 22:00:00,24.433333333333334
2022-08-27 22:30:00,24.46666666666667
2022-08-27 23:00:00,24.516666666666666
2022-08-27 23:30:00,24.55
2022-08-28 00:00:00,24.566666666666666
2022-08-28 00:30:00,24.566666666666666
2022-08-28 01:00:00,24.616666666666664
2022-08-28 01:30:00,24.650000000000002
2022-08-28 02:00:00,24.666666666666668
2022-08-28 02:30:00,24.666666666666668
2022-08-28 03:00:00,24.7
2022-08-28 03:30:00,24.666666666666668
2022-08-28 04:00:00,24.71666666666667
2022-08-28 04:30:00,24.733333333333334
2022-08-28 05:00:00,24.733333333333334
2022-08-28 05:30:00,24.75
2022-08-28 06:00:00,24.833333333333332
2022-08-28 06:30:00,24.849999999999998
2022-08-28 07:00:00,24.866666666666664
2022-08-28 07:30:00,24.916666666666668
2022-08-28 08:00:00,24.966666666666665
2022-08-28 08:30:00,24.96666666666667
2022-08-28 09:00:00,24.933333333333337
2022-08-28 09:30:00,24.883333333333336
2022-08-28 10:00:00,24.883333333333336
2022-08-28 10:30:00,24.866666666666664
2022-08-28 11:00:00,24.8
2022-08-28 11:30:00,24.8
2022-08-28 12:00:00,24.75
2022-08-28 12:30:00,24.683333333333334
2022-08-28 13:00:00,24.666666666666668
2022-08-28 13:30:00,24.616666666666664
2022-08-28 14:00:00,24.583333333333332
2022-08-28 14:30:00,24.53333333333333
2022-08-28 15:00:00,24.5
2022-08-28 15:30:00,24.45
2022-08-28 16:00:00,24.400000000000002
2022-08-28 16:30:00,24.400000000000002
2022-08-28 17:00:00,24.36666666666667
2022-08-28 17:30:00,24.3
2022-08-28 18:00:00,24.266666666666666
2022-08-28 18:30:00,24.233333333333334
2022-08-28 19:00:00,24.233333333333334
2022-08-28 19:30:00,24.166666666666668
2022-08-28 20:00:00,24.166666666666668
2022-08-28 20:30:00,24.166666666666668
2022-08-28 21:00:00,24.183333333333334
2022-08-28 21:30:00,24.2
2022-08-28 22:00:00,24.23333333333333
2022-08-28 22:30:00,24.266666666666666
2022-08-28 23:00:00,24.316666666666663
2022-08-28 23:30:00,24.333333333333332
2022-08-29 00:00:00,24.333333333333332
2022-08-29 00:30:00,24.366666666666664
2022-08-29 01:00:00,24.400000000000002
2022-08-29 01:30:00,24.400000000000002
2022-08-29 02:00:00,24.416666666666668
2022-08-29 02:30:00,24.433333333333337
2022-08-29 03:00:00,24.433333333333337
2022-08-29 03:30:00,24.433333333333337
2022-08-29 04:00:00,24.45
2022-08-29 04:30:00,24.46666666666667
2022-08-29 05:00:00,24.46666666666667
2022-08-29 05:30:00,24.5
2022-08-29 06:00:00,24.583333333333332
2022-08-29 06:30:00,24.733333333333334
2022-08-29 07:00:00,25.46666666666667
2022-08-29 07:30:00,25.633333333333336
2022-08-29 08:00:00,25.666666666666668
2022-08-29 08:30:00,25.650000000000002
2022-08-29 09:00:00,25.683333333333334
2022-08-29 09:30:00,25.7
2022-08-29 10:00:00,25.7
2022-08-29 10:30:00,25.683333333333334
2022-08-29 11:00:00,25.7
2022-08-29 11:30:00,25.7
2022-08-29 12:00:00,25.7
2022-08-29 12:30:00,25.683333333333334
2022-08-29 13:00:00,25.633333333333336
2022-08-29 13:30:00,25.616666666666664
2022-08-29 14:00:00,25.583333333333332
2022-08-29 14:30:00,25.53333333333333
2022-08-29 15:00:00,25.483333333333334
2022-08-29 15:30:00,25.416666666666668
2022-08-29 16:00:00,25.38333333333333
2022-08-29 16:30:00,25.349999999999998
2022-08-29 17:00:00,25.28333333333333
2022-08-29 17:30:00,25.233333333333334
2022-08-29 18:00:00,25.2
2022-08-29 18:30:00,25.183333333333334
2022-08-29 19:00:00,25.133333333333336
2022-08-29 19:30:00,25.116666666666664
2022-08-29 20:00:00,25.133333333333336
2022-08-29 20:30:00,25.166666666666668
2022-08-29 21:00:00,25.2
2022-08-29 21:30:00,25.21666666666667
2022-08-29 22:00:00,25.28333333333333
2022-08-29 22:30:00,25.3
2022-08-29 23:00:00,25.333333333333332
2022-08-29 23:30:00,25.36666666666667
2022-08-30 00:00:00,25.36666666666667
2022-08-30 00:30:00,25.46666666666667
2022-08-30 01:00:00,25.46666666666667
2022-08-30 01:30:00,25.483333333333334
2022-08-30 02:00:00,25.46666666666667
2022-08-30 02:30:00,25.5
2022-08-30 03:00:00,25.53333333333333
2022-08-30 03:30:00,25.53333333333333
2022-08-30 04:00:00,25.566666666666663
2022-08-30 04:30:00,25.633333333333336
2022-08-30 05:00:00,25.650000000000002
2022-08-30 05:30:00,25.666666666666668
2022-08-30 06:00:00,25.7
2022-08-30 06:30:00,25.733333333333334
2022-08-30 07:00:00,25.76666666666667
2022-08-30 07:30:00,25.816666666666663
2022-08-30 08:00:00,25.866666666666664
2022-08-30 08:30:00,25.916666666666668
2022-08-30 09:00:00,25.95
2022-08-30 09:30:00,25.933333333333334
2022-08-30 10:00:00,25.916666666666668
2022-08-30 10:30:00,25.849999999999998
2022-08-30 11:00:00,25.78333333333333
2022-08-30 11:30:00,25.71666666666667
2022-08-30 12:00:00,25.633333333333336
2022-08-30 12:30:00,25.650000000000002
2022-08-30 13:00:00,25.583333333333332
2022-08-30 13:30:00,25.46666666666667
2022-08-30 14:00:00,25.433333333333334
2022-08-30 14:30:00,25.349999999999998
2022-08-30 15:00:00,25.28333333333333
2022-08-30 15:30:00,25.183333333333334
2022-08-30 16:00:00,25.133333333333336
2022-08-30 16:30:00,25.099999999999998
2022-08-30 17:00:00,25.03333333333333
2022-08-30 17:30:00,25.03333333333333
2022-08-30 18:00:00,25.03333333333333
2022-08-30 18:30:00,25.01666666666667
2022-08-30 19:00:00,25.0
2022-08-30 19:30:00,25.0
2022-08-30 20:00:00,25.01666666666667
2022-08-30 20:30:00,25.0
2022-08-30 21:00:00,25.016666666666666
2022-08-30 21:30:00,25.066666666666666
2022-08-30 22:00:00,25.099999999999998
2022-08-30 22:30:00,25.116666666666664
2022-08-30 23:00:00,25.150000000000002
2022-08-30 23:30:00,25.2
2022-08-31 00:00:00,25.2
2022-08-31 00:30:00,25.23333333333333
2022-08-31 01:00:00,25.23333333333333
2022-08-31 01:30:00,25.23333333333333
2022-08-31 02:00:00,25.25
2022-08-31 02:30:00,25.26666666666667
2022-08-31 03:00:00,25.26666666666667
2022-08-31 03:30:00,25.26666666666667
2022-08-31 04:00:00,25.3
2022-08-31 04:30:00,25.3
2022-08-31 05:00:00,25.316666666666663
2022-08-31 05:30:00,25.350000000000005
2022-08-31 06:00:00,25.383333333333336
2022-08-31 06:30:00,25.416666666666668
2022-08-31 07:00:00,25.46666666666667
2022-08-31 07:30:00,25.516666666666666
2022-08-31 08:00:00,25.55
2022-08-31 08:30:00,25.566666666666663
2022-08-31 09:00:00,25.599999999999998
2022-08-31 09:30:00,25.616666666666664
2022-08-31 10:00:00,25.616666666666664
2022-08-31 10:30:00,25.599999999999998
2022-08-31 11:00:00,25.633333333333336
2022-08-31 11:30:00,25.633333333333336
2022-08-31 12:00:00,25.633333333333336
2022-08-31 12:30:00,25.633333333333336
2022-08-31 13:00:00,25.616666666666664
2022-08-31 13:30:00,25.599999999999998
2022-08-31 14:00:00,25.599999999999998
2022-08-31 14:30:00,25.599999999999998
2022-08-31 15:00:00,25.566666666666666
2022-08-31 15:30:00,25.53333333333333
2022-08-31 16:00:00,25.516666666666666
2022-08-31 16:30:00,25.5
2022-08-31 17:00:00,25.45
2022-08-31 17:30:00,25.416666666666668
2022-08-31 18:00:00,25.433333333333334
2022-08-31 18:30:00,25.46666666666667
2022-08-31 19:00:00,25.5
2022-08-31 19:30:00,25.5
2022-08-31 20:00:00,25.5
2022-08-31 20:30:00,25.5
2022-08-31 21:00:00,25.5
2022-08-31 21:30:00,25.53333333333333
2022-08-31 22:00:00,25.55
2022-08-31 22:30:00,25.53333333333333
2022-08-31 23:00:00,25.53333333333333
2022-08-31 23:30:00,25.566666666666666
2022-09-01 00:00:00,25.566666666666663
2022-09-01 00:30:00,25.599999999999998
2022-09-01 01:00:00,25.650000000000002
2022-09-01 01:30:00,25.666666666666668
2022-09-01 02:00:00,25.683333333333334
2022-09-01 02:30:00,25.7
2022-09-01 03:00:00,25.683333333333334
2022-09-01 03:30:00,25.7
2022-09-01 04:00:00,25.71666666666667
2022-09-01 04:30:00,25.73333333333333
2022-09-01 05:00:00,25.766666666666666
2022-09-01 05:30:00,25.766666666666666
2022-09-01 06:00:00,25.8
2022-09-01 06:30:00,25.8
2022-09-01 07:00:00,25.833333333333332
2022-09-01 07:30:00,25.883333333333336
2022-09-01 08:00:00,25.933333333333337
2022-09-01 08:30:00,25.933333333333337
2022-09-01 09:00:00,25.96666666666667
2022-09-01 09:30:00,25.96666666666667
2022-09-01 10:00:00,25.933333333333334
2022-09-01 10:30:00,25.883333333333336
2022-09-01 11:00:00,25.866666666666664
2022-09-01 11:30:00,25.8
2022-09-01 12:00:00,25.733333333333334
2022-09-01 12:30:00,25.683333333333337
2022-09-01 13:00:00,25.650000000000002
2022-09-01 13:30:00,25.600000000000005
2022-09-01 14:00:00,25.51666666666667
2022-09-01 14:30:00,25.46666666666667
2022-09-01 15:00:00,25.433333333333334
2022-09-01 15:30:00,25.400000000000002
2022-09-01 16:00:00,25.349999999999998
2022-09-01 16:30:00,25.3
2022-09-01 17:00:00,25.26666666666667
2022-09-01 17:30:00,25.25
2022-09-01 18:00:00,25.2
2022-09-01 18:30:00,25.183333333333334
2022-09-01 19:00:00,25.166666666666668
2022-09-01 19:30:00,25.166666666666668
2022-09-01 20:00:00,25.2
2022-09-01 20:30:00,25.2
2022-09-01 21:00:00,25.266666666666666
2022-09-01 21:30:00,25.233333333333334
2022-09-01 22:00:00,25.26666666666667
2022-09-01 22:30:00,25.316666666666666
2022-09-01 23:00:00,25.349999999999998
2022-09-01 23:30:00,25.383333333333336
2022-09-02 00:00:00,25.400000000000002
2022-09-02 00:30:00,25.433333333333334
2022-09-02 01:00:00,25.450000000000003
2022-09-02 01:30:00,25.51666666666667
2022-09-02 02:00:00,25.53333333333333
2022-09-02 02:30:00,25.55
2022-09-02 03:00:00,25.583333333333332
2022-09-02 03:30:00,25.599999999999998
2022-09-02 04:00:00,25.616666666666664
2022-09-02 04:30:00,25.633333333333336
2022-09-02 05:00:00,25.633333333333336
2022-09-02 05:30:00,25.7
2022-09-02 06:00:00,25.7
2022-09-02 06:30:00,25.733333333333334
2022-09-02 07:00:00,25.733333333333334
2022-09-02 07:30:00,25.766666666666666
2022-09-02 08:00:00,25.8
2022-09-02 08:30:00,25.833333333333332
2022-09-02 09:00:00,25.833333333333332
2022-09-02 09:30:00,25.816666666666666
2022-09-02 10:00:00,25.799999999999997
2022-09-02 10:30:00,25.799999999999997
2022-09-02 11:00:00,25.733333333333334
2022-09-02 11:30:00,25.666666666666668
2022-09-02 12:00:00,25.633333333333336
2022-09-02 12:30:00,25.566666666666666
2022-09-02 13:00:00,25.5
2022-09-02 13:30:00,25.433333333333337
2022-09-02 14:00:00,25.333333333333332
2022-09-02 14:30:00,25.3
2022-09-02 15:00:00,25.233333333333334
2022-09-02 15:30:00,25.2
2022-09-02 16:00:00,25.149999999999995
2022-09-02 16:30:00,25.133333333333336
2022-09-02 17:00:00,25.116666666666664
2022-09-02 17:30:00,25.03333333333333
2022-09-02 18:00:00,25.0
2022-09-02 18:30:00,24.95
2022-09-02 19:00:00,24.900000000000002
2022-09-02 19:30:00,24.900000000000002
2022-09-02 20:00:00,24.916666666666668
2022-09-02 20:30:00,24.933333333333334
2022-09-02 21:00:00,24.983333333333334
2022-09-02 21:30:00,25.033333333333335
2022-09-02 22:00:00,25.066666666666666
2022-09-02 22:30:00,25.099999999999998
2022-09-02 23:00:00,25.11666666666667
2022-09-02 23:30:00,25.133333333333336
2022-09-03 00:00:00,25.166666666666668
2022-09-03 00:30:00,25.21666666666667
2022-09-03 01:00:00,25.233333333333334
2022-09-03 01:30:00,25.25
2022-09-03 02:00:00,25.266666666666666
2022-09-03 02:30:00,25.3
2022-09-03 03:00:00,25.333333333333332
2022-09-03 03:30:00,25.333333333333332
2022-09-03 04:00:00,25.366666666666664
2022-09-03 04:30:00,25.366666666666664
2022-09-03 05:00:00,25.349999999999998
2022-09-03 05:30:00,25.45
2022-09-03 06:00:00,25.46666666666667
2022-09-03 06:30:00,25.5
2022-09-03 07:00:00,25.5
2022-09-03 07:30:00,25.5
2022-09-03 08:00:00,25.516666666666666
2022-09-03 08:30:00,25.566666666666663
2022-09-03 09:00:00,25.566666666666663
2022-09-03 09:30:00,25.53333333333333
2022-09-03 10:00:00,25.516666666666666
2022-09-03 10:30:00,25.5
2022-09-03 11:00:00,25.46666666666667
2022-09-03 11:30:00,25.433333333333337
2022-09-03 12:00:00,25.416666666666668
2022-09-03 12:30:00,25.350000000000005
2022-09-03 13:00:00,25.316666666666663
2022-09-03 13:30:00,25.266666666666666
2022-09-03 14:00:00,25.21666666666667
2022-09-03 14:30:00,25.166666666666668
2022-09-03 15:00:00,25.116666666666664
2022-09-03 15:30:00,25.05
2022-09-03 16:00:00,25.016666666666666
2022-09-03 16:30:00,24.96666666666667
2022-09-03 17:00:00,24.950000000000003
2022-09-03 17:30:00,24.900000000000002
2022-09-03 18:00:00,24.849999999999998
2022-09-03 18:30:00,24.833333333333332
2022-09-03 19:00:00,24.833333333333332
2022-09-03 19:30:00,24.816666666666666
2022-09-03 20:00:00,24.76666666666667
2022-09-03 20:30:00,24.8
2022-09-03 21:00:00,24.849999999999998
2022-09-03 21:30:00,24.900000000000002
2022-09-03 22:00:00,24.933333333333334
2022-09-03 22:30:00,24.950000000000003
2022-09-03 23:00:00,25.0
2022-09-03 23:30:00,25.03333333333333
2022-09-04 00:00:00,25.03333333333333
2022-09-04 00:30:00,25.083333333333332
2022-09-04 01:00:00,25.083333333333332
2022-09-04 01:30:00,25.083333333333332
2022-09-04 02:00:00,25.166666666666668
2022-09-04 02:30:00,25.166666666666668
2022-09-04 03:00:00,25.133333333333336
2022-09-04 03:30:00,25.166666666666668
2022-09-04 04:00:00,25.166666666666668
2022-09-04 04:30:00,25.166666666666668
2022-09-04 05:00:00,25.150000000000002
2022-09-04 05:30:00,25.133333333333336
2022-09-04 06:00:00,25.166666666666668
2022-09-04 06:30:00,25.166666666666668
2022-09-04 07:00:00,25.183333333333337
2022-09-04 07:30:00,25.2
2022-09-04 08:00:00,25.2
2022-09-04 08:30:00,25.2
2022-09-04 09:00:00,25.2
2022-09-04 09:30:00,25.2
2022-09-04 10:00:00,25.2
2022-09-04 10:30:00,25.150000000000002
2022-09-04 11:00:00,25.099999999999998
2022-09-04 11:30:00,25.083333333333332
2022-09-04 12:00:00,25.03333333333333
2022-09-04 12:30:00,25.016666666666666
2022-09-04 13:00:00,24.95
2022-09-04 13:30:00,24.88333333333333
2022-09-04 14:00:00,24.866666666666664
2022-09-04 14:30:00,24.816666666666666
2022-09-04 15:00:00,24.8
2022-09-04 15:30:00,24.8
2022-09-04 16:00:00,24.75
2022-09-04 16:30:00,24.7
2022-09-04 17:00:00,24.666666666666668
2022-09-04 17:30:00,24.666666666666668
2022-09-04 18:00:00,24.616666666666664
2022-09-04 18:30:00,24.583333333333332
2022-09-04 19:00:00,24.566666666666663
2022-09-04 19:30:00,24.583333333333332
2022-09-04 20:00:00,24.600000000000005
2022-09-04 20:30:00,24.616666666666664
2022-09-04 21:00:00,24.666666666666668
2022-09-04 21:30:00,24.683333333333334
2022-09-04 22:00:00,24.733333333333334
2022-09-04 22:30:00,24.733333333333334
2022-09-04 23:00:00,24.766666666666666
2022-09-04 23:30:00,24.766666666666666
2022-09-05 00:00:00,24.766666666666666
2022-09-05 00:30:00,24.799999999999997
2022-09-05 01:00:00,24.799999999999997
2022-09-05 01:30:00,24.816666666666666
2022-09-05 02:00:00,24.849999999999998
2022-09-05 02:30:00,24.866666666666664
2022-09-05 03:00:00,24.849999999999998
2022-09-05 03:30:00,24.849999999999998
2022-09-05 04:00:00,24.883333333333336
2022-09-05 04:30:00,24.916666666666668
2022-09-05 05:00:00,24.933333333333334
2022-09-05 05:30:00,24.933333333333334
2022-09-05 06:00:00,24.900000000000002
2022-09-05 06:30:00,24.900000000000002
2022-09-05 07:00:00,24.900000000000002
2022-09-05 07:30:00,24.916666666666668
2022-09-05 08:00:00,24.933333333333334
2022-09-05 08:30:00,24.96666666666667
2022-09-05 09:00:00,24.95
2022-09-05 09:30:00,24.933333333333334
2022-09-05 10:00:00,24.933333333333334
2022-09-05 10:30:00,24.899999999999995
2022-09-05 11:00:00,24.899999999999995
2022-09-05 11:30:00,24.899999999999995
2022-09-05 12:00:00,24.899999999999995
2022-09-05 12:30:00,24.883333333333336
2022-09-05 13:00:00,24.866666666666664
2022-09-05 13:30:00,24.849999999999998
2022-09-05 14:00:00,24.833333333333332
2022-09-05 14:30:00,24.833333333333332
2022-09-05 15:00:00,24.78333333333333
2022-09-05 15:30:00,24.733333333333334
2022-09-05 16:00:00,24.7
2022-09-05 16:30:00,24.683333333333334
2022-09-05 17:00:00,24.63333333333333
2022-09-05 17:30:00,24.63333333333333
2022-09-05 18:00:00,24.63333333333333
2022-09-05 18:30:00,24.63333333333333
2022-09-05 19:00:00,24.63333333333333
2022-09-05 19:30:00,24.599999999999998
2022-09-05 20:00:00,24.599999999999998
2022-09-05 20:30:00,24.599999999999998
2022-09-05 21:00:00,24.61666666666667
2022-09-05 21:30:00,24.633333333333336
2022-09-05 22:00:00,24.633333333333336
2022-09-05 22:30:00,24.633333333333336
2022-09-05 23:00:00,24.7
2022-09-05 23:30:00,24.666666666666668
2022-09-06 00:00:00,24.666666666666668
2022-09-06 00:30:00,24.683333333333334
2022-09-06 01:00:00,24.683333333333334
2022-09-06 01:30:00,24.733333333333334
2022-09-06 02:00:00,24.766666666666666
2022-09-06 02:30:00,24.8
2022-09-06 03:00:00,24.78333333333333
2022-09-06 03:30:00,24.8
2022-09-06 04:00:00,24.833333333333332
2022-09-06 04:30:00,24.816666666666666
2022-09-06 05:00:00,24.849999999999998
2022-09-06 05:30:00,24.883333333333336
2022-09-06 06:00:00,24.86666666666667
2022-09-06 06:30:00,24.883333333333336
2022-09-06 07:00:00,24.95
2022-09-06 07:30:00,24.96666666666667
2022-09-06 08:00:00,25.0
2022-09-06 08:30:00,25.066666666666663
2022-09-06 09:00:00,25.099999999999998
2022-09-06 09:30:00,25.099999999999998
2022-09-06 10:00:00,25.083333333333332
2022-09-06 10:30:00,25.083333333333332
2022-09-06 11:00:00,25.100000000000005
2022-09-06 11:30:00,25.05
2022-09-06 12:00:00,25.01666666666667
2022-09-06 12:30:00,24.95
2022-09-06 13:00:00,24.900000000000002
2022-09-06 13:30:00,24.833333333333332
2022-09-06 14:00:00,24.78333333333333
2022-09-06 14:30:00,24.733333333333334
2022-09-06 15:00:00,24.666666666666668
2022-09-06 15:30:00,24.633333333333336
2022-09-06 16:00:00,24.600000000000005
2022-09-06 16:30:00,24.566666666666663
2022-09-06 17:00:00,24.53333333333333
2022-09-06 17:30:00,24.53333333333333
2022-09-06 18:00:00,24.483333333333334
2022-09-06 18:30:00,24.45
2022-09-06 19:00:00,24.433333333333334
2022-09-06 19:30:00,24.416666666666668
2022-09-06 20:00:00,24.383333333333336
2022-09-06 20:30:00,24.366666666666664
2022-09-06 21:00:00,24.400000000000002
2022-09-06 21:30:00,24.400000000000002
2022-09-06 22:00:00,24.433333333333337
2022-09-06 22:30:00,24.533333333333335
2022-09-06 23:00:00,24.566666666666666
2022-09-06 23:30:00,24.599999999999998
2022-09-07 00:00:00,24.599999999999998
2022-09-07 00:30:00,24.633333333333336
2022-09-07 01:00:00,24.633333333333336
2022-09-07 01:30:00,24.633333333333336
2022-09-07 02:00:00,24.633333333333336
2022-09-07 02:30:00,24.650000000000002
2022-09-07 03:00:00,24.616666666666664
2022-09-07 03:30:00,24.599999999999998
2022-09-07 04:00:00,24.61666666666667
2022-09-07 04:30:00,24.633333333333336
2022-09-07 05:00:00,24.683333333333334
2022-09-07 05:30:00,24.7
2022-09-07 06:00:00,24.733333333333334
2022-09-07 06:30:00,24.733333333333334
2022-09-07 07:00:00,24.733333333333334
2022-09-07 07:30:00,24.766666666666666
2022-09-07 08:00:00,24.733333333333334
2022-09-07 08:30:00,24.75
2022-09-07 09:00:00,24.76666666666667
2022-09-07 09:30:00,24.76666666666667
2022-09-07 10:00:00,24.76666666666667
2022-09-07 10:30:00,24.71666666666667
2022-09-07 11:00:00,24.7
2022-09-07 11:30:00,24.666666666666668
2022-09-07 12:00:00,24.666666666666668
2022-09-07 12:30:00,24.666666666666668
2022-09-07 13:00:00,24.616666666666664
2022-09-07 13:30:00,24.583333333333332
2022-09-07 14:00:00,24.53333333333333
2022-09-07 14:30:00,24.46666666666667
2022-09-07 15:00:00,24.433333333333334
2022-09-07 15:30:00,24.383333333333336
2022-09-07 16:00:00,24.333333333333332
2022-09-07 16:30:00,24.333333333333332
2022-09-07 17:00:00,24.299999999999997
2022-09-07 17:30:00,24.299999999999997
2022-09-07 18:00:00,24.3
2022-09-07 18:30:00,24.233333333333334
2022-09-07 19:00:00,24.21666666666667
2022-09-07 19:30:00,24.25
2022-09-07 20:00:00,24.266666666666666
2022-09-07 20:30:00,24.3
2022-09-07 21:00:00,24.333333333333332
2022-09-07 21:30:00,24.333333333333332
2022-09-07 22:00:00,24.349999999999998
2022-09-07 22:30:00,24.366666666666664
2022-09-07 23:00:00,24.400000000000002
2022-09-07 23:30:00,24.433333333333334
2022-09-08 00:00:00,24.46666666666667
2022-09-08 00:30:00,24.46666666666667
2022-09-08 01:00:00,24.533333333333335
2022-09-08 01:30:00,24.583333333333332
2022-09-08 02:00:00,24.566666666666666
2022-09-08 02:30:00,24.583333333333332
2022-09-08 03:00:00,24.599999999999998
2022-09-08 03:30:00,24.566666666666666
2022-09-08 04:00:00,24.53333333333333
2022-09-08 04:30:00,24.566666666666666
2022-09-08 05:00:00,24.566666666666666
2022-09-08 05:30:00,24.566666666666666
2022-09-08 06:00:00,24.583333333333332
2022-09-08 06:30:00,24.616666666666664
2022-09-08 07:00:00,24.633333333333336
2022-09-08 07:30:00,24.666666666666668
2022-09-08 08:00:00,24.683333333333334
2022-09-08 08:30:00,24.7
2022-09-08 09:00:00,24.766666666666666
2022-09-08 09:30:00,24.8
2022-09-08 10:00:00,24.8
2022-09-08 10:30:00,24.849999999999998
2022-09-08 11:00:00,24.8
2022-09-08 11:30:00,24.76666666666667
2022-09-08 12:00:00,24.8
2022-09-08 12:30:00,24.733333333333334
2022-09-08 13:00:00,24.683333333333334
2022-09-08 13:30:00,24.650000000000002
2022-09-08 14:00:00,24.53333333333333
2022-09-08 14:30:00,24.516666666666666
2022-09-08 15:00:00,24.416666666666668
2022-09-08 15:30:00,24.366666666666664
2022-09-08 16:00:00,24.349999999999998
2022-09-08 16:30:00,24.333333333333332
2022-09-08 17:00:00,24.28333333333333
2022-09-08 17:30:00,24.21666666666667
2022-09-08 18:00:00,24.166666666666668
2022-09-08 18:30:00,24.116666666666664
2022-09-08 19:00:00,24.099999999999998
2022-09-08 19:30:00,24.099999999999998
2022-09-08 20:00:00,24.083333333333332
2022-09-08 20:30:00,24.133333333333336
2022-09-08 21:00:00,24.150000000000002
2022-09-08 21:30:00,24.200000000000003
2022-09-08 22:00:00,24.233333333333334
2022-09-08 22:30:00,24.299999999999997
2022-09-08 23:00:00,24.349999999999998
2022-09-08 23:30:00,24.349999999999998
2022-09-09 00:00:00,24.366666666666664
2022-09-09 00:30:00,24.433333333333334
2022-09-09 01:00:00,24.433333333333334
2022-09-09 01:30:00,24.433333333333334
2022-09-09 02:00:00,24.46666666666667
2022-09-09 02:30:00,24.433333333333334
2022-09-09 03:00:00,24.45
2022-09-09 03:30:00,24.466666666666665
2022-09-09 04:00:00,24.466666666666665
2022-09-09 04:30:00,24.466666666666665
2022-09-09 05:00:00,24.466666666666665
2022-09-09 05:30:00,24.45
2022-09-09 06:00:00,24.483333333333334
2022-09-09 06:30:00,24.5
2022-09-09 07:00:00,24.5
2022-09-09 07:30:00,24.53333333333333
2022-09-09 08:00:00,24.549999999999997
2022-09-09 08:30:00,24.599999999999998
2022-09-09 09:00:00,24.599999999999998
2022-09-09 09:30:00,24.633333333333336
2022-09-09 10:00:00,24.616666666666664
2022-09-09 10:30:00,24.63333333333333
2022-09-09 11:00:00,24.599999999999998
2022-09-09 11:30:00,24.583333333333332
2022-09-09 12:00:00,24.53333333333333
2022-09-09 12:30:00,24.46666666666667
2022-09-09 13:00:00,24.433333333333337
2022-09-09 13:30:00,24.433333333333337
2022-09-09 14:00:00,24.400000000000002
2022-09-09 14:30:00,24.349999999999998
2022-09-09 15:00:00,24.316666666666663
2022-09-09 15:30:00,24.25
2022-09-09 16:00:00,24.166666666666668
2022-09-09 16:30:00,24.166666666666668
2022-09-09 17:00:00,24.166666666666668
2022-09-09 17:30:00,24.099999999999998
2022-09-09 18:00:00,24.05
2022-09-09 18:30:00,23.983333333333334
2022-09-09 19:00:00,23.95
2022-09-09 19:30:00,23.95
2022-09-09 20:00:00,23.96666666666667
2022-09-09 20:30:00,23.983333333333334
2022-09-09 21:00:00,24.05
2022-09-09 21:30:00,24.066666666666666
2022-09-09 22:00:00,24.116666666666664
2022-09-09 22:30:00,24.133333333333336
2022-09-09 23:00:00,24.166666666666668
2022-09-09 23:30:00,24.233333333333334
2022-09-10 00:00:00,24.266666666666666
2022-09-10 00:30:00,24.25
2022-09-10 01:00:00,24.233333333333334
2022-09-10 01:30:00,24.266666666666666
2022-09-10 02:00:00,24.266666666666666
2022-09-10 02:30:00,24.28333333333333
2022-09-10 03:00:00,24.3
2022-09-10 03:30:00,24.316666666666666
2022-09-10 04:00:00,24.333333333333332
2022-09-10 04:30:00,24.333333333333332
2022-09-10 05:00:00,24.333333333333332
2022-09-10 05:30:00,24.333333333333332
2022-09-10 06:00:00,24.333333333333332
2022-09-10 06:30:00,24.3
2022-09-10 07:00:00,24.316666666666666
2022-09-10 07:30:00,24.349999999999998
2022-09-10 08:00:00,24.383333333333336
2022-09-10 08:30:00,24.399999999999995
2022-09-10 09:00:00,24.399999999999995
2022-09-10 09:30:00,24.45
2022-09-10 10:00:00,24.5
2022-09-10 10:30:00,24.5
2022-09-10 11:00:00,24.533333333333335
2022-09-10 11:30:00,24.5
2022-09-10 12:00:00,24.433333333333337
2022-09-10 12:30:00,24.400000000000002
2022-09-10 13:00:00,24.366666666666664
2022-09-10 13:30:00,24.333333333333332
2022-09-10 14:00:00,24.3
2022-09-10 14:30:00,24.25
2022-09-10 15:00:00,24.166666666666668
2022-09-10 15:30:00,24.116666666666664
2022-09-10 16:00:00,24.066666666666663
2022-09-10 16:30:00,24.0
2022-09-10 17:00:00,23.96666666666667
2022-09-10 17:30:00,23.96666666666667
2022-09-10 18:00:00,23.883333333333336
2022-09-10 18:30:00,23.816666666666663
2022-09-10 19:00:00,23.8
2022-09-10 19:30:00,23.8
2022-09-10 20:00:00,23.8
2022-09-10 20:30:00,23.8
2022-09-10 21:00:00,23.833333333333332
2022-09-10 21:30:00,23.850000000000005
2022-09-10 22:00:00,23.866666666666664
2022-09-10 22:30:00,23.900000000000002
2022-09-10 23:00:00,23.933333333333337
2022-09-10 23:30:00,23.983333333333334
2022-09-11 00:00:00,24.0
2022-09-11 00:30:00,24.05
2022-09-11 01:00:00,24.066666666666666
2022-09-11 01:30:00,24.133333333333336
2022-09-11 02:00:00,24.150000000000002
2022-09-11 02:30:00,24.13333333333333
2022-09-11 03:00:00,24.13333333333333
2022-09-11 03:30:00,24.13333333333333
2022-09-11 04:00:00,24.13333333333333
2022-09-11 04:30:00,24.13333333333333
2022-09-11 05:00:00,24.13333333333333
2022-09-11 05:30:00,24.13333333333333
2022-09-11 06:00:00,24.13333333333333
2022-09-11 06:30:00,24.166666666666668
2022-09-11 07:00:00,24.166666666666668
2022-09-11 07:30:00,24.166666666666668
2022-09-11 08:00:00,24.233333333333334
2022-09-11 08:30:00,24.25
2022-09-11 09:00:00,24.25
2022-09-11 09:30:00,24.2
2022-09-11 10:00:00,24.23333333333333
2022-09-11 10:30:00,24.183333333333334
2022-09-11 11:00:00,24.183333333333334
2022-09-11 11:30:00,24.166666666666668
2022-09-11 12:00:00,24.2
2022-09-11 12:30:00,24.150000000000002
2022-09-11 13:00:00,24.099999999999998
2022-09-11 13:30:00,24.066666666666666
2022-09-11 14:00:00,24.05
2022-09-11 14:30:00,23.98333333333333
2022-09-11 15:00:00,23.96666666666667
2022-09-11 15:30:00,23.916666666666668
2022-09-11 16:00:00,23.866666666666664
2022-09-11 16:30:00,23.833333333333332
2022-09-11 17:00:00,23.816666666666666
2022-09-11 17:30:00,23.766666666666666
2022-09-11 18:00:00,23.733333333333334
2022-09-11 18:30:00,23.666666666666668
2022-09-11 19:00:00,23.666666666666668
2022-09-11 19:30:00,23.666666666666668
2022-09-11 20:00:00,23.71666666666667
2022-09-11 20:30:00,23.733333333333334
2022-09-11 21:00:00,23.76666666666667
2022-09-11 21:30:00,23.76666666666667
2022-09-11 22:00:00,23.833333333333332
2022-09-11 22:30:00,23.833333333333332
2022-09-11 23:00:00,23.86666666666667
2022-09-11 23:30:00,23.900000000000002
2022-09-12 00:00:00,23.933333333333334
2022-09-12 00:30:00,23.933333333333334
2022-09-12 01:00:00,23.98333333333333
2022-09-12 01:30:00,24.01666666666667
2022-09-12 02:00:00,24.03333333333333
2022-09-12 02:30:00,24.05
2022-09-12 03:00:00,24.066666666666663
2022-09-12 03:30:00,24.066666666666663
2022-09-12 04:00:00,24.066666666666663
2022-09-12 04:30:00,24.05
2022-09-12 05:00:00,24.05
2022-09-12 05:30:00,24.066666666666666
2022-09-12 06:00:00,24.05
2022-09-12 06:30:00,24.03333333333333
2022-09-12 07:00:00,24.03333333333333
2022-09-12 07:30:00,24.099999999999998
2022-09-12 08:00:00,24.133333333333336
2022-09-12 08:30:00,24.166666666666668
2022-09-12 09:00:00,24.166666666666668
2022-09-12 09:30:00,24.2
2022-09-12 10:00:00,24.233333333333334
2022-09-12 10:30:00,24.266666666666666
2022-09-12 11:00:00,24.266666666666666
2022-09-12 11:30:00,24.233333333333334
2022-09-12 12:00:00,24.2
2022-09-12 12:30:00,24.150000000000002
2022-09-12 13:00:00,24.05
2022-09-12 13:30:00,23.53333333333333
2022-09-12 14:00:00,23.05
2022-09-12 14:30:00,23.066666666666666
2022-09-12 15:00:00,23.05
2022-09-12 15:30:00,23.0
2022-09-12 16:00:00,22.96666666666667
2022-09-12 16:30:00,22.916666666666668
2022-09-12 17:00:00,22.900000000000002
2022-09-12 17:30:00,22.849999999999998
2022-09-12 18:00:00,22.8
2022-09-12 18:30:00,22.766666666666666
2022-09-12 19:00:00,22.73333333333333
2022-09-12 19:30:00,22.75
2022-09-12 20:00:00,22.76666666666667
2022-09-12 20:30:00,22.8
2022-09-12 21:00:00,22.8
2022-09-12 21:30:00,22.833333333333332
2022-09-12 22:00:00,22.866666666666664
2022-09-12 22:30:00,22.866666666666664
2022-09-12 23:00:00,22.883333333333336
2022-09-12 23:30:00,22.96666666666667
2022-09-13 00:00:00,22.96666666666667
2022-09-13 00:30:00,23.0
2022-09-13 01:00:00,23.03333333333333
2022-09-13 01:30:00,23.03333333333333
2022-09-13 02:00:00,23.133333333333336
2022-09-13 02:30:00,23.150000000000002
2022-09-13 03:00:00,23.150000000000002
2022-09-13 03:30:00,23.183333333333334
2022-09-13 04:00:00,23.183333333333334
2022-09-13 04:30:00,23.166666666666668
2022-09-13 05:00:00,23.166666666666668
2022-09-13 05:30:00,23.183333333333337
2022-09-13 06:00:00,23.133333333333336
2022-09-13 06:30:00,23.133333333333336
2022-09-13 07:00:00,23.150000000000002
2022-09-13 07:30:00,23.2
2022-09-13 08:00:00,23.2
2022-09-13 08:30:00,23.2
2022-09-13 09:00:00,23.183333333333334
2022-09-13 09:30:00,23.133333333333336
2022-09-13 10:00:00,23.149999999999995
2022-09-13 10:30:00,23.166666666666668
2022-09-13 11:00:00,23.133333333333336
2022-09-13 11:30:00,23.099999999999998
2022-09-13 12:00:00,23.083333333333332
2022-09-13 12:30:00,23.03333333333333
2022-09-13 13:00:00,23.03333333333333
2022-09-13 13:30:00,23.0
2022-09-13 14:00:00,23.0
2022-09-13 14:30:00,23.0
2022-09-13 15:00:00,22.899999999999995
2022-09-13 15:30:00,22.849999999999998
2022-09-13 16:00:00,22.833333333333332
2022-09-13 16:30:00,22.816666666666666
2022-09-13 17:00:00,22.78333333333333
2022-09-13 17:30:00,22.76666666666667
2022-09-13 18:00:00,22.76666666666667
2022-09-13 18:30:00,22.76666666666667
2022-09-13 19:00:00,22.76666666666667
2022-09-13 19:30:00,22.76666666666667
2022-09-13 20:00:00,22.76666666666667
2022-09-13 20:30:00,22.76666666666667
2022-09-13 21:00:00,22.76666666666667
2022-09-13 21:30:00,22.8
2022-09-13 22:00:00,22.8
2022-09-13 22:30:00,22.8
2022-09-13 23:00:00,22.8
2022-09-13 23:30:00,22.816666666666666
2022-09-14 00:00:00,22.833333333333332
2022-09-14 00:30:00,22.833333333333332
2022-09-14 01:00:00,22.833333333333332
2022-09-14 01:30:00,22.833333333333332
2022-09-14 02:00:00,22.850000000000005
2022-09-14 02:30:00,22.866666666666664
2022-09-14 03:00:00,22.866666666666664
2022-09-14 03:30:00,22.933333333333337
2022-09-14 04:00:00,22.98333333333333
2022-09-14 04:30:00,23.03333333333333
2022-09-14 05:00:00,23.066666666666666
2022-09-14 05:30:00,23.01666666666667
2022-09-14 06:00:00,22.96666666666667
2022-09-14 06:30:00,23.0
2022-09-14 07:00:00,23.0
2022-09-14 07:30:00,22.96666666666667
2022-09-14 08:00:00,22.916666666666668
2022-09-14 08:30:00,22.900000000000002
2022-09-14 09:00:00,22.900000000000002
2022-09-14 09:30:00,22.900000000000002
2022-09-14 10:00:00,22.883333333333336
2022-09-14 10:30:00,22.866666666666664
2022-09-14 11:00:00,22.866666666666664
2022-09-14 11:30:00,22.883333333333336
2022-09-14 12:00:00,22.833333333333332
2022-09-14 12:30:00,22.833333333333332
2022-09-14 13:00:00,22.833333333333332
2022-09-14 13:30:00,22.8
2022-09-14 14:00:00,22.8
2022-09-14 14:30:00,22.8
2022-09-14 15:00:00,22.8
2022-09-14 15:30:00,22.8
2022-09-14 16:00:00,23.100000000000005
2022-09-14 16:30:00,23.333333333333332
2022-09-14 17:00:00,23.45
2022-09-14 17:30:00,23.516666666666666
2022-09-14 18:00:00,23.516666666666666
2022-09-14 18:30:00,23.45
2022-09-14 19:00:00,23.416666666666668
2022-09-14 19:30:00,23.433333333333334
2022-09-14 20:00:00,23.400000000000002
2022-09-14 20:30:00,24.616666666666664
2022-09-14 21:00:00,25.933333333333334
2022-09-14 21:30:00,26.03333333333333
2022-09-14 22:00:00,26.016666666666666
2022-09-14 22:30:00,26.150000000000002
2022-09-14 23:00:00,26.383333333333336
2022-09-14 23:30:00,26.383333333333336
2022-09-15 00:00:00,26.133333333333336
2022-09-15 00:30:00,25.566666666666666
2022-09-15 01:00:00,25.399999999999995
2022-09-15 01:30:00,25.3
2022-09-15 02:00:00,25.266666666666666
2022-09-15 02:30:00,25.28333333333333
2022-09-15 03:00:00,25.266666666666666
2022-09-15 03:30:00,25.25
2022-09-15 04:00:00,25.233333333333334
2022-09-15 04:30:00,25.21666666666667
2022-09-15 05:00:00,25.23333333333333
2022-09-15 05:30:00,25.266666666666666
2022-09-15 06:00:00,25.25
2022-09-15 06:30:00,25.25
2022-09-15 07:00:00,25.5
2022-09-15 07:30:00,25.883333333333336
2022-09-15 08:00:00,25.866666666666664
2022-09-15 08:30:00,26.01666666666667
2022-09-15 09:00:00,26.516666666666666
2022-09-15 09:30:00,26.96666666666667
2022-09-15 10:00:00,27.46666666666667
2022-09-15 10:30:00,27.71666666666667
2022-09-15 11:00:00,27.616666666666664
2022-09-15 11:30:00,27.433333333333337
2022-09-15 12:00:00,27.366666666666664
2022-09-15 12:30:00,27.383333333333336
2022-09-15 13:00:00,27.349999999999998
2022-09-15 13:30:00,27.25
2022-09-15 14:00:00,27.200000000000003
2022-09-15 14:30:00,27.150000000000002
2022-09-15 15:00:00,27.116666666666664
2022-09-15 15:30:00,27.03333333333333
2022-09-15 16:00:00,27.016666666666666
2022-09-15 16:30:00,26.95
2022-09-15 17:00:00,26.900000000000002
2022-09-15 17:30:00,26.86666666666667
2022-09-15 18:00:00,26.816666666666666
2022-09-15 18:30:00,26.8
2022-09-15 19:00:00,26.8
2022-09-15 19:30:00,26.75
2022-09-15 20:00:00,26.850000000000005
2022-09-15 20:30:00,26.983333333333334
2022-09-15 21:00:00,27.73333333333333
2022-09-15 21:30:00,28.149999999999995
2022-09-15 22:00:00,28.21666666666667
2022-09-15 22:30:00,28.150000000000002
2022-09-15 23:00:00,28.233333333333334
2022-09-15 23:30:00,28.0
2022-09-16 00:00:00,27.96666666666667
2022-09-16 00:30:00,27.933333333333334
2022-09-16 01:00:00,29.25
2022-09-16 01:30:00,30.516666666666666
2022-09-16 02:00:00,30.099999999999998
2022-09-16 02:30:00,29.55
2022-09-16 03:00:00,29.283333333333335
2022-09-16 03:30:00,29.08333333333334
2022-09-16 04:00:00,28.950000000000003
2022-09-16 04:30:00,28.86666666666667
2022-09-16 05:00:00,28.833333333333332
2022-09-16 05:30:00,28.766666666666666
2022-09-16 06:00:00,28.75
2022-09-16 06:30:00,28.700000000000003
2022-09-16 07:00:00,28.683333333333334
2022-09-16 07:30:00,28.633333333333336
2022-09-16 08:00:00,28.633333333333336
2022-09-16 08:30:00,28.63333333333333
2022-09-16 09:00:00,28.63333333333333
2022-09-16 09:30:00,28.616666666666664
2022-09-16 10:00:00,28.583333333333332
2022-09-16 10:30:00,28.583333333333332
2022-09-16 11:00:00,28.566666666666663
2022-09-16 11:30:00,28.566666666666663
2022-09-16 12:00:00,28.549999999999997
2022-09-16 12:30:00,28.55
2022-09-16 13:00:00,28.5
2022-09-16 13:30:00,28.45
2022-09-16 14:00:00,28.400000000000002
2022-09-16 14:30:00,28.400000000000002
2022-09-16 15:00:00,28.333333333333332
2022-09-16 15:30:00,28.316666666666663
2022-09-16 16:00:00,28.3
2022-09-16 16:30:00,28.3
2022-09-16 17:00:00,28.25
2022-09-16 17:30:00,28.233333333333338
2022-09-16 18:00:00,28.150000000000002
2022-09-16 18:30:00,28.13333333333333
2022-09-16 19:00:00,28.13333333333333
2022-09-16 19:30:00,28.13333333333333
2022-09-16 20:00:00,28.166666666666668
2022-09-16 20:30:00,28.183333333333334
2022-09-16 21:00:00,28.200000000000003
2022-09-16 21:30:00,28.200000000000003
2022-09-16 22:00:00,28.200000000000003
2022-09-16 22:30:00,28.233333333333334
2022-09-16 23:00:00,28.25
2022-09-16 23:30:00,28.266666666666666
2022-09-17 00:00:00,28.266666666666666
2022-09-17 00:30:00,28.28333333333333
2022-09-17 01:00:00,28.3
2022-09-17 01:30:00,28.333333333333332
2022-09-17 02:00:00,28.333333333333332
2022-09-17 02:30:00,28.333333333333332
2022-09-17 03:00:00,28.333333333333332
2022-09-17 03:30:00,28.333333333333332
2022-09-17 04:00:00,28.333333333333332
2022-09-17 04:30:00,28.333333333333332
2022-09-17 05:00:00,28.333333333333332
2022-09-17 05:30:00,28.333333333333332
2022-09-17 06:00:00,28.333333333333332
2022-09-17 06:30:00,28.333333333333332
2022-09-17 07:00:00,28.366666666666664
2022-09-17 07:30:00,28.399999999999995
2022-09-17 08:00:00,28.399999999999995
2022-09-17 08:30:00,28.399999999999995
2022-09-17 09:00:00,28.399999999999995
2022-09-17 09:30:00,28.383333333333336
2022-09-17 10:00:00,28.349999999999998
2022-09-17 10:30:00,28.333333333333332
2022-09-17 11:00:00,28.349999999999998
2022-09-17 11:30:00,28.333333333333332
2022-09-17 12:00:00,28.28333333333333
2022-09-17 12:30:00,28.2
2022-09-17 13:00:00,28.166666666666668
2022-09-17 13:30:00,28.2
2022-09-17 14:00:00,28.183333333333337
2022-09-17 14:30:00,28.133333333333336
2022-09-17 15:00:00,28.116666666666664
2022-09-17 15:30:00,28.099999999999998
2022-09-17 16:00:00,28.03333333333333
2022-09-17 16:30:00,28.016666666666666
2022-09-17 17:00:00,28.0
2022-09-17 17:30:00,28.0
2022-09-17 18:00:00,27.96666666666667
2022-09-17 18:30:00,27.899999999999995
2022-09-17 19:00:00,27.95
2022-09-17 19:30:00,27.96666666666667
2022-09-17 20:00:00,27.96666666666667
2022-09-17 20:30:00,27.98333333333333
2022-09-17 21:00:00,28.03333333333333
2022-09-17 21:30:00,28.099999999999998
2022-09-17 22:00:00,28.133333333333336
2022-09-17 22:30:00,28.133333333333336
2022-09-17 23:00:00,28.133333333333336
2022-09-17 23:30:00,28.150000000000002
2022-09-18 00:00:00,28.2
2022-09-18 00:30:00,28.21666666666667
2022-09-18 01:00:00,28.266666666666666
2022-09-18 01:30:00,28.26666666666667
2022-09-18 02:00:00,28.26666666666667
2022-09-18 02:30:00,28.26666666666667
2022-09-18 03:00:00,28.26666666666667
2022-09-18 03:30:00,28.26666666666667
2022-09-18 04:00:00,28.26666666666667
2022-09-18 04:30:00,28.26666666666667
2022-09-18 05:00:00,28.26666666666667
2022-09-18 05:30:00,28.26666666666667
2022-09-18 06:00:00,28.26666666666667
2022-09-18 06:30:00,28.26666666666667
2022-09-18 07:00:00,28.26666666666667
2022-09-18 07:30:00,28.28333333333333
2022-09-18 08:00:00,28.3
2022-09-18 08:30:00,28.3
2022-09-18 09:00:00,28.3
2022-09-18 09:30:00,28.3
2022-09-18 10:00:00,28.283333333333335
2022-09-18 10:30:00,28.233333333333334
2022-09-18 11:00:00,28.233333333333334
2022-09-18 11:30:00,28.200000000000003
2022-09-18 12:00:00,28.183333333333334
2022-09-18 12:30:00,28.166666666666668
2022-09-18 13:00:00,28.150000000000002
2022-09-18 13:30:00,28.13333333333333
2022-09-18 14:00:00,28.150000000000002
2022-09-18 14:30:00,28.150000000000002
2022-09-18 15:00:00,28.133333333333336
2022-09-18 15:30:00,28.133333333333336
2022-09-18 16:00:00,28.099999999999998
2022-09-18 16:30:00,28.066666666666666
2022-09-18 17:00:00,28.066666666666666
2022-09-18 17:30:00,28.066666666666666
2022-09-18 18:00:00,28.066666666666666
2022-09-18 18:30:00,28.0
2022-09-18 19:00:00,28.0
2022-09-18 19:30:00,28.0
2022-09-18 20:00:00,28.0
2022-09-18 20:30:00,28.0
2022-09-18 21:00:00,28.03333333333333
2022-09-18 21:30:00,28.03333333333333
2022-09-18 22:00:00,28.03333333333333
2022-09-18 22:30:00,28.066666666666663
2022-09-18 23:00:00,28.066666666666663
2022-09-18 23:30:00,28.066666666666663
2022-09-19 00:00:00,28.066666666666663
2022-09-19 00:30:00,28.100000000000005
2022-09-19 01:00:00,28.100000000000005
2022-09-19 01:30:00,28.133333333333336
2022-09-19 02:00:00,28.133333333333336
2022-09-19 02:30:00,28.133333333333336
2022-09-19 03:00:00,28.149999999999995
2022-09-19 03:30:00,28.2
2022-09-19 04:00:00,28.21666666666667
2022-09-19 04:30:00,28.21666666666667
2022-09-19 05:00:00,28.23333333333333
2022-09-19 05:30:00,28.23333333333333
2022-09-19 06:00:00,28.23333333333333
2022-09-19 06:30:00,28.25
2022-09-19 07:00:00,28.26666666666667
2022-09-19 07:30:00,28.26666666666667
2022-09-19 08:00:00,28.3
2022-09-19 08:30:00,28.283333333333335
2022-09-19 09:00:00,28.266666666666666
2022-09-19 09:30:00,28.266666666666666
2022-09-19 10:00:00,28.25
2022-09-19 10:30:00,28.233333333333334
2022-09-19 11:00:00,28.21666666666667
2022-09-19 11:30:00,28.200000000000003
2022-09-19 12:00:00,28.200000000000003
2022-09-19 12:30:00,28.150000000000002
2022-09-19 13:00:00,28.099999999999998
2022-09-19 13:30:00,28.083333333333332
2022-09-19 14:00:00,28.033333333333335
2022-09-19 14:30:00,28.05
2022-09-19 15:00:00,27.950000000000003
2022-09-19 15:30:00,27.916666666666668
2022-09-19 16:00:00,28.0
2022-09-19 16:30:00,28.0
2022-09-19 17:00:00,27.95
2022-09-19 17:30:00,27.899999999999995
2022-09-19 18:00:00,27.916666666666668
2022-09-19 18:30:00,27.98333333333333
2022-09-19 19:00:00,28.0
2022-09-19 19:30:00,28.01666666666667
2022-09-19 20:00:00,28.01666666666667
2022-09-19 20:30:00,28.05
2022-09-19 21:00:00,28.083333333333332
2022-09-19 21:30:00,28.100000000000005
2022-09-19 22:00:00,28.116666666666664
2022-09-19 22:30:00,28.116666666666664
2022-09-19 23:00:00,28.183333333333337
2022-09-19 23:30:00,28.2
2022-09-20 00:00:00,28.100000000000005
2022-09-20 00:30:00,28.100000000000005
2022-09-20 01:00:00,28.100000000000005
2022-09-20 01:30:00,28.100000000000005
2022-09-20 02:00:00,28.100000000000005
2022-09-20 02:30:00,28.100000000000005
2022-09-20 03:00:00,28.100000000000005
2022-09-20 03:30:00,28.133333333333336
2022-09-20 04:00:00,28.133333333333336
2022-09-20 04:30:00,28.133333333333336
2022-09-20 05:00:00,28.133333333333336
2022-09-20 05:30:00,28.133333333333336
2022-09-20 06:00:00,28.133333333333336
2022-09-20 06:30:00,28.166666666666668
2022-09-20 07:00:00,28.166666666666668
2022-09-20 07:30:00,28.183333333333334
2022-09-20 08:00:00,28.200000000000003
2022-09-20 08:30:00,28.183333333333334
2022-09-20 09:00:00,28.183333333333334
2022-09-20 09:30:00,28.166666666666668
2022-09-20 10:00:00,28.166666666666668
2022-09-20 10:30:00,28.166666666666668
2022-09-20 11:00:00,28.183333333333334
2022-09-20 11:30:00,28.166666666666668
2022-09-20 12:00:00,28.133333333333336
2022-09-20 12:30:00,28.133333333333336
2022-09-20 13:00:00,28.099999999999998
2022-09-20 13:30:00,28.066666666666666
2022-09-20 14:00:00,28.033333333333335
2022-09-20 14:30:00,28.033333333333335
2022-09-20 15:00:00,28.000000000000004
2022-09-20 15:30:00,27.983333333333334
2022-09-20 16:00:00,28.000000000000004
2022-09-20 16:30:00,28.066666666666666
2022-09-20 17:00:00,28.0
2022-09-20 17:30:00,28.0
2022-09-20 18:00:00,28.0
2022-09-20 18:30:00,28.0
2022-09-20 19:00:00,27.98333333333333
2022-09-20 19:30:00,28.0
2022-09-20 20:00:00,28.01666666666667
2022-09-20 20:30:00,28.01666666666667
2022-09-20 21:00:00,28.01666666666667
2022-09-20 21:30:00,28.05
2022-09-20 22:00:00,28.099999999999998
2022-09-20 22:30:00,28.099999999999998
2022-09-20 23:00:00,28.099999999999998
2022-09-20 23:30:00,28.099999999999998
2022-09-21 00:00:00,28.099999999999998
2022-09-21 00:30:00,28.150000000000002
2022-09-21 01:00:00,28.166666666666668
2022-09-21 01:30:00,28.133333333333336
2022-09-21 02:00:00,28.133333333333336
2022-09-21 02:30:00,28.16666666666667
2022-09-21 03:00:00,28.200000000000003
2022-09-21 03:30:00,28.200000000000003
2022-09-21 04:00:00,28.200000000000003
2022-09-21 04:30:00,28.200000000000003
2022-09-21 05:00:00,28.233333333333334
2022-09-21 05:30:00,28.233333333333334
2022-09-21 06:00:00,28.233333333333334
2022-09-21 06:30:00,28.233333333333334
2022-09-21 07:00:00,28.25
2022-09-21 07:30:00,28.266666666666666
2022-09-21 08:00:00,28.333333333333332
2022-09-21 08:30:00,28.349999999999998
2022-09-21 09:00:00,28.366666666666664
2022-09-21 09:30:00,28.366666666666664
2022-09-21 10:00:00,28.366666666666664
2022-09-21 10:30:00,28.333333333333332
2022-09-21 11:00:00,28.28333333333333
2022-09-21 11:30:00,28.266666666666666
2022-09-21 12:00:00,28.233333333333334
2022-09-21 12:30:00,28.183333333333334
2022-09-21 13:00:00,28.116666666666664
2022-09-21 13:30:00,28.099999999999998
2022-09-21 14:00:00,28.066666666666666
2022-09-21 14:30:00,28.000000000000004
2022-09-21 15:00:00,28.000000000000004
2022-09-21 15:30:00,27.983333333333334
2022-09-21 16:00:00,27.933333333333334
2022-09-21 16:30:00,27.933333333333334
2022-09-21 17:00:00,27.933333333333334
2022-09-21 17:30:00,27.933333333333334
2022-09-21 18:00:00,27.933333333333334
2022-09-21 18:30:00,27.933333333333334
2022-09-21 19:00:00,27.933333333333334
2022-09-21 19:30:00,27.933333333333334
2022-09-21 20:00:00,27.933333333333334
2022-09-21 20:30:00,27.96666666666667
2022-09-21 21:00:00,28.000000000000004
2022-09-21 21:30:00,27.983333333333338
2022-09-21 22:00:00,27.96666666666667
2022-09-21 22:30:00,27.96666666666667
2022-09-21 23:00:00,28.03333333333333
2022-09-21 23:30:00,28.01666666666667
2022-09-22 00:00:00,28.03333333333333
2022-09-22 00:30:00,28.05
2022-09-22 01:00:00,28.05
2022-09-22 01:30:00,28.066666666666663
2022-09-22 02:00:00,28.116666666666664
2022-09-22 02:30:00,28.183333333333337
2022-09-22 03:00:00,28.216666666666665
2022-09-22 03:30:00,28.233333333333334
2022-09-22 04:00:00,28.25
2022-09-22 04:30:00,28.266666666666666
2022-09-22 05:00:00,28.283333333333335
2022-09-22 05:30:00,28.283333333333335
2022-09-22 06:00:00,28.283333333333335
2022-09-22 06:30:00,28.3
2022-09-22 07:00:00,28.3
2022-09-22 07:30:00,28.316666666666666
2022-09-22 08:00:00,28.36666666666667
2022-09-22 08:30:00,28.38333333333333
2022-09-22 09:00:00,28.433333333333334
2022-09-22 09:30:00,28.433333333333334
2022-09-22 10:00:00,28.48333333333333
2022-09-22 10:30:00,28.5
2022-09-22 11:00:00,28.48333333333333
2022-09-22 11:30:00,28.46666666666667
2022-09-22 12:00:00,28.45
2022-09-22 12:30:00,28.416666666666668
2022-09-22 13:00:00,28.383333333333336
2022-09-22 13:30:00,28.316666666666663
2022-09-22 14:00:00,28.233333333333334
2022-09-22 14:30:00,28.150000000000002
2022-09-22 15:00:00,28.13333333333333
2022-09-22 15:30:00,28.03333333333333
2022-09-22 16:00:00,27.96666666666667
2022-09-22 16:30:00,27.899999999999995
2022-09-22 17:00:00,27.866666666666664
2022-09-22 17:30:00,27.8
2022-09-22 18:00:00,27.75
2022-09-22 18:30:00,27.75
2022-09-22 19:00:00,27.76666666666667
2022-09-22 19:30:00,27.833333333333332
2022-09-22 20:00:00,27.833333333333332
2022-09-22 20:30:00,27.866666666666664
2022-09-22 21:00:00,27.866666666666664
2022-09-22 21:30:00,27.883333333333336
2022-09-22 22:00:00,27.899999999999995
2022-09-22 22:30:00,27.933333333333334
2022-09-22 23:00:00,27.950000000000003
2022-09-22 23:30:00,27.983333333333334
2022-09-23 00:00:00,28.0
2022-09-23 00:30:00,28.016666666666666
2022-09-23 01:00:00,28.033333333333335
2022-09-23 01:30:00,28.016666666666666
2022-09-23 02:00:00,28.066666666666666
2022-09-23 02:30:00,28.066666666666666
2022-09-23 03:00:00,28.066666666666666
2022-09-23 03:30:00,28.083333333333332
2022-09-23 04:00:00,28.099999999999998
2022-09-23 04:30:00,28.099999999999998
2022-09-23 05:00:00,28.099999999999998
2022-09-23 05:30:00,28.099999999999998
2022-09-23 06:00:00,28.133333333333336
2022-09-23 06:30:00,28.133333333333336
2022-09-23 07:00:00,28.11666666666667
2022-09-23 07:30:00,28.166666666666668
2022-09-23 08:00:00,28.166666666666668
2022-09-23 08:30:00,28.183333333333334
2022-09-23 09:00:00,28.2
2022-09-23 09:30:00,28.25
2022-09-23 10:00:00,28.283333333333335
2022-09-23 10:30:00,28.333333333333332
2022-09-23 11:00:00,28.366666666666664
2022-09-23 11:30:00,28.350000000000005
2022-09-23 12:00:00,28.316666666666663
2022-09-23 12:30:00,28.21666666666667
2022-09-23 13:00:00,28.150000000000002
2022-09-23 13:30:00,28.066666666666666
2022-09-23 14:00:00,27.98333333333333
2022-09-23 14:30:00,27.96666666666667
2022-09-23 15:00:00,27.883333333333336
2022-09-23 15:30:00,27.816666666666666
2022-09-23 16:00:00,27.78333333333333
2022-09-23 16:30:00,27.749999999999996
2022-09-23 17:00:00,27.683333333333334
2022-09-23 17:30:00,27.666666666666668
2022-09-23 18:00:00,27.633333333333336
2022-09-23 18:30:00,27.599999999999998
2022-09-23 19:00:00,27.566666666666663
2022-09-23 19:30:00,27.566666666666663
2022-09-23 20:00:00,27.566666666666663
2022-09-23 20:30:00,27.583333333333332
2022-09-23 21:00:00,27.633333333333336
2022-09-23 21:30:00,27.649999999999995
2022-09-23 22:00:00,27.7
2022-09-23 22:30:00,27.75
2022-09-23 23:00:00,27.8
2022-09-23 23:30:00,27.849999999999998
2022-09-24 00:00:00,27.86666666666667
2022-09-24 00:30:00,27.916666666666668
2022-09-24 01:00:00,27.900000000000002
2022-09-24 01:30:00,27.900000000000002
2022-09-24 02:00:00,27.900000000000002
2022-09-24 02:30:00,27.900000000000002
2022-09-24 03:00:00,27.933333333333334
2022-09-24 03:30:00,27.933333333333334
2022-09-24 04:00:00,27.950000000000003
2022-09-24 04:30:00,27.933333333333334
2022-09-24 05:00:00,27.933333333333334
2022-09-24 05:30:00,27.95
2022-09-24 06:00:00,28.016666666666666
2022-09-24 06:30:00,28.03333333333333
2022-09-24 07:00:00,28.049999999999997
2022-09-24 07:30:00,28.066666666666666
2022-09-24 08:00:00,28.066666666666666
2022-09-24 08:30:00,28.133333333333336
2022-09-24 09:00:00,28.150000000000006
2022-09-24 09:30:00,28.166666666666668
2022-09-24 10:00:00,28.2
2022-09-24 10:30:00,28.216666666666665
2022-09-24 11:00:00,28.166666666666668
2022-09-24 11:30:00,28.116666666666664
2022-09-24 12:00:00,28.03333333333333
2022-09-24 12:30:00,28.0
2022-09-24 13:00:00,27.916666666666668
2022-09-24 13:30:00,27.833333333333332
2022-09-24 14:00:00,27.8
2022-09-24 14:30:00,27.75
2022-09-24 15:00:00,27.7
2022-09-24 15:30:00,27.650000000000002
2022-09-24 16:00:00,27.599999999999998
2022-09-24 16:30:00,27.583333333333332
2022-09-24 17:00:00,27.549999999999997
2022-09-24 17:30:00,27.533333333333335
2022-09-24 18:00:00,27.516666666666666
2022-09-24 18:30:00,27.46666666666667
2022-09-24 19:00:00,27.433333333333337
2022-09-24 19:30:00,27.433333333333337
2022-09-24 20:00:00,27.433333333333337
2022-09-24 20:30:00,27.5
2022-09-24 21:00:00,27.5
2022-09-24 21:30:00,27.5
2022-09-24 22:00:00,27.55
2022-09-24 22:30:00,27.566666666666663
2022-09-24 23:00:00,27.566666666666663
2022-09-24 23:30:00,27.566666666666663
2022-09-25 00:00:00,27.566666666666663
2022-09-25 00:30:00,27.583333333333332
2022-09-25 01:00:00,27.616666666666664
2022-09-25 01:30:00,27.666666666666668
2022-09-25 02:00:00,27.683333333333334
2022-09-25 02:30:00,27.71666666666667
2022-09-25 03:00:00,27.733333333333334
2022-09-25 03:30:00,27.75
2022-09-25 04:00:00,27.8
2022-09-25 04:30:00,27.783333333333335
2022-09-25 05:00:00,27.833333333333332
2022-09-25 05:30:00,27.849999999999998
2022-09-25 06:00:00,27.866666666666664
2022-09-25 06:30:00,27.900000000000002
2022-09-25 07:00:00,27.933333333333337
2022-09-25 07:30:00,28.0
2022-09-25 08:00:00,28.01666666666667
2022-09-25 08:30:00,28.01666666666667
2022-09-25 09:00:00,28.083333333333332
2022-09-25 09:30:00,28.100000000000005
2022-09-25 10:00:00,28.133333333333336
2022-09-25 10:30:00,28.133333333333336
2022-09-25 11:00:00,28.133333333333336
2022-09-25 11:30:00,28.083333333333332
2022-09-25 12:00:00,28.066666666666666
2022-09-25 12:30:00,28.0
2022-09-25 13:00:00,27.916666666666668
2022-09-25 13:30:00,27.866666666666664
2022-09-25 14:00:00,27.8
2022-09-25 14:30:00,27.733333333333334
2022-09-25 15:00:00,27.7
2022-09-25 15:30:00,27.683333333333334
2022-09-25 16:00:00,27.63333333333333
2022-09-25 16:30:00,27.566666666666666
2022-09-25 17:00:00,27.516666666666666
2022-09-25 17:30:00,27.500000000000004
2022-09-25 18:00:00,27.500000000000004
2022-09-25 18:30:00,27.500000000000004
2022-09-25 19:00:00,27.500000000000004
2022-09-25 19:30:00,27.500000000000004
2022-09-25 20:00:00,27.516666666666666
2022-09-25 20:30:00,27.533333333333335
2022-09-25 21:00:00,27.549999999999997
2022-09-25 21:30:00,27.583333333333332
2022-09-25 22:00:00,27.599999999999998
2022-09-25 22:30:00,27.599999999999998
2022-09-25 23:00:00,27.599999999999998
2022-09-25 23:30:00,27.599999999999998
2022-09-26 00:00:00,27.599999999999998
2022-09-26 00:30:00,27.633333333333336
2022-09-26 01:00:00,27.633333333333336
2022-09-26 01:30:00,27.633333333333336
2022-09-26 02:00:00,27.633333333333336
2022-09-26 02:30:00,27.666666666666668
2022-09-26 03:00:00,27.7
2022-09-26 03:30:00,27.7
2022-09-26 04:00:00,27.7
2022-09-26 04:30:00,27.7
2022-09-26 05:00:00,27.7
2022-09-26 05:30:00,27.7
2022-09-26 06:00:00,27.733333333333334
2022-09-26 06:30:00,27.733333333333334
2022-09-26 07:00:00,27.716666666666665
2022-09-26 07:30:00,27.716666666666665
2022-09-26 08:00:00,27.733333333333334
2022-09-26 08:30:00,27.733333333333334
2022-09-26 09:00:00,27.716666666666665
2022-09-26 09:30:00,27.7
2022-09-26 10:00:00,27.98333333333333
2022-09-26 10:30:00,28.23333333333333
2022-09-26 11:00:00,28.2
2022-09-26 11:30:00,28.2
2022-09-26 12:00:00,28.166666666666668
2022-09-26 12:30:00,28.166666666666668
2022-09-26 13:00:00,28.116666666666664
2022-09-26 13:30:00,28.100000000000005
2022-09-26 14:00:00,28.03333333333333
2022-09-26 14:30:00,27.983333333333334
2022-09-26 15:00:00,27.933333333333334
2022-09-26 15:30:00,27.933333333333334
2022-09-26 16:00:00,27.933333333333334
2022-09-26 16:30:00,27.933333333333334
2022-09-26 17:00:00,27.933333333333334
2022-09-26 17:30:00,27.933333333333334
2022-09-26 18:00:00,27.900000000000002
2022-09-26 18:30:00,27.900000000000002
2022-09-26 19:00:00,27.900000000000002
2022-09-26 19:30:00,27.900000000000002
2022-09-26 20:00:00,27.883333333333336
2022-09-26 20:30:00,27.86666666666667
2022-09-26 21:00:00,27.900000000000002
2022-09-26 21:30:00,27.950000000000003
2022-09-26 22:00:00,27.983333333333334
2022-09-26 22:30:00,28.033333333333335
2022-09-26 23:00:00,28.066666666666666
2022-09-26 23:30:00,28.01666666666667
2022-09-27 00:00:00,28.000000000000004
2022-09-27 00:30:00,28.066666666666666
2022-09-27 01:00:00,28.116666666666664
2022-09-27 01:30:00,28.13333333333333
2022-09-27 02:00:00,28.13333333333333
2022-09-27 02:30:00,28.150000000000002
2022-09-27 03:00:00,28.2
2022-09-27 03:30:00,28.216666666666665
2022-09-27 04:00:00,28.233333333333334
2022-09-27 04:30:00,28.3
2022-09-27 05:00:00,28.333333333333332
2022-09-27 05:30:00,28.350000000000005
2022-09-27 06:00:00,28.400000000000002
2022-09-27 06:30:00,28.433333333333334
2022-09-27 07:00:00,28.416666666666668
2022-09-27 07:30:00,28.433333333333334
2022-09-27 08:00:00,28.433333333333334
2022-09-27 08:30:00,28.433333333333334
2022-09-27 09:00:00,28.433333333333334
2022-09-27 09:30:00,28.400000000000002
2022-09-27 10:00:00,28.366666666666664
2022-09-27 10:30:00,28.333333333333332
2022-09-27 11:00:00,28.366666666666664
2022-09-27 11:30:00,28.316666666666663
2022-09-27 12:00:00,28.3
2022-09-27 12:30:00,28.25
2022-09-27 13:00:00,28.233333333333334
2022-09-27 13:30:00,28.166666666666668
2022-09-27 14:00:00,28.100000000000005
2022-09-27 14:30:00,28.049999999999997
2022-09-27 15:00:00,28.0
2022-09-27 15:30:00,27.96666666666667
2022-09-27 16:00:00,27.933333333333334
2022-09-27 16:30:00,27.916666666666668
2022-09-27 17:00:00,27.850000000000005
2022-09-27 17:30:00,27.833333333333332
2022-09-27 18:00:00,27.816666666666663
2022-09-27 18:30:00,27.799999999999997
2022-09-27 19:00:00,27.799999999999997
2022-09-27 19:30:00,27.8
2022-09-27 20:00:00,27.833333333333332
2022-09-27 20:30:00,27.88333333333333
2022-09-27 21:00:00,27.95
2022-09-27 21:30:00,28.0
2022-09-27 22:00:00,28.016666666666666
2022-09-27 22:30:00,28.066666666666663
2022-09-27 23:00:00,28.100000000000005
2022-09-27 23:30:00,28.116666666666664
2022-09-28 00:00:00,28.133333333333336
2022-09-28 00:30:00,28.166666666666668
2022-09-28 01:00:00,28.233333333333334
2022-09-28 01:30:00,28.233333333333334
2022-09-28 02:00:00,28.26666666666667
2022-09-28 02:30:00,28.3
2022-09-28 03:00:00,28.316666666666666
2022-09-28 03:30:00,28.366666666666664
2022-09-28 04:00:00,28.366666666666664
2022-09-28 04:30:00,28.366666666666664
2022-09-28 05:00:00,28.383333333333336
2022-09-28 05:30:00,28.399999999999995
2022-09-28 06:00:00,28.399999999999995
2022-09-28 06:30:00,28.399999999999995
2022-09-28 07:00:00,28.399999999999995
2022-09-28 07:30:00,28.416666666666668
2022-09-28 08:00:00,28.433333333333326
2022-09-28 08:30:00,28.46666666666667
2022-09-28 09:00:00,28.46666666666667
2022-09-28 09:30:00,28.45
2022-09-28 10:00:00,28.466666666666665
2022-09-28 10:30:00,28.46666666666667
2022-09-28 11:00:00,28.46666666666667
2022-09-28 11:30:00,28.400000000000002
2022-09-28 12:00:00,28.349999999999998
2022-09-28 12:30:00,28.333333333333332
2022-09-28 13:00:00,28.266666666666666
2022-09-28 13:30:00,28.2
2022-09-28 14:00:00,28.2
2022-09-28 14:30:00,28.133333333333336
2022-09-28 15:00:00,28.116666666666664
2022-09-28 15:30:00,28.100000000000005
2022-09-28 16:00:00,28.066666666666663
2022-09-28 16:30:00,28.0
2022-09-28 17:00:00,27.95
2022-09-28 17:30:00,27.933333333333334
2022-09-28 18:00:00,27.933333333333334
2022-09-28 18:30:00,27.933333333333334
2022-09-28 19:00:00,27.96666666666667
2022-09-28 19:30:00,27.96666666666667
2022-09-28 20:00:00,27.98333333333333
2022-09-28 20:30:00,28.0
2022-09-28 21:00:00,27.96666666666667
2022-09-28 21:30:00,27.98333333333333
2022-09-28 22:00:00,28.01666666666667
2022-09-28 22:30:00,28.03333333333333
2022-09-28 23:00:00,28.066666666666663
2022-09-28 23:30:00,28.066666666666663
2022-09-29 00:00:00,28.066666666666663
2022-09-29 00:30:00,28.100000000000005
2022-09-29 01:00:00,28.100000000000005
2022-09-29 01:30:00,28.100000000000005
2022-09-29 02:00:00,28.100000000000005
2022-09-29 02:30:00,28.100000000000005
2022-09-29 03:00:00,28.133333333333336
2022-09-29 03:30:00,28.133333333333336
2022-09-29 04:00:00,28.133333333333336
2022-09-29 04:30:00,28.133333333333336
2022-09-29 05:00:00,28.166666666666668
2022-09-29 05:30:00,28.26666666666667
2022-09-29 06:00:00,28.71666666666667
2022-09-29 06:30:00,29.083333333333332
2022-09-29 07:00:00,29.516666666666666
2022-09-29 07:30:00,30.45
2022-09-29 08:00:00,30.316666666666666
2022-09-29 08:30:00,30.51666666666667
2022-09-29 09:00:00,30.46666666666667
2022-09-29 09:30:00,30.45
2022-09-29 10:00:00,30.433333333333334
2022-09-29 10:30:00,30.45
2022-09-29 11:00:00,30.416666666666668
2022-09-29 11:30:00,30.366666666666664
2022-09-29 12:00:00,30.333333333333332
2022-09-29 12:30:00,30.3
2022-09-29 13:00:00,30.266666666666662
2022-09-29 13:30:00,30.28333333333333
2022-09-29 14:00:00,30.26666666666667
2022-09-29 14:30:00,30.23333333333333
2022-09-29 15:00:00,30.23333333333333
2022-09-29 15:30:00,30.21666666666667
2022-09-29 16:00:00,30.2
2022-09-29 16:30:00,30.2
2022-09-29 17:00:00,30.166666666666668
2022-09-29 17:30:00,30.21666666666667
2022-09-29 18:00:00,30.23333333333333
2022-09-29 18:30:00,30.23333333333333
2022-09-29 19:00:00,30.21666666666667
2022-09-29 19:30:00,30.2
2022-09-29 20:00:00,30.2
2022-09-29 20:30:00,30.166666666666668
2022-09-29 21:00:00,30.183333333333326
2022-09-29 21:30:00,30.2
2022-09-29 22:00:00,30.233333333333334
2022-09-29 22:30:00,30.233333333333334
2022-09-29 23:00:00,30.233333333333334
2022-09-29 23:30:00,30.233333333333334
2022-09-30 00:00:00,30.233333333333334
2022-09-30 00:30:00,30.200000000000003
2022-09-30 01:00:00,30.200000000000003
2022-09-30 01:30:00,30.200000000000003
2022-09-30 02:00:00,30.200000000000003
2022-09-30 02:30:00,30.233333333333334
2022-09-30 03:00:00,30.233333333333334
2022-09-30 03:30:00,30.233333333333334
2022-09-30 04:00:00,30.233333333333334
2022-09-30 04:30:00,30.233333333333334
2022-09-30 05:00:00,30.21666666666667
2022-09-30 05:30:00,30.200000000000003
2022-09-30 06:00:00,30.200000000000003
2022-09-30 06:30:00,30.200000000000003
2022-09-30 07:00:00,30.200000000000003
2022-09-30 07:30:00,30.200000000000003
2022-09-30 08:00:00,30.200000000000003
2022-09-30 08:30:00,30.16666666666667
2022-09-30 09:00:00,30.16666666666667
2022-09-30 09:30:00,30.16666666666667
2022-09-30 10:00:00,30.133333333333336
2022-09-30 10:30:00,30.099999999999998
2022-09-30 11:00:00,30.099999999999998
2022-09-30 11:30:00,30.099999999999998
2022-09-30 12:00:00,30.083333333333332
2022-09-30 12:30:00,30.066666666666663
2022-09-30 13:00:00,30.066666666666666
2022-09-30 13:30:00,30.049999999999997
2022-09-30 14:00:00,30.03333333333333
2022-09-30 14:30:00,30.03333333333333
2022-09-30 15:00:00,29.966666666666665
2022-09-30 15:30:00,29.916666666666668
2022-09-30 16:00:00,29.86666666666667
2022-09-30 16:30:00,29.883333333333336
2022-09-30 17:00:00,29.883333333333336
2022-09-30 17:30:00,29.849999999999998
2022-09-30 18:00:00,29.833333333333332
2022-09-30 18:30:00,29.86666666666667
2022-09-30 19:00:00,29.86666666666667
2022-09-30 19:30:00,29.86666666666667
2022-09-30 20:00:00,29.883333333333336
2022-09-30 20:30:00,29.950000000000003
2022-09-30 21:00:00,29.983333333333334
2022-09-30 21:30:00,30.000000000000004
2022-09-30 22:00:00,30.000000000000004
2022-09-30 22:30:00,30.033333333333335
2022-09-30 23:00:00,30.083333333333332
2022-09-30 23:30:00,30.066666666666666
2022-10-01 00:00:00,30.099999999999998
2022-10-01 00:30:00,30.150000000000002
2022-10-01 01:00:00,30.150000000000002
2022-10-01 01:30:00,30.150000000000002
2022-10-01 02:00:00,30.183333333333337
2022-10-01 02:30:00,30.2
2022-10-01 03:00:00,30.23333333333333
2022-10-01 03:30:00,30.23333333333333
2022-10-01 04:00:00,30.23333333333333
2022-10-01 04:30:00,30.26666666666667
2022-10-01 05:00:00,30.26666666666667
2022-10-01 05:30:00,30.28333333333333
2022-10-01 06:00:00,30.333333333333332
2022-10-01 06:30:00,30.3
2022-10-01 07:00:00,30.333333333333332
2022-10-01 07:30:00,30.333333333333332
2022-10-01 08:00:00,30.333333333333332
2022-10-01 08:30:00,30.366666666666664
2022-10-01 09:00:00,30.366666666666664
2022-10-01 09:30:00,30.366666666666664
2022-10-01 10:00:00,30.46666666666667
2022-10-01 10:30:00,30.566666666666666
2022-10-01 11:00:00,30.683333333333337
2022-10-01 11:30:00,30.73333333333333
2022-10-01 12:00:00,30.71666666666667
2022-10-01 12:30:00,30.7
2022-10-01 13:00:00,30.666666666666668
2022-10-01 13:30:00,30.633333333333336
2022-10-01 14:00:00,30.566666666666663
2022-10-01 14:30:00,30.51666666666667
2022-10-01 15:00:00,30.5
2022-10-01 15:30:00,30.46666666666667
2022-10-01 16:00:00,30.400000000000002
2022-10-01 16:30:00,30.349999999999998
2022-10-01 17:00:00,30.316666666666663
2022-10-01 17:30:00,30.25
2022-10-01 18:00:00,30.23333333333333
2022-10-01 18:30:00,30.23333333333333
2022-10-01 19:00:00,30.25
2022-10-01 19:30:00,30.26666666666667
2022-10-01 20:00:00,30.26666666666667
2022-10-01 20:30:00,30.28333333333333
2022-10-01 21:00:00,30.316666666666663
2022-10-01 21:30:00,30.350000000000005
2022-10-01 22:00:00,30.416666666666668
2022-10-01 22:30:00,30.45
2022-10-01 23:00:00,30.46666666666667
2022-10-01 23:30:00,30.46666666666667
2022-10-02 00:00:00,30.46666666666667
2022-10-02 00:30:00,30.483333333333334
2022-10-02 01:00:00,30.5
2022-10-02 01:30:00,30.5
2022-10-02 02:00:00,30.533333333333335
2022-10-02 02:30:00,30.53333333333333
2022-10-02 03:00:00,30.53333333333333
2022-10-02 03:30:00,30.55
2022-10-02 04:00:00,30.583333333333332
2022-10-02 04:30:00,30.583333333333332
2022-10-02 05:00:00,30.600000000000005
2022-10-02 05:30:00,30.633333333333336
2022-10-02 06:00:00,30.633333333333336
2022-10-02 06:30:00,30.649999999999995
2022-10-02 07:00:00,30.666666666666668
2022-10-02 07:30:00,30.649999999999995
2022-10-02 08:00:00,30.666666666666668
2022-10-02 08:30:00,30.666666666666668
2022-10-02 09:00:00,30.666666666666668
2022-10-02 09:30:00,30.7
2022-10-02 10:00:00,30.683333333333337
2022-10-02 10:30:00,30.683333333333337
2022-10-02 11:00:00,30.7
2022-10-02 11:30:00,30.650000000000002
2022-10-02 12:00:00,30.633333333333336
2022-10-02 12:30:00,30.599999999999998
2022-10-02 13:00:00,30.516666666666666
2022-10-02 13:30:00,30.46666666666667
2022-10-02 14:00:00,30.433333333333334
2022-10-02 14:30:00,30.400000000000002
2022-10-02 15:00:00,30.333333333333332
2022-10-02 15:30:00,30.316666666666663
2022-10-02 16:00:00,30.266666666666662
2022-10-02 16:30:00,30.200000000000003
2022-10-02 17:00:00,30.166666666666668
2022-10-02 17:30:00,30.166666666666668
2022-10-02 18:00:00,30.099999999999998
2022-10-02 18:30:00,30.099999999999998
2022-10-02 19:00:00,30.133333333333336
2022-10-02 19:30:00,30.166666666666668
2022-10-02 20:00:00,30.166666666666668
2022-10-02 20:30:00,30.23333333333333
2022-10-02 21:00:00,30.23333333333333
2022-10-02 21:30:00,30.266666666666666
2022-10-02 22:00:00,30.3
2022-10-02 22:30:00,30.316666666666666
2022-10-02 23:00:00,30.333333333333332
2022-10-02 23:30:00,30.333333333333332
2022-10-03 00:00:00,30.333333333333332
2022-10-03 00:30:00,30.383333333333336
2022-10-03 01:00:00,30.366666666666664
2022-10-03 01:30:00,30.400000000000002
2022-10-03 02:00:00,30.433333333333334
2022-10-03 02:30:00,30.46666666666667
2022-10-03 03:00:00,30.5
2022-10-03 03:30:00,30.5
2022-10-03 04:00:00,30.46666666666667
2022-10-03 04:30:00,30.5
2022-10-03 05:00:00,30.53333333333333
2022-10-03 05:30:00,30.53333333333333
2022-10-03 06:00:00,30.55
2022-10-03 06:30:00,30.566666666666666
2022-10-03 07:00:00,30.566666666666666
2022-10-03 07:30:00,30.566666666666666
2022-10-03 08:00:00,30.566666666666666
2022-10-03 08:30:00,30.599999999999998
2022-10-03 09:00:00,30.633333333333336
2022-10-03 09:30:00,30.633333333333336
2022-10-03 10:00:00,30.633333333333336
2022-10-03 10:30:00,30.633333333333336
2022-10-03 11:00:00,30.599999999999998
2022-10-03 11:30:00,30.599999999999998
2022-10-03 12:00:00,30.599999999999998
2022-10-03 12:30:00,30.566666666666666
2022-10-03 13:00:00,30.566666666666666
2022-10-03 13:30:00,30.55
2022-10-03 14:00:00,30.5
2022-10-03 14:30:00,30.46666666666667
2022-10-03 15:00:00,30.45
2022-10-03 15:30:00,30.383333333333336
2022-10-03 16:00:00,30.350000000000005
2022-10-03 16:30:00,30.3
2022-10-03 17:00:00,30.3
2022-10-03 17:30:00,30.3
2022-10-03 18:00:00,30.233333333333334
2022-10-03 18:30:00,30.2
2022-10-03 19:00:00,30.2
2022-10-03 19:30:00,30.2
2022-10-03 20:00:00,30.2
2022-10-03 20:30:00,30.2
2022-10-03 21:00:00,30.2
2022-10-03 21:30:00,30.2
2022-10-03 22:00:00,30.166666666666668
2022-10-03 22:30:00,30.166666666666668
2022-10-03 23:00:00,30.166666666666668
2022-10-03 23:30:00,30.183333333333334
2022-10-04 00:00:00,30.2
2022-10-04 00:30:00,30.2
2022-10-04 01:00:00,30.2
2022-10-04 01:30:00,30.2
2022-10-04 02:00:00,30.21666666666667
2022-10-04 02:30:00,30.233333333333334
2022-10-04 03:00:00,30.25
2022-10-04 03:30:00,30.266666666666666
2022-10-04 04:00:00,30.266666666666666
2022-10-04 04:30:00,30.266666666666666
2022-10-04 05:00:00,30.266666666666666
2022-10-04 05:30:00,30.266666666666666
2022-10-04 06:00:00,30.266666666666666
2022-10-04 06:30:00,30.266666666666666
2022-10-04 07:00:00,30.266666666666666
2022-10-04 07:30:00,30.266666666666666
2022-10-04 08:00:00,30.266666666666666
2022-10-04 08:30:00,30.266666666666666
2022-10-04 09:00:00,30.266666666666666
2022-10-04 09:30:00,30.266666666666666
2022-10-04 10:00:00,30.25
2022-10-04 10:30:00,30.233333333333334
2022-10-04 11:00:00,30.2
2022-10-04 11:30:00,30.2
2022-10-04 12:00:00,30.2
2022-10-04 12:30:00,30.2
2022-10-04 13:00:00,30.2
2022-10-04 13:30:00,30.183333333333334
2022-10-04 14:00:00,30.166666666666668
2022-10-04 14:30:00,30.133333333333336
2022-10-04 15:00:00,30.133333333333336
2022-10-04 15:30:00,30.133333333333336
2022-10-04 16:00:00,30.133333333333336
2022-10-04 16:30:00,30.083333333333332
2022-10-04 17:00:00,30.05
2022-10-04 17:30:00,30.03333333333333
2022-10-04 18:00:00,30.03333333333333
2022-10-04 18:30:00,30.03333333333333
2022-10-04 19:00:00,30.03333333333333
2022-10-04 19:30:00,30.03333333333333
2022-10-04 20:00:00,30.03333333333333
2022-10-04 20:30:00,30.03333333333333
2022-10-04 21:00:00,30.03333333333333
2022-10-04 21:30:00,30.03333333333333
2022-10-04 22:00:00,30.03333333333333
2022-10-04 22:30:00,30.03333333333333
2022-10-04 23:00:00,30.083333333333332
2022-10-04 23:30:00,30.100000000000005
2022-10-05 00:00:00,30.100000000000005
2022-10-05 00:30:00,30.133333333333336
2022-10-05 01:00:00,30.149999999999995
2022-10-05 01:30:00,30.166666666666668
2022-10-05 02:00:00,30.21666666666667
2022-10-05 02:30:00,30.233333333333334
2022-10-05 03:00:00,30.25
2022-10-05 03:30:00,30.266666666666666
2022-10-05 04:00:00,30.3
2022-10-05 04:30:00,30.316666666666666
2022-10-05 05:00:00,30.366666666666664
2022-10-05 05:30:00,30.399999999999995
2022-10-05 06:00:00,30.399999999999995
2022-10-05 06:30:00,30.399999999999995
2022-10-05 07:00:00,30.399999999999995
2022-10-05 07:30:00,30.45
2022-10-05 08:00:00,30.450000000000003
2022-10-05 08:30:00,30.46666666666667
2022-10-05 09:00:00,30.46666666666667
2022-10-05 09:30:00,30.46666666666667
2022-10-05 10:00:00,30.483333333333334
2022-10-05 10:30:00,30.500000000000004
2022-10-05 11:00:00,30.53333333333333
2022-10-05 11:30:00,30.53333333333333
2022-10-05 12:00:00,30.566666666666663
2022-10-05 12:30:00,30.566666666666663
2022-10-05 13:00:00,30.583333333333332
2022-10-05 13:30:00,30.600000000000005
2022-10-05 14:00:00,30.600000000000005
2022-10-05 14:30:00,30.600000000000005
2022-10-05 15:00:00,30.583333333333332
2022-10-05 15:30:00,30.53333333333333
2022-10-05 16:00:00,30.53333333333333
2022-10-05 16:30:00,30.516666666666662
2022-10-05 17:00:00,30.5
2022-10-05 17:30:00,30.5
2022-10-05 18:00:00,30.46666666666667
2022-10-05 18:30:00,30.45
2022-10-05 19:00:00,30.433333333333326
2022-10-05 19:30:00,30.433333333333326
2022-10-05 20:00:00,30.433333333333326
2022-10-05 20:30:00,30.399999999999995
2022-10-05 21:00:00,30.433333333333326
2022-10-05 21:30:00,30.433333333333326
2022-10-05 22:00:00,30.45
2022-10-05 22:30:00,30.46666666666667
2022-10-05 23:00:00,30.46666666666667
2022-10-05 23:30:00,30.48333333333333
2022-10-06 00:00:00,30.5
2022-10-06 00:30:00,30.633333333333336
2022-10-06 01:00:00,30.683333333333337
2022-10-06 01:30:00,30.71666666666667
2022-10-06 02:00:00,30.75
2022-10-06 02:30:00,30.78333333333333
2022-10-06 03:00:00,30.816666666666663
2022-10-06 03:30:00,30.833333333333332
2022-10-06 04:00:00,30.866666666666664
2022-10-06 04:30:00,30.899999999999995
2022-10-06 05:00:00,30.96666666666667
2022-10-06 05:30:00,31.099999999999998
2022-10-06 06:00:00,31.150000000000002
2022-10-06 06:30:00,31.166666666666668
2022-10-06 07:00:00,31.183333333333334
2022-10-06 07:30:00,31.2
2022-10-06 08:00:00,31.21666666666667
2022-10-06 08:30:00,31.233333333333334
2022-10-06 09:00:00,31.266666666666666
2022-10-06 09:30:00,31.3
2022-10-06 10:00:00,31.3
2022-10-06 10:30:00,31.333333333333332
2022-10-06 11:00:00,31.433333333333334
2022-10-06 11:30:00,31.616666666666664
2022-10-06 12:00:00,31.883333333333336
2022-10-06 12:30:00,32.48333333333333
2022-10-06 13:00:00,32.71666666666666
2022-10-06 13:30:00,33.53333333333333
2022-10-06 14:00:00,33.96666666666667
2022-10-06 14:30:00,33.916666666666664
2022-10-06 15:00:00,33.78333333333333
2022-10-06 15:30:00,33.56666666666666
2022-10-06 16:00:00,33.38333333333333
2022-10-06 16:30:00,33.28333333333333
2022-10-06 17:00:00,33.199999999999996
2022-10-06 17:30:00,33.15
2022-10-06 18:00:00,33.03333333333333
2022-10-06 18:30:00,33.0
2022-10-06 19:00:00,32.98333333333333
2022-10-06 19:30:00,32.949999999999996
2022-10-06 20:00:00,32.88333333333333
2022-10-06 20:30:00,32.85
2022-10-06 21:00:00,32.81666666666667
2022-10-06 21:30:00,32.8
2022-10-06 22:00:00,32.766666666666666
2022-10-06 22:30:00,32.74999999999999
2022-10-06 23:00:00,32.733333333333334
2022-10-06 23:30:00,32.699999999999996
2022-10-07 00:00:00,32.699999999999996
2022-10-07 00:30:00,32.68333333333333
2022-10-07 01:00:00,32.666666666666664
2022-10-07 01:30:00,32.65
2022-10-07 02:00:00,32.63333333333333
2022-10-07 02:30:00,32.65
2022-10-07 03:00:00,32.666666666666664
2022-10-07 03:30:00,32.61666666666667
2022-10-07 04:00:00,32.6
2022-10-07 04:30:00,32.63333333333333
2022-10-07 05:00:00,32.6
2022-10-07 05:30:00,32.6
2022-10-07 06:00:00,32.56666666666667
2022-10-07 06:30:00,32.56666666666666
2022-10-07 07:00:00,32.5
2022-10-07 07:30:00,32.46666666666666
2022-10-07 08:00:00,32.483333333333334
2022-10-07 08:30:00,32.5
2022-10-07 09:00:00,32.5
2022-10-07 09:30:00,32.5
2022-10-07 10:00:00,32.45
2022-10-07 10:30:00,32.416666666666664
2022-10-07 11:00:00,32.483333333333334
2022-10-07 11:30:00,32.5
2022-10-07 12:00:00,32.48333333333333
2022-10-07 12:30:00,32.333333333333336
2022-10-07 13:00:00,32.300000000000004
2022-10-07 13:30:00,32.26666666666667
2022-10-07 14:00:00,32.21666666666667
2022-10-07 14:30:00,32.199999999999996
2022-10-07 15:00:00,32.13333333333333
2022-10-07 15:30:00,32.13333333333333
2022-10-07 16:00:00,32.1
2022-10-07 16:30:00,32.05
2022-10-07 17:00:00,32.03333333333333
2022-10-07 17:30:00,32.06666666666667
2022-10-07 18:00:00,32.06666666666667
2022-10-07 18:30:00,32.1
2022-10-07 19:00:00,32.1
2022-10-07 19:30:00,32.11666666666667
2022-10-07 20:00:00,32.13333333333333
2022-10-07 20:30:00,32.13333333333333
2022-10-07 21:00:00,32.13333333333333
2022-10-07 21:30:00,32.13333333333333
2022-10-07 22:00:00,32.11666666666667
2022-10-07 22:30:00,32.083333333333336
2022-10-07 23:00:00,32.06666666666667
2022-10-07 23:30:00,32.06666666666667
2022-10-08 00:00:00,32.06666666666667
2022-10-08 00:30:00,32.06666666666667
2022-10-08 01:00:00,32.03333333333334
2022-10-08 01:30:00,32.03333333333334
2022-10-08 02:00:00,32.03333333333334
2022-10-08 02:30:00,32.03333333333334
2022-10-08 03:00:00,32.03333333333334
2022-10-08 03:30:00,32.03333333333334
2022-10-08 04:00:00,32.03333333333334
2022-10-08 04:30:00,32.03333333333334
2022-10-08 05:00:00,32.03333333333334
2022-10-08 05:30:00,32.03333333333334
2022-10-08 06:00:00,32.016666666666666
2022-10-08 06:30:00,32.0
2022-10-08 07:00:00,32.0
2022-10-08 07:30:00,32.0
2022-10-08 08:00:00,32.0
2022-10-08 08:30:00,32.0
2022-10-08 09:00:00,32.03333333333334
2022-10-08 09:30:00,32.03333333333334
2022-10-08 10:00:00,32.03333333333334
2022-10-08 10:30:00,32.06666666666667
2022-10-08 11:00:00,32.36666666666667
2022-10-08 11:30:00,33.18333333333333
2022-10-08 12:00:00,33.71666666666667
2022-10-08 12:30:00,33.86666666666667
2022-10-08 13:00:00,33.86666666666667
2022-10-08 13:30:00,33.800000000000004
2022-10-08 14:00:00,33.916666666666664
2022-10-08 14:30:00,34.38333333333333
2022-10-08 15:00:00,34.46666666666666
2022-10-08 15:30:00,34.36666666666667
2022-10-08 16:00:00,34.266666666666666
2022-10-08 16:30:00,34.18333333333334
2022-10-08 17:00:00,34.11666666666667
2022-10-08 17:30:00,34.06666666666666
2022-10-08 18:00:00,34.0
2022-10-08 18:30:00,33.96666666666667
2022-10-08 19:00:00,33.93333333333333
2022-10-08 19:30:00,33.9
2022-10-08 20:00:00,33.9
2022-10-08 20:30:00,33.9
2022-10-08 21:00:00,33.9
2022-10-08 21:30:00,33.88333333333333
2022-10-08 22:00:00,33.86666666666667
2022-10-08 22:30:00,33.86666666666667
2022-10-08 23:00:00,33.86666666666667
2022-10-08 23:30:00,33.88333333333333
2022-10-09 00:00:00,33.9
2022-10-09 00:30:00,33.93333333333333
2022-10-09 01:00:00,33.93333333333333
2022-10-09 01:30:00,33.93333333333333
2022-10-09 02:00:00,33.949999999999996
2022-10-09 02:30:00,33.949999999999996
2022-10-09 03:00:00,33.96666666666667
2022-10-09 03:30:00,33.96666666666667
2022-10-09 04:00:00,33.949999999999996
2022-10-09 04:30:00,33.96666666666667
2022-10-09 05:00:00,34.03333333333333
2022-10-09 05:30:00,33.949999999999996
2022-10-09 06:00:00,33.86666666666667
2022-10-09 06:30:00,33.86666666666667
2022-10-09 07:00:00,33.86666666666667
2022-10-09 07:30:00,33.916666666666664
2022-10-09 08:00:00,33.916666666666664
2022-10-09 08:30:00,33.9
2022-10-09 09:00:00,33.93333333333334
2022-10-09 09:30:00,33.93333333333334
2022-10-09 10:00:00,33.983333333333334
2022-10-09 10:30:00,34.00000000000001
2022-10-09 11:00:00,34.03333333333333
2022-10-09 11:30:00,34.05
2022-10-09 12:00:00,34.03333333333334
2022-10-09 12:30:00,34.016666666666666
2022-10-09 13:00:00,34.0
2022-10-09 13:30:00,34.0
2022-10-09 14:00:00,33.98333333333333
2022-10-09 14:30:00,33.93333333333333
2022-10-09 15:00:00,33.916666666666664
2022-10-09 15:30:00,33.86666666666667
2022-10-09 16:00:00,33.78333333333333
2022-10-09 16:30:00,33.75000000000001
2022-10-09 17:00:00,33.7
2022-10-09 17:30:00,33.666666666666664
2022-10-09 18:00:00,33.65
2022-10-09 18:30:00,33.599999999999994
2022-10-09 19:00:00,33.63333333333333
2022-10-09 19:30:00,33.63333333333333
2022-10-09 20:00:00,33.666666666666664
2022-10-09 20:30:00,33.699999999999996
2022-10-09 21:00:00,33.71666666666667
2022-10-09 21:30:00,33.71666666666667
2022-10-09 22:00:00,33.75
2022-10-09 22:30:00,33.766666666666666
2022-10-09 23:00:00,33.78333333333334
2022-10-09 23:30:00,33.8
2022-10-10 00:00:00,33.8
2022-10-10 00:30:00,33.75
2022-10-10 01:00:00,33.78333333333333
2022-10-10 01:30:00,33.8
2022-10-10 02:00:00,33.8
2022-10-10 02:30:00,33.8
2022-10-10 03:00:00,33.81666666666667
2022-10-10 03:30:00,33.833333333333336
2022-10-10 04:00:00,33.833333333333336
2022-10-10 04:30:00,33.833333333333336
2022-10-10 05:00:00,33.833333333333336
2022-10-10 05:30:00,33.800000000000004
2022-10-10 06:00:00,33.833333333333336
2022-10-10 06:30:00,33.85
2022-10-10 07:00:00,33.86666666666667
2022-10-10 07:30:00,33.86666666666667
2022-10-10 08:00:00,33.833333333333336
2022-10-10 08:30:00,33.833333333333336
2022-10-10 09:00:00,33.86666666666667
2022-10-10 09:30:00,33.86666666666667
2022-10-10 10:00:00,33.833333333333336
2022-10-10 10:30:00,33.833333333333336
2022-10-10 11:00:00,33.86666666666667
2022-10-10 11:30:00,33.85
2022-10-10 12:00:00,33.8
2022-10-10 12:30:00,33.78333333333333
2022-10-10 13:00:00,33.71666666666666
2022-10-10 13:30:00,33.7
2022-10-10 14:00:00,33.65
2022-10-10 14:30:00,33.61666666666667
2022-10-10 15:00:00,33.56666666666667
2022-10-10 15:30:00,33.53333333333333
2022-10-10 16:00:00,33.46666666666667
2022-10-10 16:30:00,33.43333333333333
2022-10-10 17:00:00,33.36666666666667
2022-10-10 17:30:00,33.36666666666667
2022-10-10 18:00:00,33.333333333333336
2022-10-10 18:30:00,33.300000000000004
2022-10-10 19:00:00,33.26666666666667
2022-10-10 19:30:00,33.26666666666667
2022-10-10 20:00:00,33.26666666666667
2022-10-10 20:30:00,33.233333333333334
2022-10-10 21:00:00,33.28333333333333
2022-10-10 21:30:00,33.300000000000004
2022-10-10 22:00:00,33.300000000000004
2022-10-10 22:30:00,33.300000000000004
2022-10-10 23:00:00,33.300000000000004
2022-10-10 23:30:00,33.300000000000004
2022-10-11 00:00:00,33.300000000000004
2022-10-11 00:30:00,33.25
2022-10-11 01:00:00,33.233333333333334
2022-10-11 01:30:00,33.233333333333334
2022-10-11 02:00:00,33.199999999999996
2022-10-11 02:30:00,33.199999999999996
2022-10-11 03:00:00,33.199999999999996
2022-10-11 03:30:00,33.199999999999996
2022-10-11 04:00:00,33.199999999999996
2022-10-11 04:30:00,33.199999999999996
2022-10-11 05:00:00,33.199999999999996
2022-10-11 05:30:00,33.199999999999996
2022-10-11 06:00:00,33.199999999999996
2022-10-11 06:30:00,33.199999999999996
2022-10-11 07:00:00,33.199999999999996
2022-10-11 07:30:00,33.166666666666664
2022-10-11 08:00:00,33.1
2022-10-11 08:30:00,33.1
2022-10-11 09:00:00,33.1
2022-10-11 09:30:00,33.11666666666667
2022-10-11 10:00:00,33.11666666666667
2022-10-11 10:30:00,33.13333333333333
2022-10-11 11:00:00,33.13333333333333
2022-10-11 11:30:00,33.13333333333333
2022-10-11 12:00:00,33.166666666666664
2022-10-11 12:30:00,33.21666666666666
2022-10-11 13:00:00,33.24999999999999
2022-10-11 13:30:00,33.3
2022-10-11 14:00:00,33.3
2022-10-11 14:30:00,33.36666666666667
2022-10-11 15:00:00,33.449999999999996
2022-10-11 15:30:00,33.699999999999996
2022-10-11 16:00:00,34.01666666666667
2022-10-11 16:30:00,34.03333333333333
2022-10-11 17:00:00,34.1
2022-10-11 17:30:00,34.06666666666667
2022-10-11 18:00:00,34.06666666666667
2022-10-11 18:30:00,34.050000000000004
2022-10-11 19:00:00,34.03333333333333
2022-10-11 19:30:00,34.050000000000004
2022-10-11 20:00:00,34.1
2022-10-11 20:30:00,34.13333333333333
2022-10-11 21:00:00,34.166666666666664
2022-10-11 21:30:00,34.13333333333333
2022-10-11 22:00:00,34.13333333333333
2022-10-11 22:30:00,34.13333333333333
2022-10-11 23:00:00,34.13333333333333
2022-10-11 23:30:00,34.166666666666664
2022-10-12 00:00:00,34.166666666666664
2022-10-12 00:30:00,34.166666666666664
2022-10-12 01:00:00,34.18333333333333
2022-10-12 01:30:00,34.18333333333333
2022-10-12 02:00:00,34.21666666666667
2022-10-12 02:30:00,34.23333333333333
2022-10-12 03:00:00,34.23333333333333
2022-10-12 03:30:00,34.23333333333333
2022-10-12 04:00:00,34.23333333333333
2022-10-12 04:30:00,34.23333333333333
2022-10-12 05:00:00,34.26666666666667
2022-10-12 05:30:00,34.26666666666667
2022-10-12 06:00:00,34.23333333333333
2022-10-12 06:30:00,34.23333333333333
2022-10-12 07:00:00,34.23333333333333
2022-10-12 07:30:00,34.23333333333333
2022-10-12 08:00:00,34.25
2022-10-12 08:30:00,34.23333333333333
2022-10-12 09:00:00,34.23333333333333
2022-10-12 09:30:00,34.31666666666667
2022-10-12 10:00:00,34.333333333333336
2022-10-12 10:30:00,34.35
2022-10-12 11:00:00,34.416666666666664
2022-10-12 11:30:00,34.43333333333333
2022-10-12 12:00:00,34.416666666666664
2022-10-12 12:30:00,34.4
2022-10-12 13:00:00,34.4
2022-10-12 13:30:00,34.33333333333333
2022-10-12 14:00:00,34.31666666666667
2022-10-12 14:30:00,34.25000000000001
2022-10-12 15:00:00,34.233333333333334
2022-10-12 15:30:00,34.18333333333333
2022-10-12 16:00:00,34.15
2022-10-12 16:30:00,34.13333333333333
2022-10-12 17:00:00,34.1
2022-10-12 17:30:00,34.06666666666666
2022-10-12 18:00:00,34.06666666666666
2022-10-12 18:30:00,34.06666666666666
2022-10-12 19:00:00,34.06666666666666
2022-10-12 19:30:00,34.06666666666666
2022-10-12 20:00:00,34.083333333333336
2022-10-12 20:30:00,34.1
2022-10-12 21:00:00,34.11666666666667
2022-10-12 21:30:00,34.13333333333333
2022-10-12 22:00:00,34.15
2022-10-12 22:30:00,34.13333333333333
2022-10-12 23:00:00,34.15
2022-10-12 23:30:00,34.166666666666664
2022-10-13 00:00:00,34.2
2022-10-13 00:30:00,34.2
2022-10-13 01:00:00,34.18333333333333
2022-10-13 01:30:00,34.2
2022-10-13 02:00:00,34.2
2022-10-13 02:30:00,34.2
2022-10-13 03:00:00,34.2
2022-10-13 03:30:00,34.233333333333334
2022-10-13 04:00:00,34.266666666666666
2022-10-13 04:30:00,34.2
2022-10-13 05:00:00,34.166666666666664
2022-10-13 05:30:00,34.166666666666664
2022-10-13 06:00:00,34.26666666666667
2022-10-13 06:30:00,34.28333333333334
2022-10-13 07:00:00,34.28333333333333
2022-10-13 07:30:00,34.26666666666667
2022-10-13 08:00:00,34.1
2022-10-13 08:30:00,34.1
2022-10-13 09:00:00,34.1
2022-10-13 09:30:00,34.1
2022-10-13 10:00:00,34.1
2022-10-13 10:30:00,34.11666666666667
2022-10-13 11:00:00,34.166666666666664
2022-10-13 11:30:00,34.1
2022-10-13 12:00:00,34.1
2022-10-13 12:30:00,34.1
2022-10-13 13:00:00,34.06666666666667
2022-10-13 13:30:00,34.06666666666667
2022-10-13 14:00:00,34.03333333333333
2022-10-13 14:30:00,34.03333333333333
2022-10-13 15:00:00,34.06666666666666
2022-10-13 15:30:00,34.050000000000004
2022-10-13 16:00:00,34.0
2022-10-13 16:30:00,33.983333333333334
2022-10-13 17:00:00,33.96666666666667
2022-10-13 17:30:00,33.949999999999996
2022-10-13 18:00:00,33.91666666666667
2022-10-13 18:30:00,33.86666666666667
2022-10-13 19:00:00,33.833333333333336
2022-10-13 19:30:00,33.833333333333336
2022-10-13 20:00:00,33.833333333333336
2022-10-13 20:30:00,33.833333333333336
2022-10-13 21:00:00,33.800000000000004
2022-10-13 21:30:00,33.76666666666667
2022-10-13 22:00:00,33.75
2022-10-13 22:30:00,33.733333333333334
2022-10-13 23:00:00,33.699999999999996
2022-10-13 23:30:00,33.699999999999996
2022-10-14 00:00:00,33.699999999999996
2022-10-14 00:30:00,33.699999999999996
2022-10-14 01:00:00,33.68333333333333
2022-10-14 01:30:00,33.666666666666664
2022-10-14 02:00:00,33.666666666666664
2022-10-14 02:30:00,33.666666666666664
2022-10-14 03:00:00,33.666666666666664
2022-10-14 03:30:00,33.666666666666664
2022-10-14 04:00:00,33.666666666666664
2022-10-14 04:30:00,33.65
2022-10-14 05:00:00,33.63333333333333
2022-10-14 05:30:00,33.61666666666667
2022-10-14 06:00:00,33.6
2022-10-14 06:30:00,33.6
2022-10-14 07:00:00,33.6
2022-10-14 07:30:00,33.6
2022-10-14 08:00:00,33.6
2022-10-14 08:30:00,33.583333333333336
2022-10-14 09:00:00,33.56666666666667
2022-10-14 09:30:00,33.56666666666667
2022-10-14 10:00:00,33.56666666666667
2022-10-14 10:30:00,33.56666666666667
2022-10-14 11:00:00,33.583333333333336
2022-10-14 11:30:00,33.56666666666667
2022-10-14 12:00:00,33.56666666666667
2022-10-14 12:30:00,33.583333333333336
2022-10-14 13:00:00,33.61666666666667
2022-10-14 13:30:00,33.666666666666664
2022-10-14 14:00:00,33.766666666666666
2022-10-14 14:30:00,33.8
2022-10-14 15:00:00,33.8
2022-10-14 15:30:00,33.833333333333336
2022-10-14 16:00:00,33.833333333333336
2022-10-14 16:30:00,33.800000000000004
2022-10-14 17:00:00,33.800000000000004
2022-10-14 17:30:00,33.800000000000004
2022-10-14 18:00:00,33.81666666666667
2022-10-14 18:30:00,33.833333333333336
2022-10-14 19:00:00,33.833333333333336
2022-10-14 19:30:00,33.833333333333336
2022-10-14 20:00:00,33.833333333333336
2022-10-14 20:30:00,33.86666666666667
2022-10-14 21:00:00,33.86666666666667
2022-10-14 21:30:00,33.86666666666667
2022-10-14 22:00:00,33.86666666666667
2022-10-14 22:30:00,33.86666666666667
2022-10-14 23:00:00,33.86666666666667
2022-10-14 23:30:00,33.86666666666667
2022-10-15 00:00:00,33.833333333333336
2022-10-15 00:30:00,33.833333333333336
2022-10-15 01:00:00,33.833333333333336
2022-10-15 01:30:00,33.833333333333336
2022-10-15 02:00:00,33.833333333333336
2022-10-15 02:30:00,33.833333333333336
2022-10-15 03:00:00,33.833333333333336
2022-10-15 03:30:00,33.88333333333333
2022-10-15 04:00:00,33.916666666666664
2022-10-15 04:30:00,33.98333333333333
2022-10-15 05:00:00,34.03333333333333
2022-10-15 05:30:00,34.06666666666666
2022-10-15 06:00:00,34.083333333333336
2022-10-15 06:30:00,34.13333333333333
2022-10-15 07:00:00,34.15
2022-10-15 07:30:00,34.166666666666664
2022-10-15 08:00:00,34.166666666666664
2022-10-15 08:30:00,34.166666666666664
2022-10-15 09:00:00,34.166666666666664
2022-10-15 09:30:00,34.166666666666664
2022-10-15 10:00:00,34.166666666666664
2022-10-15 10:30:00,34.13333333333333
2022-10-15 11:00:00,34.15
2022-10-15 11:30:00,34.166666666666664
2022-10-15 12:00:00,34.166666666666664
2022-10-15 12:30:00,34.166666666666664
2022-10-15 13:00:00,34.15
2022-10-15 13:30:00,34.13333333333333
2022-10-15 14:00:00,34.13333333333333
2022-10-15 14:30:00,34.13333333333333
2022-10-15 15:00:00,34.13333333333333
2022-10-15 15:30:00,34.13333333333333
2022-10-15 16:00:00,34.1
2022-10-15 16:30:00,34.1
2022-10-15 17:00:00,34.1
2022-10-15 17:30:00,34.1
2022-10-15 18:00:00,34.1
2022-10-15 18:30:00,34.1
2022-10-15 19:00:00,34.06666666666667
2022-10-15 19:30:00,34.050000000000004
2022-10-15 20:00:00,34.03333333333333
2022-10-15 20:30:00,34.03333333333333
2022-10-15 21:00:00,34.03333333333333
2022-10-15 21:30:00,34.03333333333333
2022-10-15 22:00:00,34.03333333333333
2022-10-15 22:30:00,34.016666666666666
2022-10-15 23:00:00,34.0
2022-10-15 23:30:00,34.0
2022-10-16 00:00:00,34.0
2022-10-16 00:30:00,34.0
2022-10-16 01:00:00,34.0
2022-10-16 01:30:00,34.0
2022-10-16 02:00:00,34.0
2022-10-16 02:30:00,34.0
2022-10-16 03:00:00,34.0
2022-10-16 03:30:00,34.0
2022-10-16 04:00:00,34.0
2022-10-16 04:30:00,34.0
2022-10-16 05:00:00,34.0
2022-10-16 05:30:00,33.983333333333334
2022-10-16 06:00:00,33.96666666666667
2022-10-16 06:30:00,33.96666666666667
2022-10-16 07:00:00,33.96666666666667
2022-10-16 07:30:00,33.96666666666667
2022-10-16 08:00:00,33.96666666666667
2022-10-16 08:30:00,33.96666666666667
2022-10-16 09:00:00,33.96666666666667
2022-10-16 09:30:00,33.96666666666667
2022-10-16 10:00:00,33.96666666666667
2022-10-16 10:30:00,33.96666666666667
2022-10-16 11:00:00,33.96666666666667
2022-10-16 11:30:00,33.96666666666667
2022-10-16 12:00:00,33.96666666666667
2022-10-16 12:30:00,33.96666666666667
2022-10-16 13:00:00,33.98333333333333
2022-10-16 13:30:00,34.03333333333333
2022-10-16 14:00:00,34.01666666666667
2022-10-16 14:30:00,34.0
2022-10-16 15:00:00,34.0
2022-10-16 15:30:00,34.03333333333333
2022-10-16 16:00:00,34.233333333333334
2022-10-16 16:30:00,34.38333333333333
2022-10-16 17:00:00,34.8
2022-10-16 17:30:00,35.1
2022-10-16 18:00:00,35.166666666666664
2022-10-16 18:30:00,35.166666666666664
2022-10-16 19:00:00,35.13333333333333
2022-10-16 19:30:00,35.1
2022-10-16 20:00:00,35.083333333333336
2022-10-16 20:30:00,35.06666666666667
2022-10-16 21:00:00,35.016666666666666
2022-10-16 21:30:00,35.0
2022-10-16 22:00:00,34.983333333333334
2022-10-16 22:30:00,34.96666666666667
2022-10-16 23:00:00,34.96666666666667
2022-10-16 23:30:00,34.916666666666664
2022-10-17 00:00:00,34.9
2022-10-17 00:30:00,36.416666666666664
2022-10-17 01:00:00,37.11666666666667
2022-10-17 01:30:00,36.93333333333333
2022-10-17 02:00:00,36.78333333333334
2022-10-17 02:30:00,36.61666666666667
2022-10-17 03:00:00,36.43333333333333
2022-10-17 03:30:00,36.266666666666666
2022-10-17 04:00:00,36.15
2022-10-17 04:30:00,36.1
2022-10-17 05:00:00,36.01666666666667
2022-10-17 05:30:00,36.05
2022-10-17 06:00:00,36.13333333333333
2022-10-17 06:30:00,36.2
2022-10-17 07:00:00,36.2
2022-10-17 07:30:00,36.18333333333333
2022-10-17 08:00:00,36.166666666666664
2022-10-17 08:30:00,36.11666666666667
2022-10-17 09:00:00,36.06666666666667
2022-10-17 09:30:00,36.050000000000004
2022-10-17 10:00:00,36.016666666666666
2022-10-17 10:30:00,35.96666666666667
2022-10-17 11:00:00,35.93333333333333
2022-10-17 11:30:00,35.91666666666667
2022-10-17 12:00:00,35.9
2022-10-17 12:30:00,35.88333333333333
2022-10-17 13:00:00,35.86666666666667
2022-10-17 13:30:00,35.833333333333336
2022-10-17 14:00:00,35.8
2022-10-17 14:30:00,35.73333333333333
2022-10-17 15:00:00,35.68333333333334
2022-10-17 15:30:00,35.63333333333333
2022-10-17 16:00:00,35.63333333333333
2022-10-17 16:30:00,35.56666666666666
2022-10-17 17:00:00,35.56666666666666
2022-10-17 17:30:00,35.550000000000004
2022-10-17 18:00:00,35.516666666666666
2022-10-17 18:30:00,35.5
2022-10-17 19:00:00,35.5
2022-10-17 19:30:00,35.5
2022-10-17 20:00:00,35.51666666666667
2022-10-17 20:30:00,35.53333333333333
2022-10-17 21:00:00,35.53333333333333
2022-10-17 21:30:00,35.53333333333333
2022-10-17 22:00:00,35.53333333333333
2022-10-17 22:30:00,35.53333333333333
2022-10-17 23:00:00,35.53333333333333
2022-10-17 23:30:00,35.5
2022-10-18 00:00:00,35.46666666666667
2022-10-18 00:30:00,35.46666666666667
2022-10-18 01:00:00,35.46666666666667
2022-10-18 01:30:00,35.5
2022-10-18 02:00:00,35.5
2022-10-18 02:30:00,35.46666666666667
2022-10-18 03:00:00,35.46666666666667
2022-10-18 03:30:00,35.46666666666667
2022-10-18 04:00:00,35.46666666666667
2022-10-18 04:30:00,35.46666666666667
2022-10-18 05:00:00,35.43333333333334
2022-10-18 05:30:00,35.449999999999996
2022-10-18 06:00:00,35.46666666666667
2022-10-18 06:30:00,35.46666666666667
2022-10-18 07:00:00,35.416666666666664
2022-10-18 07:30:00,35.4
2022-10-18 08:00:00,35.416666666666664
2022-10-18 08:30:00,35.416666666666664
2022-10-18 09:00:00,35.4
2022-10-18 09:30:00,35.4
2022-10-18 10:00:00,35.4
2022-10-18 10:30:00,35.4
2022-10-18 11:00:00,35.36666666666667
2022-10-18 11:30:00,35.38333333333333
2022-10-18 12:00:00,35.35
2022-10-18 12:30:00,35.333333333333336
2022-10-18 13:00:00,35.333333333333336
2022-10-18 13:30:00,35.31666666666667
2022-10-18 14:00:00,35.26666666666667
2022-10-18 14:30:00,35.23333333333334
2022-10-18 15:00:00,35.23333333333334
2022-10-18 15:30:00,35.23333333333334
2022-10-18 16:00:00,35.23333333333334
2022-10-18 16:30:00,35.23333333333334
2022-10-18 17:00:00,35.23333333333334
2022-10-18 17:30:00,35.21666666666667
2022-10-18 18:00:00,35.199999999999996
2022-10-18 18:30:00,35.21666666666667
2022-10-18 19:00:00,35.23333333333334
2022-10-18 19:30:00,35.26666666666667
2022-10-18 20:00:00,35.26666666666667
2022-10-18 20:30:00,35.26666666666667
2022-10-18 21:00:00,35.26666666666667
2022-10-18 21:30:00,35.26666666666667
2022-10-18 22:00:00,35.26666666666667
2022-10-18 22:30:00,35.23333333333334
2022-10-18 23:00:00,35.28333333333333
2022-10-18 23:30:00,35.300000000000004
2022-10-19 00:00:00,35.300000000000004
2022-10-19 00:30:00,35.26666666666667
2022-10-19 01:00:00,35.266666666666666
2022-10-19 01:30:00,35.266666666666666
2022-10-19 02:00:00,35.28333333333334
2022-10-19 02:30:00,35.28333333333334
2022-10-19 03:00:00,35.300000000000004
2022-10-19 03:30:00,35.300000000000004
2022-10-19 04:00:00,35.300000000000004
2022-10-19 04:30:00,35.31666666666667
2022-10-19 05:00:00,35.300000000000004
2022-10-19 05:30:00,35.300000000000004
2022-10-19 06:00:00,35.266666666666666
2022-10-19 06:30:00,35.266666666666666
2022-10-19 07:00:00,35.266666666666666
2022-10-19 07:30:00,35.266666666666666
2022-10-19 08:00:00,35.266666666666666
2022-10-19 08:30:00,35.266666666666666
2022-10-19 09:00:00,35.25
2022-10-19 09:30:00,35.23333333333333
2022-10-19 10:00:00,35.266666666666666
2022-10-19 10:30:00,35.266666666666666
2022-10-19 11:00:00,35.266666666666666
2022-10-19 11:30:00,35.25
2022-10-19 12:00:00,35.23333333333333
2022-10-19 12:30:00,35.25
2022-10-19 13:00:00,35.26666666666667
2022-10-19 13:30:00,35.23333333333334
2022-10-19 14:00:00,35.23333333333334
2022-10-19 14:30:00,35.199999999999996
2022-10-19 15:00:00,35.199999999999996
2022-10-19 15:30:00,35.199999999999996
2022-10-19 16:00:00,35.150000000000006
2022-10-19 16:30:00,35.13333333333333
2022-10-19 17:00:00,35.13333333333333
2022-10-19 17:30:00,35.13333333333333
2022-10-19 18:00:00,35.11666666666667
2022-10-19 18:30:00,35.1
2022-10-19 19:00:00,35.1
2022-10-19 19:30:00,35.1
2022-10-19 20:00:00,35.083333333333336
2022-10-19 20:30:00,35.1
2022-10-19 21:00:00,35.1
2022-10-19 21:30:00,35.1
2022-10-19 22:00:00,35.1
2022-10-19 22:30:00,35.1
2022-10-19 23:00:00,35.1
2022-10-19 23:30:00,35.083333333333336
2022-10-20 00:00:00,35.1
2022-10-20 00:30:00,35.06666666666667
2022-10-20 01:00:00,35.06666666666667
2022-10-20 01:30:00,35.06666666666667
2022-10-20 02:00:00,35.06666666666667
2022-10-20 02:30:00,35.06666666666667
2022-10-20 03:00:00,35.06666666666667
2022-10-20 03:30:00,35.06666666666667
2022-10-20 04:00:00,35.06666666666667
2022-10-20 04:30:00,35.06666666666667
2022-10-20 05:00:00,35.050000000000004
2022-10-20 05:30:00,35.050000000000004
2022-10-20 06:00:00,35.03333333333334
2022-10-20 06:30:00,35.03333333333334
2022-10-20 07:00:00,35.0
2022-10-20 07:30:00,35.0
2022-10-20 08:00:00,35.0
2022-10-20 08:30:00,35.0
2022-10-20 09:00:00,35.0
2022-10-20 09:30:00,35.0
2022-10-20 10:00:00,35.0
2022-10-20 10:30:00,35.0
2022-10-20 11:00:00,35.0
2022-10-20 11:30:00,34.96666666666666
2022-10-20 12:00:00,34.93333333333333
2022-10-20 12:30:00,34.93333333333333
2022-10-20 13:00:00,34.93333333333333
2022-10-20 13:30:00,34.93333333333333
2022-10-20 14:00:00,34.95
2022-10-20 14:30:00,34.9
2022-10-20 15:00:00,34.9
2022-10-20 15:30:00,34.88333333333333
2022-10-20 16:00:00,34.81666666666667
2022-10-20 16:30:00,34.800000000000004
2022-10-20 17:00:00,34.800000000000004
2022-10-20 17:30:00,34.800000000000004
2022-10-20 18:00:00,34.800000000000004
2022-10-20 18:30:00,34.78333333333333
2022-10-20 19:00:00,34.800000000000004
2022-10-20 19:30:00,34.800000000000004
2022-10-20 20:00:00,34.800000000000004
2022-10-20 20:30:00,34.800000000000004
2022-10-20 21:00:00,34.86666666666667
2022-10-20 21:30:00,34.86666666666667
2022-10-20 22:00:00,34.833333333333336
2022-10-20 22:30:00,34.833333333333336
2022-10-20 23:00:00,34.833333333333336
2022-10-20 23:30:00,34.86666666666667
2022-10-21 00:00:00,34.86666666666667
2022-10-21 00:30:00,34.9
2022-10-21 01:00:00,34.9
2022-10-21 01:30:00,34.9
2022-10-21 02:00:00,34.86666666666667
2022-10-21 02:30:00,34.86666666666667
2022-10-21 03:00:00,34.86666666666667
2022-10-21 03:30:00,34.86666666666667
2022-10-21 04:00:00,34.86666666666667
2022-10-21 04:30:00,34.86666666666667
2022-10-21 05:00:00,34.86666666666667
2022-10-21 05:30:00,34.86666666666667
2022-10-21 06:00:00,34.86666666666667
2022-10-21 06:30:00,34.86666666666667
2022-10-21 07:00:00,34.86666666666667
2022-10-21 07:30:00,34.86666666666667
2022-10-21 08:00:00,34.86666666666667
2022-10-21 08:30:00,34.88333333333333
2022-10-21 09:00:00,34.9
2022-10-21 09:30:00,34.9
2022-10-21 10:00:00,34.93333333333333
2022-10-21 10:30:00,34.96666666666667
2022-10-21 11:00:00,34.96666666666667
2022-10-21 11:30:00,34.96666666666667
2022-10-21 12:00:00,35.0
2022-10-21 12:30:00,34.983333333333334
2022-10-21 13:00:00,34.949999999999996
2022-10-21 13:30:00,34.93333333333333
2022-10-21 14:00:00,34.93333333333333
2022-10-21 14:30:00,34.93333333333333
2022-10-21 15:00:00,34.9
2022-10-21 15:30:00,34.833333333333336
2022-10-21 16:00:00,34.81666666666667
2022-10-21 16:30:00,34.8
2022-10-21 17:00:00,34.8
2022-10-21 17:30:00,34.75000000000001
2022-10-21 18:00:00,34.75000000000001
2022-10-21 18:30:00,34.733333333333334
2022-10-21 19:00:00,34.733333333333334
2022-10-21 19:30:00,34.733333333333334
2022-10-21 20:00:00,34.733333333333334
2022-10-21 20:30:00,34.733333333333334
2022-10-21 21:00:00,34.733333333333334
2022-10-21 21:30:00,34.733333333333334
2022-10-21 22:00:00,34.733333333333334
2022-10-21 22:30:00,34.733333333333334
2022-10-21 23:00:00,34.733333333333334
2022-10-21 23:30:00,34.75
2022-10-22 00:00:00,34.766666666666666
2022-10-22 00:30:00,34.8
2022-10-22 01:00:00,34.8
2022-10-22 01:30:00,34.8
2022-10-22 02:00:00,34.8
2022-10-22 02:30:00,34.8
2022-10-22 03:00:00,34.8
2022-10-22 03:30:00,34.8
2022-10-22 04:00:00,34.8
2022-10-22 04:30:00,34.8
2022-10-22 05:00:00,34.8
2022-10-22 05:30:00,34.8
2022-10-22 06:00:00,34.8
2022-10-22 06:30:00,34.8
2022-10-22 07:00:00,34.8
2022-10-22 07:30:00,34.8
2022-10-22 08:00:00,34.8
2022-10-22 08:30:00,34.8
2022-10-22 09:00:00,34.8
2022-10-22 09:30:00,34.8
2022-10-22 10:00:00,34.8
2022-10-22 10:30:00,34.8
2022-10-22 11:00:00,34.8
2022-10-22 11:30:00,34.8
2022-10-22 12:00:00,34.8
2022-10-22 12:30:00,34.766666666666666
2022-10-22 13:00:00,34.75000000000001
2022-10-22 13:30:00,34.733333333333334
2022-10-22 14:00:00,34.733333333333334
2022-10-22 14:30:00,34.733333333333334
2022-10-22 15:00:00,34.71666666666667
2022-10-22 15:30:00,34.7
2022-10-22 16:00:00,34.7
2022-10-22 16:30:00,34.650000000000006
2022-10-22 17:00:00,34.63333333333333
2022-10-22 17:30:00,34.61666666666667
2022-10-22 18:00:00,34.6
2022-10-22 18:30:00,34.61666666666667
2022-10-22 19:00:00,34.63333333333333
2022-10-22 19:30:00,34.666666666666664
2022-10-22 20:00:00,34.666666666666664
2022-10-22 20:30:00,34.733333333333334
2022-10-22 21:00:00,34.766666666666666
2022-10-22 21:30:00,34.766666666666666
2022-10-22 22:00:00,34.766666666666666
2022-10-22 22:30:00,34.766666666666666
2022-10-22 23:00:00,34.766666666666666
2022-10-22 23:30:00,34.766666666666666
2022-10-23 00:00:00,34.766666666666666
2022-10-23 00:30:00,34.766666666666666
2022-10-23 01:00:00,34.766666666666666
2022-10-23 01:30:00,34.766666666666666
2022-10-23 02:00:00,34.766666666666666
2022-10-23 02:30:00,34.766666666666666
2022-10-23 03:00:00,34.766666666666666
2022-10-23 03:30:00,34.766666666666666
2022-10-23 04:00:00,34.766666666666666
2022-10-23 04:30:00,34.766666666666666
2022-10-23 05:00:00,34.766666666666666
2022-10-23 05:30:00,34.766666666666666
2022-10-23 06:00:00,34.766666666666666
2022-10-23 06:30:00,34.766666666666666
2022-10-23 07:00:00,34.733333333333334
2022-10-23 07:30:00,34.733333333333334
2022-10-23 08:00:00,34.75
2022-10-23 08:30:00,34.75
2022-10-23 09:00:00,34.75
2022-10-23 09:30:00,34.733333333333334
2022-10-23 10:00:00,34.766666666666666
2022-10-23 10:30:00,34.766666666666666
2022-10-23 11:00:00,34.733333333333334
2022-10-23 11:30:00,34.733333333333334
2022-10-23 12:00:00,34.733333333333334
2022-10-23 12:30:00,34.733333333333334
2022-10-23 13:00:00,34.7
2022-10-23 13:30:00,34.7
2022-10-23 14:00:00,34.65
2022-10-23 14:30:00,34.63333333333333
2022-10-23 15:00:00,34.63333333333333
2022-10-23 15:30:00,34.61666666666667
2022-10-23 16:00:00,34.583333333333336
2022-10-23 16:30:00,34.56666666666667
2022-10-23 17:00:00,34.56666666666667
2022-10-23 17:30:00,34.550000000000004
2022-10-23 18:00:00,34.53333333333333
2022-10-23 18:30:00,34.550000000000004
2022-10-23 19:00:00,34.61666666666667
2022-10-23 19:30:00,34.699999999999996
2022-10-23 20:00:00,34.63333333333333
2022-10-23 20:30:00,34.65
2022-10-23 21:00:00,34.66666666666667
2022-10-23 21:30:00,34.66666666666667
2022-10-23 22:00:00,34.66666666666667
2022-10-23 22:30:00,34.666666666666664
2022-10-23 23:00:00,34.666666666666664
2022-10-23 23:30:00,34.68333333333333
2022-10-24 00:00:00,34.766666666666666
2022-10-24 00:30:00,34.766666666666666
2022-10-24 01:00:00,34.766666666666666
2022-10-24 01:30:00,34.71666666666667
2022-10-24 02:00:00,34.7
2022-10-24 02:30:00,34.7
2022-10-24 03:00:00,34.699999999999996
2022-10-24 03:30:00,34.699999999999996
2022-10-24 04:00:00,34.699999999999996
2022-10-24 04:30:00,34.699999999999996
2022-10-24 05:00:00,34.68333333333334
2022-10-24 05:30:00,34.63333333333333
2022-10-24 06:00:00,34.61666666666667
2022-10-24 06:30:00,34.56666666666666
2022-10-24 07:00:00,34.53333333333333
2022-10-24 07:30:00,34.48333333333333
2022-10-24 08:00:00,34.46666666666666
2022-10-24 08:30:00,34.45
2022-10-24 09:00:00,34.43333333333333
2022-10-24 09:30:00,34.43333333333333
2022-10-24 10:00:00,34.43333333333333
2022-10-24 10:30:00,34.43333333333333
2022-10-24 11:00:00,34.46666666666667
2022-10-24 11:30:00,34.48333333333333
2022-10-24 12:00:00,34.46666666666667
2022-10-24 12:30:00,34.46666666666667
2022-10-24 13:00:00,34.46666666666667
2022-10-24 13:30:00,34.483333333333334
2022-10-24 14:00:00,34.46666666666667
2022-10-24 14:30:00,34.43333333333334
2022-10-24 15:00:00,34.43333333333334
2022-10-24 15:30:00,34.416666666666664
2022-10-24 16:00:00,34.4
2022-10-24 16:30:00,34.4
2022-10-24 17:00:00,34.416666666666664
2022-10-24 17:30:00,34.699999999999996
2022-10-24 18:00:00,34.9
2022-10-24 18:30:00,34.516666666666666
2022-10-24 19:00:00,34.36666666666667
2022-10-24 19:30:00,34.33333333333333
2022-10-24 20:00:00,34.28333333333334
2022-10-24 20:30:00,34.25
2022-10-24 21:00:00,34.199999999999996
2022-10-24 21:30:00,34.18333333333334
2022-10-24 22:00:00,34.13333333333333
2022-10-24 22:30:00,34.1
2022-10-24 23:00:00,34.03333333333333
2022-10-24 23:30:00,33.949999999999996
2022-10-25 00:00:00,33.93333333333334
2022-10-25 00:30:00,33.88333333333333
2022-10-25 01:00:00,33.8
2022-10-25 01:30:00,33.766666666666666
2022-10-25 02:00:00,33.733333333333334
2022-10-25 02:30:00,33.666666666666664
2022-10-25 03:00:00,33.61666666666667
2022-10-25 03:30:00,33.583333333333336
2022-10-25 04:00:00,33.53333333333334
2022-10-25 04:30:00,33.5
2022-10-25 05:00:00,33.43333333333334
2022-10-25 05:30:00,33.38333333333333
2022-10-25 06:00:00,33.333333333333336
2022-10-25 06:30:00,33.31666666666666
2022-10-25 07:00:00,33.26666666666667
2022-10-25 07:30:00,33.21666666666666
2022-10-25 08:00:00,33.166666666666664
2022-10-25 08:30:00,33.13333333333333
2022-10-25 09:00:00,33.199999999999996
2022-10-25 09:30:00,33.3
2022-10-25 10:00:00,33.35
2022-10-25 10:30:00,33.4
2022-10-25 11:00:00,33.416666666666664
2022-10-25 11:30:00,33.449999999999996
2022-10-25 12:00:00,33.46666666666667
2022-10-25 12:30:00,33.46666666666667
2022-10-25 13:00:00,33.46666666666667
2022-10-25 13:30:00,33.46666666666667
2022-10-25 14:00:00,33.5
2022-10-25 14:30:00,33.53333333333333
2022-10-25 15:00:00,33.6
2022-10-25 15:30:00,33.666666666666664
2022-10-25 16:00:00,33.63333333333333
2022-10-25 16:30:00,33.63333333333333
2022-10-25 17:00:00,33.68333333333333
2022-10-25 17:30:00,33.583333333333336
2022-10-25 18:00:00,33.6
2022-10-25 18:30:00,33.6
2022-10-25 19:00:00,33.6
2022-10-25 19:30:00,33.65
2022-10-25 20:00:00,33.68333333333334
2022-10-25 20:30:00,33.65
2022-10-25 21:00:00,33.63333333333333
2022-10-25 21:30:00,33.6
2022-10-25 22:00:00,33.6
2022-10-25 22:30:00,33.6
2022-10-25 23:00:00,33.6
2022-10-25 23:30:00,33.61666666666667
2022-10-26 00:00:00,33.63333333333333
2022-10-26 00:30:00,33.63333333333333
2022-10-26 01:00:00,33.63333333333333
2022-10-26 01:30:00,33.666666666666664
2022-10-26 02:00:00,33.7
2022-10-26 02:30:00,33.766666666666666
2022-10-26 03:00:00,33.85
2022-10-26 03:30:00,33.93333333333333
2022-10-26 04:00:00,34.06666666666666
2022-10-26 04:30:00,34.13333333333333
2022-10-26 05:00:00,34.166666666666664
2022-10-26 05:30:00,34.2
2022-10-26 06:00:00,34.26666666666667
2022-10-26 06:30:00,34.28333333333333
2022-10-26 07:00:00,34.300000000000004
2022-10-26 07:30:00,34.333333333333336
2022-10-26 08:00:00,34.36666666666667
2022-10-26 08:30:00,34.38333333333333
2022-10-26 09:00:00,34.43333333333334
2022-10-26 09:30:00,34.43333333333334
2022-10-26 10:00:00,34.46666666666667
2022-10-26 10:30:00,34.5
2022-10-26 11:00:00,34.53333333333333
2022-10-26 11:30:00,34.63333333333333
2022-10-26 12:00:00,34.88333333333333
2022-10-26 12:30:00,35.13333333333333
2022-10-26 13:00:00,35.300000000000004
2022-10-26 13:30:00,35.36666666666667
2022-10-26 14:00:00,35.4
2022-10-26 14:30:00,35.38333333333333
2022-10-26 15:00:00,35.36666666666667
2022-10-26 15:30:00,35.35
2022-10-26 16:00:00,35.333333333333336
2022-10-26 16:30:00,35.36666666666667
2022-10-26 17:00:00,35.35
2022-10-26 17:30:00,35.3
2022-10-26 18:00:00,35.3
2022-10-26 18:30:00,35.199999999999996
2022-10-26 19:00:00,35.199999999999996
2022-10-26 19:30:00,35.166666666666664
2022-10-26 20:00:00,35.13333333333333
2022-10-26 20:30:00,35.166666666666664
2022-10-26 21:00:00,35.166666666666664
2022-10-26 21:30:00,35.166666666666664
2022-10-26 22:00:00,35.166666666666664
2022-10-26 22:30:00,35.15
2022-10-26 23:00:00,35.13333333333333
2022-10-26 23:30:00,35.13333333333333
2022-10-27 00:00:00,35.13333333333333
2022-10-27 00:30:00,35.1
2022-10-27 01:00:00,35.083333333333336
2022-10-27 01:30:00,35.06666666666666
2022-10-27 02:00:00,35.03333333333333
2022-10-27 02:30:00,35.03333333333333
2022-10-27 03:00:00,35.0
2022-10-27 03:30:00,35.0
2022-10-27 04:00:00,34.98333333333334
2022-10-27 04:30:00,34.96666666666667
2022-10-27 05:00:00,34.96666666666667
2022-10-27 05:30:00,34.96666666666667
2022-10-27 06:00:00,34.96666666666667
2022-10-27 06:30:00,34.96666666666667
2022-10-27 07:00:00,34.93333333333334
2022-10-27 07:30:00,34.93333333333334
2022-10-27 08:00:00,34.93333333333334
2022-10-27 08:30:00,34.93333333333334
2022-10-27 09:00:00,34.93333333333334
2022-10-27 09:30:00,34.93333333333334
2022-10-27 10:00:00,34.93333333333334
2022-10-27 10:30:00,34.93333333333334
2022-10-27 11:00:00,34.96666666666667
2022-10-27 11:30:00,34.96666666666667
2022-10-27 12:00:00,34.96666666666667
2022-10-27 12:30:00,34.96666666666667
2022-10-27 13:00:00,34.96666666666667
2022-10-27 13:30:00,34.93333333333334
2022-10-27 14:00:00,34.93333333333334
2022-10-27 14:30:00,34.93333333333334
2022-10-27 15:00:00,34.93333333333334
2022-10-27 15:30:00,34.93333333333334
2022-10-27 16:00:00,34.983333333333334
2022-10-27 16:30:00,35.06666666666667
2022-10-27 17:00:00,35.11666666666667
2022-10-27 17:30:00,35.166666666666664
2022-10-27 18:00:00,35.23333333333333
2022-10-27 18:30:00,35.28333333333333
2022-10-27 19:00:00,35.31666666666667
2022-10-27 19:30:00,35.31666666666667
2022-10-27 20:00:00,35.300000000000004
2022-10-27 20:30:00,35.35
2022-10-27 21:00:00,35.36666666666667
2022-10-27 21:30:00,35.36666666666667
2022-10-27 22:00:00,35.36666666666667
2022-10-27 22:30:00,35.35
2022-10-27 23:00:00,35.333333333333336
2022-10-27 23:30:00,35.333333333333336
2022-10-28 00:00:00,35.333333333333336
2022-10-28 00:30:00,35.3
2022-10-28 01:00:00,35.3
2022-10-28 01:30:00,35.266666666666666
2022-10-28 02:00:00,35.266666666666666
2022-10-28 02:30:00,35.233333333333334
2022-10-28 03:00:00,35.233333333333334
2022-10-28 03:30:00,35.233333333333334
2022-10-28 04:00:00,35.233333333333334
2022-10-28 04:30:00,35.233333333333334
2022-10-28 05:00:00,35.233333333333334
2022-10-28 05:30:00,35.233333333333334
2022-10-28 06:00:00,35.233333333333334
2022-10-28 06:30:00,35.199999999999996
2022-10-28 07:00:00,35.199999999999996
2022-10-28 07:30:00,35.199999999999996
2022-10-28 08:00:00,35.199999999999996
2022-10-28 08:30:00,35.199999999999996
2022-10-28 09:00:00,35.199999999999996
2022-10-28 09:30:00,35.199999999999996
2022-10-28 10:00:00,35.199999999999996
2022-10-28 10:30:00,35.199999999999996
2022-10-28 11:00:00,35.199999999999996
2022-10-28 11:30:00,35.199999999999996
2022-10-28 12:00:00,35.199999999999996
2022-10-28 12:30:00,35.199999999999996
2022-10-28 13:00:00,35.199999999999996
2022-10-28 13:30:00,35.199999999999996
2022-10-28 14:00:00,35.199999999999996
2022-10-28 14:30:00,35.199999999999996
2022-10-28 15:00:00,35.199999999999996
2022-10-28 15:30:00,35.166666666666664
2022-10-28 16:00:00,35.166666666666664
2022-10-28 16:30:00,35.166666666666664
2022-10-28 17:00:00,35.13333333333333
2022-10-28 17:30:00,35.1
2022-10-28 18:00:00,35.1
2022-10-28 18:30:00,35.083333333333336
2022-10-28 19:00:00,35.06666666666667
2022-10-28 19:30:00,35.06666666666667
2022-10-28 20:00:00,35.06666666666667
2022-10-28 20:30:00,35.06666666666667
2022-10-28 21:00:00,35.06666666666667
2022-10-28 21:30:00,35.06666666666667
2022-10-28 22:00:00,35.06666666666667
2022-10-28 22:30:00,35.06666666666667
2022-10-28 23:00:00,35.06666666666667
2022-10-28 23:30:00,35.06666666666667
2022-10-29 00:00:00,35.06666666666667
2022-10-29 00:30:00,35.06666666666667
2022-10-29 01:00:00,35.06666666666667
2022-10-29 01:30:00,35.06666666666667
2022-10-29 02:00:00,35.050000000000004
2022-10-29 02:30:00,35.03333333333333
2022-10-29 03:00:00,35.03333333333333
2022-10-29 03:30:00,35.0
2022-10-29 04:00:00,35.0
2022-10-29 04:30:00,35.01666666666666
2022-10-29 05:00:00,35.0
2022-10-29 05:30:00,35.0
2022-10-29 06:00:00,35.0
2022-10-29 06:30:00,35.01666666666667
2022-10-29 07:00:00,35.03333333333333
2022-10-29 07:30:00,35.06666666666667
2022-10-29 08:00:00,35.06666666666667
2022-10-29 08:30:00,35.06666666666667
2022-10-29 09:00:00,35.083333333333336
2022-10-29 09:30:00,35.1
2022-10-29 10:00:00,35.13333333333333
2022-10-29 10:30:00,35.28333333333333
2022-10-29 11:00:00,35.66666666666667
2022-10-29 11:30:00,36.01666666666666
2022-10-29 12:00:00,36.31666666666666
2022-10-29 12:30:00,36.300000000000004
2022-10-29 13:00:00,36.333333333333336
2022-10-29 13:30:00,36.36666666666667
2022-10-29 14:00:00,36.416666666666664
2022-10-29 14:30:00,36.43333333333333
2022-10-29 15:00:00,36.46666666666666
2022-10-29 15:30:00,36.43333333333333
2022-10-29 16:00:00,36.38333333333333
2022-10-29 16:30:00,36.35
2022-10-29 17:00:00,36.3
2022-10-29 17:30:00,36.28333333333333
2022-10-29 18:00:00,36.266666666666666
2022-10-29 18:30:00,36.18333333333334
2022-10-29 19:00:00,36.16666666666667
2022-10-29 19:30:00,36.18333333333333
2022-10-29 20:00:00,36.35
2022-10-29 20:30:00,36.36666666666667
2022-10-29 21:00:00,36.38333333333333
2022-10-29 21:30:00,36.36666666666667
2022-10-29 22:00:00,36.36666666666667
2022-10-29 22:30:00,36.35
2022-10-29 23:00:00,36.300000000000004
2022-10-29 23:30:00,36.300000000000004
2022-10-30 00:00:00,36.300000000000004
2022-10-30 00:30:00,36.300000000000004
2022-10-30 01:00:00,36.300000000000004
2022-10-30 01:30:00,36.300000000000004
2022-10-30 02:00:00,36.300000000000004
2022-10-30 02:30:00,36.300000000000004
2022-10-30 03:00:00,36.31666666666667
2022-10-30 03:30:00,36.300000000000004
2022-10-30 04:00:00,36.300000000000004
2022-10-30 04:30:00,36.26666666666667
2022-10-30 05:00:00,36.26666666666667
2022-10-30 05:30:00,36.26666666666667
2022-10-30 06:00:00,36.25
2022-10-30 06:30:00,36.23333333333333
2022-10-30 07:00:00,36.23333333333333
2022-10-30 07:30:00,36.23333333333333
2022-10-30 08:00:00,36.23333333333333
2022-10-30 08:30:00,36.21666666666667
2022-10-30 09:00:00,36.199999999999996
2022-10-30 09:30:00,36.18333333333333
2022-10-30 10:00:00,36.166666666666664
2022-10-30 10:30:00,36.166666666666664
2022-10-30 11:00:00,36.166666666666664
2022-10-30 11:30:00,36.15
2022-10-30 12:00:00,36.13333333333333
2022-10-30 12:30:00,36.15
2022-10-30 13:00:00,36.1
2022-10-30 13:30:00,36.11666666666667
2022-10-30 14:00:00,36.1
2022-10-30 14:30:00,36.083333333333336
2022-10-30 15:00:00,36.06666666666666
2022-10-30 15:30:00,36.03333333333333
2022-10-30 16:00:00,36.0
2022-10-30 16:30:00,35.96666666666667
2022-10-30 17:00:00,35.96666666666667
2022-10-30 17:30:00,35.96666666666667
2022-10-30 18:00:00,35.96666666666667
2022-10-30 18:30:00,35.96666666666667
2022-10-30 19:00:00,35.96666666666667
2022-10-30 19:30:00,35.96666666666667
2022-10-30 20:00:00,35.983333333333334
2022-10-30 20:30:00,35.96666666666667
2022-10-30 21:00:00,35.949999999999996
2022-10-30 21:30:00,35.93333333333334
2022-10-30 22:00:00,35.9
2022-10-30 22:30:00,35.86666666666667
2022-10-30 23:00:00,35.86666666666667
2022-10-30 23:30:00,35.86666666666667
2022-10-31 00:00:00,35.86666666666667
2022-10-31 00:30:00,35.86666666666667
2022-10-31 01:00:00,35.833333333333336
2022-10-31 01:30:00,35.81666666666667
2022-10-31 02:00:00,35.8
2022-10-31 02:30:00,35.766666666666666
2022-10-31 03:00:00,35.766666666666666
2022-10-31 03:30:00,35.766666666666666
2022-10-31 04:00:00,35.766666666666666
2022-10-31 04:30:00,35.766666666666666
2022-10-31 05:00:00,35.766666666666666
2022-10-31 05:30:00,35.71666666666667
2022-10-31 06:00:00,35.68333333333333
2022-10-31 06:30:00,35.666666666666664
2022-10-31 07:00:00,35.666666666666664
2022-10-31 07:30:00,35.63333333333333
2022-10-31 08:00:00,35.63333333333333
2022-10-31 08:30:00,35.583333333333336
2022-10-31 09:00:00,35.53333333333333
2022-10-31 09:30:00,35.53333333333333
2022-10-31 10:00:00,35.550000000000004
2022-10-31 10:30:00,35.56666666666666
2022-10-31 11:00:00,35.550000000000004
2022-10-31 11:30:00,35.53333333333333
2022-10-31 12:00:00,35.56666666666666
2022-10-31 12:30:00,35.53333333333334
2022-10-31 13:00:00,35.53333333333334
2022-10-31 13:30:00,35.516666666666666
2022-10-31 14:00:00,35.5
2022-10-31 14:30:00,35.5
2022-10-31 15:00:00,35.483333333333334
2022-10-31 15:30:00,35.46666666666666
2022-10-31 16:00:00,35.46666666666666
2022-10-31 16:30:00,35.46666666666666
2022-10-31 17:00:00,35.46666666666666
2022-10-31 17:30:00,35.449999999999996
2022-10-31 18:00:00,35.43333333333333
2022-10-31 18:30:00,35.43333333333333
2022-10-31 19:00:00,35.43333333333333
2022-10-31 19:30:00,35.45
2022-10-31 20:00:00,35.50000000000001
2022-10-31 20:30:00,35.50000000000001
2022-10-31 21:00:00,35.516666666666666
2022-10-31 21:30:00,35.53333333333334
2022-10-31 22:00:00,35.56666666666667
2022-10-31 22:30:00,35.56666666666667
2022-10-31 23:00:00,35.583333333333336
2022-10-31 23:30:00,35.583333333333336
2022-11-01 00:00:00,35.666666666666664
2022-11-01 00:30:00,35.666666666666664
2022-11-01 01:00:00,35.666666666666664
2022-11-01 01:30:00,35.666666666666664
2022-11-01 02:00:00,35.699999999999996
2022-11-01 02:30:00,35.699999999999996
2022-11-01 03:00:00,35.73333333333333
2022-11-01 03:30:00,35.73333333333333
2022-11-01 04:00:00,35.75
2022-11-01 04:30:00,35.75
2022-11-01 05:00:00,35.73333333333333
2022-11-01 05:30:00,35.73333333333333
2022-11-01 06:00:00,35.73333333333333
2022-11-01 06:30:00,35.699999999999996
2022-11-01 07:00:00,35.666666666666664
2022-11-01 07:30:00,35.666666666666664
2022-11-01 08:00:00,35.63333333333333
2022-11-01 08:30:00,35.65
2022-11-01 09:00:00,35.63333333333333
2022-11-01 09:30:00,35.63333333333333
2022-11-01 10:00:00,35.63333333333333
2022-11-01 10:30:00,35.63333333333333
2022-11-01 11:00:00,35.65
2022-11-01 11:30:00,35.666666666666664
2022-11-01 12:00:00,35.699999999999996
2022-11-01 12:30:00,35.666666666666664
2022-11-01 13:00:00,35.63333333333333
2022-11-01 13:30:00,35.63333333333333
2022-11-01 14:00:00,35.63333333333333
2022-11-01 14:30:00,35.63333333333333
2022-11-01 15:00:00,35.599999999999994
2022-11-01 15:30:00,35.583333333333336
2022-11-01 16:00:00,35.56666666666666
2022-11-01 16:30:00,35.53333333333333
2022-11-01 17:00:00,35.53333333333333
2022-11-01 17:30:00,35.53333333333333
2022-11-01 18:00:00,35.5
2022-11-01 18:30:00,35.5
2022-11-01 19:00:00,35.5
2022-11-01 19:30:00,35.48333333333333
2022-11-01 20:00:00,35.46666666666667
2022-11-01 20:30:00,35.46666666666667
2022-11-01 21:00:00,35.46666666666667
2022-11-01 21:30:00,35.46666666666667
2022-11-01 22:00:00,35.46666666666667
2022-11-01 22:30:00,35.46666666666667
2022-11-01 23:00:00,35.43333333333334
2022-11-01 23:30:00,35.43333333333334
2022-11-02 00:00:00,35.43333333333334
2022-11-02 00:30:00,35.41666666666667
2022-11-02 01:00:00,35.400000000000006
2022-11-02 01:30:00,35.400000000000006
2022-11-02 02:00:00,35.416666666666664
2022-11-02 02:30:00,35.43333333333334
2022-11-02 03:00:00,35.4
2022-11-02 03:30:00,35.4
2022-11-02 04:00:00,35.4
2022-11-02 04:30:00,35.4
2022-11-02 05:00:00,35.4
2022-11-02 05:30:00,35.4
2022-11-02 06:00:00,35.4
2022-11-02 06:30:00,35.4
2022-11-02 07:00:00,35.43333333333334
2022-11-02 07:30:00,35.45
2022-11-02 08:00:00,35.46666666666667
2022-11-02 08:30:00,35.5
2022-11-02 09:00:00,35.5
2022-11-02 09:30:00,35.5
2022-11-02 10:00:00,35.5
2022-11-02 10:30:00,35.5
2022-11-02 11:00:00,35.5
2022-11-02 11:30:00,35.5
2022-11-02 12:00:00,35.5
2022-11-02 12:30:00,35.5
2022-11-02 13:00:00,35.5
2022-11-02 13:30:00,35.5
2022-11-02 14:00:00,35.5
2022-11-02 14:30:00,35.5
2022-11-02 15:00:00,35.5
2022-11-02 15:30:00,35.5
2022-11-02 16:00:00,35.5
2022-11-02 16:30:00,35.516666666666666
2022-11-02 17:00:00,35.53333333333333
2022-11-02 17:30:00,35.53333333333333
2022-11-02 18:00:00,35.53333333333333
2022-11-02 18:30:00,35.53333333333333
2022-11-02 19:00:00,35.53333333333333
2022-11-02 19:30:00,35.53333333333333
2022-11-02 20:00:00,35.53333333333333
2022-11-02 20:30:00,35.53333333333333
2022-11-02 21:00:00,35.56666666666666
2022-11-02 21:30:00,35.56666666666666
2022-11-02 22:00:00,35.56666666666666
2022-11-02 22:30:00,35.56666666666666
2022-11-02 23:00:00,35.56666666666666
2022-11-02 23:30:00,35.56666666666666
2022-11-03 00:00:00,35.56666666666666
2022-11-03 00:30:00,35.56666666666666
2022-11-03 01:00:00,35.56666666666666
2022-11-03 01:30:00,35.56666666666666
2022-11-03 02:00:00,35.56666666666666
2022-11-03 02:30:00,35.56666666666666
2022-11-03 03:00:00,35.56666666666666
2022-11-03 03:30:00,35.583333333333336
2022-11-03 04:00:00,35.63333333333333
2022-11-03 04:30:00,35.63333333333333
2022-11-03 05:00:00,35.63333333333333
2022-11-03 05:30:00,35.63333333333333
2022-11-03 06:00:00,35.666666666666664
2022-11-03 06:30:00,35.666666666666664
2022-11-03 07:00:00,35.666666666666664
2022-11-03 07:30:00,35.666666666666664
2022-11-03 08:00:00,35.666666666666664
2022-11-03 08:30:00,35.666666666666664
2022-11-03 09:00:00,35.666666666666664
2022-11-03 09:30:00,35.7
2022-11-03 10:00:00,35.7
2022-11-03 10:30:00,35.7
2022-11-03 11:00:00,35.7
2022-11-03 11:30:00,35.7
2022-11-03 12:00:00,35.68333333333333
2022-11-03 12:30:00,35.666666666666664
2022-11-03 13:00:00,35.666666666666664
2022-11-03 13:30:00,35.65
2022-11-03 14:00:00,35.63333333333333
2022-11-03 14:30:00,35.63333333333333
2022-11-03 15:00:00,35.63333333333333
2022-11-03 15:30:00,35.63333333333333
2022-11-03 16:00:00,35.63333333333333
2022-11-03 16:30:00,35.63333333333333
2022-11-03 17:00:00,35.63333333333333
2022-11-03 17:30:00,35.599999999999994
2022-11-03 18:00:00,35.599999999999994
2022-11-03 18:30:00,35.599999999999994
2022-11-03 19:00:00,35.599999999999994
2022-11-03 19:30:00,35.599999999999994
2022-11-03 20:00:00,35.599999999999994
2022-11-03 20:30:00,35.599999999999994
2022-11-03 21:00:00,35.599999999999994
2022-11-03 21:30:00,35.599999999999994
2022-11-03 22:00:00,35.599999999999994
2022-11-03 22:30:00,35.599999999999994
2022-11-03 23:00:00,35.599999999999994
2022-11-03 23:30:00,35.599999999999994
2022-11-04 00:00:00,35.599999999999994
2022-11-04 00:30:00,35.599999999999994
2022-11-04 01:00:00,35.599999999999994
2022-11-04 01:30:00,35.599999999999994
2022-11-04 02:00:00,35.599999999999994
2022-11-04 02:30:00,35.599999999999994
2022-11-04 03:00:00,35.599999999999994
2022-11-04 03:30:00,35.599999999999994
2022-11-04 04:00:00,35.599999999999994
2022-11-04 04:30:00,35.599999999999994
2022-11-04 05:00:00,35.599999999999994
2022-11-04 05:30:00,35.599999999999994
2022-11-04 06:00:00,35.599999999999994
2022-11-04 06:30:00,35.599999999999994
2022-11-04 07:00:00,35.599999999999994
2022-11-04 07:30:00,35.599999999999994
2022-11-04 08:00:00,35.599999999999994
2022-11-04 08:30:00,35.599999999999994
2022-11-04 09:00:00,35.599999999999994
2022-11-04 09:30:00,35.599999999999994
2022-11-04 10:00:00,35.599999999999994
2022-11-04 10:30:00,35.599999999999994
2022-11-04 11:00:00,35.599999999999994
2022-11-04 11:30:00,35.599999999999994
2022-11-04 12:00:00,35.599999999999994
2022-11-04 12:30:00,35.599999999999994
2022-11-04 13:00:00,35.56666666666666
2022-11-04 13:30:00,35.56666666666666
2022-11-04 14:00:00,35.53333333333333
2022-11-04 14:30:00,35.53333333333333
2022-11-04 15:00:00,35.516666666666666
2022-11-04 15:30:00,35.5
2022-11-04 16:00:00,35.46666666666667
2022-11-04 16:30:00,35.46666666666667
2022-11-04 17:00:00,35.46666666666667
2022-11-04 17:30:00,35.46666666666667
2022-11-04 18:00:00,35.46666666666667
2022-11-04 18:30:00,35.46666666666667
2022-11-04 19:00:00,35.46666666666667
2022-11-04 19:30:00,35.46666666666667
2022-11-04 20:00:00,35.46666666666667
2022-11-04 20:30:00,35.46666666666667
2022-11-04 21:00:00,35.46666666666667
2022-11-04 21:30:00,35.46666666666667
2022-11-04 22:00:00,35.46666666666667
2022-11-04 22:30:00,35.46666666666667
2022-11-04 23:00:00,35.5
2022-11-04 23:30:00,35.5
2022-11-05 00:00:00,35.46666666666667
2022-11-05 00:30:00,35.483333333333334
2022-11-05 01:00:00,35.5
2022-11-05 01:30:00,35.5
2022-11-05 02:00:00,35.46666666666667
2022-11-05 02:30:00,35.46666666666667
2022-11-05 03:00:00,35.46666666666667
2022-11-05 03:30:00,35.46666666666667
2022-11-05 04:00:00,35.483333333333334
2022-11-05 04:30:00,35.5
2022-11-05 05:00:00,35.5
2022-11-05 05:30:00,35.53333333333333
2022-11-05 06:00:00,35.6
2022-11-05 06:30:00,35.71666666666667
2022-11-05 07:00:00,35.699999999999996
2022-11-05 07:30:00,35.53333333333333
2022-11-05 08:00:00,35.65
2022-11-05 08:30:00,35.666666666666664
2022-11-05 09:00:00,35.699999999999996
2022-11-05 09:30:00,35.699999999999996
2022-11-05 10:00:00,35.699999999999996
2022-11-05 10:30:00,35.699999999999996
2022-11-05 11:00:00,35.699999999999996
2022-11-05 11:30:00,35.73333333333333
2022-11-05 12:00:00,35.73333333333333
2022-11-05 12:30:00,35.73333333333333
2022-11-05 13:00:00,35.73333333333333
2022-11-05 13:30:00,35.73333333333333
2022-11-05 14:00:00,35.75
2022-11-05 14:30:00,35.76666666666667
2022-11-05 15:00:00,35.699999999999996
2022-11-05 15:30:00,35.73333333333333
2022-11-05 16:00:00,35.73333333333333
2022-11-05 16:30:00,35.73333333333333
2022-11-05 17:00:00,35.73333333333333
2022-11-05 17:30:00,35.699999999999996
2022-11-05 18:00:00,35.71666666666667
2022-11-05 18:30:00,35.73333333333333
2022-11-05 19:00:00,35.81666666666666
2022-11-05 19:30:00,35.56666666666666
2022-11-05 20:00:00,35.56666666666666
2022-11-05 20:30:00,35.56666666666666
2022-11-05 21:00:00,35.666666666666664
2022-11-05 21:30:00,35.699999999999996
2022-11-05 22:00:00,35.699999999999996
2022-11-05 22:30:00,35.699999999999996
2022-11-05 23:00:00,35.699999999999996
2022-11-05 23:30:00,35.699999999999996
2022-11-06 00:00:00,35.699999999999996
2022-11-06 00:30:00,35.699999999999996
2022-11-06 01:00:00,35.699999999999996
2022-11-06 01:30:00,35.68333333333333
2022-11-06 02:00:00,35.68333333333333
2022-11-06 02:30:00,35.666666666666664
2022-11-06 03:00:00,35.666666666666664
2022-11-06 03:30:00,35.699999999999996
2022-11-06 04:00:00,35.8
2022-11-06 04:30:00,35.88333333333333
2022-11-06 05:00:00,36.03333333333333
2022-11-06 05:30:00,36.199999999999996
2022-11-06 06:00:00,36.300000000000004
2022-11-06 06:30:00,36.38333333333333
2022-11-06 07:00:00,36.449999999999996
2022-11-06 07:30:00,36.48333333333334
2022-11-06 08:00:00,36.48333333333333
2022-11-06 08:30:00,36.5
2022-11-06 09:00:00,36.53333333333334
2022-11-06 09:30:00,36.53333333333333
2022-11-06 10:00:00,36.51666666666667
2022-11-06 10:30:00,36.5
2022-11-06 11:00:00,36.53333333333334
2022-11-06 11:30:00,36.53333333333334
2022-11-06 12:00:00,36.53333333333334
2022-11-06 12:30:00,36.516666666666666
2022-11-06 13:00:00,36.46666666666666
2022-11-06 13:30:00,36.63333333333333
2022-11-06 14:00:00,36.65
2022-11-06 14:30:00,36.666666666666664
2022-11-06 15:00:00,36.483333333333334
2022-11-06 15:30:00,36.6
2022-11-06 16:00:00,36.583333333333336
2022-11-06 16:30:00,36.666666666666664
2022-11-06 17:00:00,36.766666666666666
2022-11-06 17:30:00,36.78333333333333
2022-11-06 18:00:00,36.8
2022-11-06 18:30:00,36.78333333333333
2022-11-06 19:00:00,36.81666666666667
2022-11-06 19:30:00,36.766666666666666
2022-11-06 20:00:00,36.766666666666666
2022-11-06 20:30:00,36.800000000000004
2022-11-06 21:00:00,36.74999999999999
2022-11-06 21:30:00,36.766666666666666
2022-11-06 22:00:00,36.766666666666666
2022-11-06 22:30:00,36.78333333333333
2022-11-06 23:00:00,36.58333333333333
2022-11-06 23:30:00,36.56666666666666
2022-11-07 00:00:00,36.666666666666664
2022-11-07 00:30:00,36.61666666666667
2022-11-07 01:00:00,36.61666666666667
2022-11-07 01:30:00,36.63333333333333
2022-11-07 02:00:00,36.71666666666667
2022-11-07 02:30:00,37.01666666666667
2022-11-07 03:00:00,36.86666666666667
2022-11-07 03:30:00,36.75
2022-11-07 04:00:00,36.78333333333333
2022-11-07 04:30:00,36.78333333333333
2022-11-07 05:00:00,36.78333333333333
2022-11-07 05:30:00,36.766666666666666
2022-11-07 06:00:00,36.75
2022-11-07 06:30:00,36.766666666666666
2022-11-07 07:00:00,36.81666666666666
2022-11-07 07:30:00,36.800000000000004
2022-11-07 08:00:00,36.800000000000004
2022-11-07 08:30:00,36.85
2022-11-07 09:00:00,36.75
2022-11-07 09:30:00,36.88333333333333
2022-11-07 10:00:00,37.0
2022-11-07 10:30:00,37.0
2022-11-07 11:00:00,37.0
2022-11-07 11:30:00,37.0
2022-11-07 12:00:00,37.0
2022-11-07 12:30:00,37.050000000000004
2022-11-07 13:00:00,37.050000000000004
2022-11-07 13:30:00,37.06666666666667
2022-11-07 14:00:00,37.13333333333333
2022-11-07 14:30:00,37.0
2022-11-07 15:00:00,36.949999999999996
2022-11-07 15:30:00,37.03333333333333
2022-11-07 16:00:00,37.06666666666666
2022-11-07 16:30:00,37.06666666666666
2022-11-07 17:00:00,37.06666666666666
2022-11-07 17:30:00,37.08333333333333
2022-11-07 18:00:00,37.050000000000004
2022-11-07 18:30:00,37.03333333333333
2022-11-07 19:00:00,37.03333333333333
2022-11-07 19:30:00,37.03333333333333
2022-11-07 20:00:00,37.050000000000004
2022-11-07 20:30:00,36.916666666666664
2022-11-07 21:00:00,37.21666666666667
2022-11-07 21:30:00,36.81666666666666
2022-11-07 22:00:00,37.016666666666666
2022-11-07 22:30:00,37.61666666666667
2022-11-07 23:00:00,38.71666666666667
2022-11-07 23:30:00,39.766666666666666
2022-11-08 00:00:00,39.93333333333333
2022-11-08 00:30:00,39.18333333333333
2022-11-08 01:00:00,38.733333333333334
2022-11-08 01:30:00,38.699999999999996
2022-11-08 02:00:00,38.516666666666666
2022-11-08 02:30:00,38.349999999999994
2022-11-08 03:00:00,38.15
2022-11-08 03:30:00,38.03333333333333
2022-11-08 04:00:00,37.916666666666664
2022-11-08 04:30:00,37.86666666666667
2022-11-08 05:00:00,37.800000000000004
2022-11-08 05:30:00,37.78333333333334
2022-11-08 06:00:00,37.800000000000004
2022-11-08 06:30:00,37.85
2022-11-08 07:00:00,37.93333333333333
2022-11-08 07:30:00,37.96666666666666
2022-11-08 08:00:00,38.0
2022-11-08 08:30:00,37.96666666666667
2022-11-08 09:00:00,37.98333333333333
2022-11-08 09:30:00,37.96666666666667
2022-11-08 10:00:00,37.96666666666667
2022-11-08 10:30:00,37.916666666666664
2022-11-08 11:00:00,37.88333333333333
2022-11-08 11:30:00,37.85
2022-11-08 12:00:00,37.766666666666666
2022-11-08 12:30:00,37.733333333333334
2022-11-08 13:00:00,37.699999999999996
2022-11-08 13:30:00,37.666666666666664
2022-11-08 14:00:00,37.63333333333333
2022-11-08 14:30:00,37.583333333333336
2022-11-08 15:00:00,37.550000000000004
2022-11-08 15:30:00,37.516666666666666
2022-11-08 16:00:00,37.48333333333333
2022-11-08 16:30:00,37.46666666666667
2022-11-08 17:00:00,37.449999999999996
2022-11-08 17:30:00,37.4
2022-11-08 18:00:00,37.4
2022-11-08 18:30:00,37.4
2022-11-08 19:00:00,37.38333333333333
2022-11-08 19:30:00,37.333333333333336
2022-11-08 20:00:00,37.333333333333336
2022-11-08 20:30:00,37.333333333333336
2022-11-08 21:00:00,37.333333333333336
2022-11-08 21:30:00,37.333333333333336
2022-11-08 22:00:00,37.333333333333336
2022-11-08 22:30:00,37.31666666666666
2022-11-08 23:00:00,37.300000000000004
2022-11-08 23:30:00,37.300000000000004
2022-11-09 00:00:00,37.300000000000004
2022-11-09 00:30:00,37.300000000000004
2022-11-09 01:00:00,37.300000000000004
2022-11-09 01:30:00,37.266666666666666
2022-11-09 02:00:00,37.266666666666666
2022-11-09 02:30:00,37.25
2022-11-09 03:00:00,37.266666666666666
2022-11-09 03:30:00,37.266666666666666
2022-11-09 04:00:00,37.266666666666666
2022-11-09 04:30:00,37.28333333333333
2022-11-09 05:00:00,37.333333333333336
2022-11-09 05:30:00,37.43333333333334
2022-11-09 06:00:00,37.516666666666666
2022-11-09 06:30:00,37.56666666666666
2022-11-09 07:00:00,37.61666666666667
2022-11-09 07:30:00,37.699999999999996
2022-11-09 08:00:00,37.78333333333333
2022-11-09 08:30:00,37.88333333333333
2022-11-09 09:00:00,37.916666666666664
2022-11-09 09:30:00,38.01666666666667
2022-11-09 10:00:00,38.333333333333336
2022-11-09 10:30:00,39.1
2022-11-09 11:00:00,39.24999999999999
2022-11-09 11:30:00,39.13333333333333
2022-11-09 12:00:00,39.13333333333333
2022-11-09 12:30:00,39.11666666666667
2022-11-09 13:00:00,39.050000000000004
2022-11-09 13:30:00,38.916666666666664
2022-11-09 14:00:00,38.833333333333336
2022-11-09 14:30:00,38.733333333333334
2022-11-09 15:00:00,38.7
2022-11-09 15:30:00,38.666666666666664
2022-11-09 16:00:00,38.6
2022-11-09 16:30:00,38.55
2022-11-09 17:00:00,38.48333333333333
2022-11-09 17:30:00,38.43333333333333
2022-11-09 18:00:00,38.38333333333333
2022-11-09 18:30:00,38.349999999999994
2022-11-09 19:00:00,38.26666666666667
2022-11-09 19:30:00,38.233333333333334
2022-11-09 20:00:00,38.18333333333333
2022-11-09 20:30:00,38.11666666666667
2022-11-09 21:00:00,38.1
2022-11-09 21:30:00,38.03333333333334
2022-11-09 22:00:00,38.016666666666666
2022-11-09 22:30:00,37.949999999999996
2022-11-09 23:00:00,37.916666666666664
2022-11-09 23:30:00,37.9
2022-11-10 00:00:00,37.9
2022-11-10 00:30:00,37.800000000000004
2022-11-10 01:00:00,37.76666666666666
2022-11-10 01:30:00,37.71666666666666
2022-11-10 02:00:00,37.666666666666664
2022-11-10 02:30:00,37.65
2022-11-10 03:00:00,37.6
2022-11-10 03:30:00,37.56666666666667
2022-11-10 04:00:00,37.56666666666667
2022-11-10 04:30:00,37.56666666666667
2022-11-10 05:00:00,37.53333333333333
2022-11-10 05:30:00,37.5
2022-11-10 06:00:00,37.5
2022-11-10 06:30:00,37.5
2022-11-10 07:00:00,37.5
2022-11-10 07:30:00,37.43333333333333
2022-11-10 08:00:00,37.4
2022-11-10 08:30:00,37.4
2022-11-10 09:00:00,37.36666666666667
2022-11-10 09:30:00,37.36666666666667
2022-11-10 10:00:00,37.36666666666667
2022-11-10 10:30:00,37.36666666666667
2022-11-10 11:00:00,37.333333333333336
2022-11-10 11:30:00,37.300000000000004
2022-11-10 12:00:00,37.300000000000004
2022-11-10 12:30:00,37.28333333333333
2022-11-10 13:00:00,37.25
2022-11-10 13:30:00,37.23333333333333
2022-11-10 14:00:00,37.25
2022-11-10 14:30:00,37.199999999999996
2022-11-10 15:00:00,37.166666666666664
2022-11-10 15:30:00,37.166666666666664
2022-11-10 16:00:00,37.166666666666664
2022-11-10 16:30:00,37.166666666666664
2022-11-10 17:00:00,37.13333333333333
2022-11-10 17:30:00,37.11666666666667
2022-11-10 18:00:00,37.083333333333336
2022-11-10 18:30:00,37.06666666666666
2022-11-10 19:00:00,37.06666666666666
2022-11-10 19:30:00,37.03333333333333
2022-11-10 20:00:00,37.03333333333333
2022-11-10 20:30:00,37.03333333333333
2022-11-10 21:00:00,36.99999999999999
2022-11-10 21:30:00,36.983333333333334
2022-11-10 22:00:00,36.96666666666666
2022-11-10 22:30:00,36.96666666666666
2022-11-10 23:00:00,36.96666666666666
2022-11-10 23:30:00,36.949999999999996
2022-11-11 00:00:00,36.93333333333333
2022-11-11 00:30:00,36.9
2022-11-11 01:00:00,36.88333333333333
2022-11-11 01:30:00,36.86666666666667
2022-11-11 02:00:00,36.86666666666667
2022-11-11 02:30:00,36.86666666666667
2022-11-11 03:00:00,36.85
2022-11-11 03:30:00,36.833333333333336
2022-11-11 04:00:00,36.833333333333336
2022-11-11 04:30:00,36.833333333333336
2022-11-11 05:00:00,36.833333333333336
2022-11-11 05:30:00,36.833333333333336
2022-11-11 06:00:00,36.85
2022-11-11 06:30:00,36.916666666666664
2022-11-11 07:00:00,36.96666666666666
2022-11-11 07:30:00,36.96666666666666
2022-11-11 08:00:00,36.98333333333333
2022-11-11 08:30:00,37.016666666666666
2022-11-11 09:00:00,37.083333333333336
2022-11-11 09:30:00,37.13333333333333
2022-11-11 10:00:00,37.199999999999996
2022-11-11 10:30:00,37.25
2022-11-11 11:00:00,37.300000000000004
2022-11-11 11:30:00,37.416666666666664
2022-11-11 12:00:00,37.5
2022-11-11 12:30:00,37.56666666666667
2022-11-11 13:00:00,37.583333333333336
2022-11-11 13:30:00,37.65
2022-11-11 14:00:00,37.73333333333333
2022-11-11 14:30:00,37.93333333333333
2022-11-11 15:00:00,38.0
2022-11-11 15:30:00,38.01666666666667
2022-11-11 16:00:00,38.0
2022-11-11 16:30:00,37.98333333333333
2022-11-11 17:00:00,37.96666666666667
2022-11-11 17:30:00,37.93333333333334
2022-11-11 18:00:00,37.86666666666667
2022-11-11 18:30:00,37.85
2022-11-11 19:00:00,37.800000000000004
2022-11-11 19:30:00,37.75
2022-11-11 20:00:00,37.733333333333334
2022-11-11 20:30:00,37.733333333333334
2022-11-11 21:00:00,37.733333333333334
2022-11-11 21:30:00,37.66666666666667
2022-11-11 22:00:00,37.66666666666667
2022-11-11 22:30:00,37.66666666666667
2022-11-11 23:00:00,37.650000000000006
2022-11-11 23:30:00,37.61666666666667
2022-11-12 00:00:00,37.6
2022-11-12 00:30:00,37.6
2022-11-12 01:00:00,37.6
2022-11-12 01:30:00,37.583333333333336
2022-11-12 02:00:00,37.53333333333333
2022-11-12 02:30:00,37.53333333333333
2022-11-12 03:00:00,37.55
2022-11-12 03:30:00,37.53333333333333
2022-11-12 04:00:00,37.55
2022-11-12 04:30:00,37.6
2022-11-12 05:00:00,37.61666666666667
2022-11-12 05:30:00,37.666666666666664
2022-11-12 06:00:00,37.68333333333334
2022-11-12 06:30:00,37.71666666666666
2022-11-12 07:00:00,37.733333333333334
2022-11-12 07:30:00,37.733333333333334
2022-11-12 08:00:00,37.733333333333334
2022-11-12 08:30:00,37.7
2022-11-12 09:00:00,37.7
2022-11-12 09:30:00,37.66666666666667
2022-11-12 10:00:00,37.63333333333333
2022-11-12 10:30:00,37.63333333333333
2022-11-12 11:00:00,37.583333333333336
2022-11-12 11:30:00,37.56666666666666
2022-11-12 12:00:00,37.56666666666666
2022-11-12 12:30:00,37.51666666666666
2022-11-12 13:00:00,37.5
2022-11-12 13:30:00,37.46666666666667
2022-11-12 14:00:00,37.43333333333333
2022-11-12 14:30:00,37.4
2022-11-12 15:00:00,37.36666666666667
2022-11-12 15:30:00,37.3
2022-11-12 16:00:00,37.3
2022-11-12 16:30:00,37.266666666666666
2022-11-12 17:00:00,37.266666666666666
2022-11-12 17:30:00,37.266666666666666
2022-11-12 18:00:00,37.18333333333333
2022-11-12 18:30:00,37.166666666666664
2022-11-12 19:00:00,37.15
2022-11-12 19:30:00,37.13333333333333
2022-11-12 20:00:00,37.13333333333333
2022-11-12 20:30:00,37.15
2022-11-12 21:00:00,37.13333333333333
2022-11-12 21:30:00,37.13333333333333
2022-11-12 22:00:00,37.13333333333333
2022-11-12 22:30:00,37.13333333333333
2022-11-12 23:00:00,37.11666666666667
2022-11-12 23:30:00,37.1
2022-11-13 00:00:00,37.1
2022-11-13 00:30:00,37.1
2022-11-13 01:00:00,37.06666666666667
2022-11-13 01:30:00,37.06666666666667
2022-11-13 02:00:00,37.06666666666667
2022-11-13 02:30:00,37.06666666666667
2022-11-13 03:00:00,37.06666666666667
2022-11-13 03:30:00,37.06666666666667
2022-11-13 04:00:00,37.06666666666667
2022-11-13 04:30:00,37.03333333333333
2022-11-13 05:00:00,37.03333333333333
2022-11-13 05:30:00,37.03333333333333
2022-11-13 06:00:00,37.03333333333333
2022-11-13 06:30:00,37.03333333333333
2022-11-13 07:00:00,37.03333333333333
2022-11-13 07:30:00,37.050000000000004
2022-11-13 08:00:00,37.06666666666666
2022-11-13 08:30:00,37.06666666666666
2022-11-13 09:00:00,37.06666666666666
2022-11-13 09:30:00,37.06666666666666
2022-11-13 10:00:00,37.099999999999994
2022-11-13 10:30:00,37.099999999999994
2022-11-13 11:00:00,37.099999999999994
2022-11-13 11:30:00,37.099999999999994
2022-11-13 12:00:00,37.099999999999994
2022-11-13 12:30:00,37.099999999999994
2022-11-13 13:00:00,37.099999999999994
2022-11-13 13:30:00,37.099999999999994
2022-11-13 14:00:00,37.06666666666666
2022-11-13 14:30:00,37.06666666666666
2022-11-13 15:00:00,37.050000000000004
2022-11-13 15:30:00,37.0
2022-11-13 16:00:00,36.96666666666667
2022-11-13 16:30:00,36.96666666666667
2022-11-13 17:00:00,36.96666666666667
2022-11-13 17:30:00,36.949999999999996
2022-11-13 18:00:00,36.93333333333334
2022-11-13 18:30:00,36.93333333333334
2022-11-13 19:00:00,36.96666666666667
2022-11-13 19:30:00,36.96666666666667
2022-11-13 20:00:00,36.983333333333334
2022-11-13 20:30:00,36.93333333333334
2022-11-13 21:00:00,36.93333333333334
2022-11-13 21:30:00,36.9
2022-11-13 22:00:00,36.9
2022-11-13 22:30:00,36.88333333333333
2022-11-13 23:00:00,36.86666666666667
2022-11-13 23:30:00,36.86666666666667
2022-11-14 00:00:00,36.900000000000006
2022-11-14 00:30:00,36.900000000000006
2022-11-14 01:00:00,36.900000000000006
2022-11-14 01:30:00,36.86666666666667
2022-11-14 02:00:00,36.900000000000006
2022-11-14 02:30:00,36.900000000000006
2022-11-14 03:00:00,36.86666666666667
2022-11-14 03:30:00,36.86666666666667
2022-11-14 04:00:00,36.86666666666667
2022-11-14 04:30:00,36.86666666666667
2022-11-14 05:00:00,36.86666666666667
2022-11-14 05:30:00,36.86666666666667
2022-11-14 06:00:00,36.86666666666667
2022-11-14 06:30:00,36.833333333333336
2022-11-14 07:00:00,36.833333333333336
2022-11-14 07:30:00,36.833333333333336
2022-11-14 08:00:00,36.833333333333336
2022-11-14 08:30:00,36.88333333333333
2022-11-14 09:00:00,36.86666666666667
2022-11-14 09:30:00,36.833333333333336
2022-11-14 10:00:00,36.81666666666667
2022-11-14 10:30:00,36.78333333333333
2022-11-14 11:00:00,36.766666666666666
2022-11-14 11:30:00,36.766666666666666
2022-11-14 12:00:00,36.766666666666666
2022-11-14 12:30:00,36.766666666666666
2022-11-14 13:00:00,36.733333333333334
2022-11-14 13:30:00,36.766666666666666
2022-11-14 14:00:00,36.766666666666666
2022-11-14 14:30:00,36.766666666666666
2022-11-14 15:00:00,36.766666666666666
2022-11-14 15:30:00,36.766666666666666
2022-11-14 16:00:00,36.75
2022-11-14 16:30:00,36.73333333333333
2022-11-14 17:00:00,36.73333333333333
2022-11-14 17:30:00,36.73333333333333
2022-11-14 18:00:00,36.699999999999996
2022-11-14 18:30:00,36.699999999999996
2022-11-14 19:00:00,36.699999999999996
2022-11-14 19:30:00,36.699999999999996
2022-11-14 20:00:00,36.699999999999996
2022-11-14 20:30:00,36.699999999999996
2022-11-14 21:00:00,36.699999999999996
2022-11-14 21:30:00,36.699999999999996
2022-11-14 22:00:00,36.733333333333334
2022-11-14 22:30:00,36.733333333333334
2022-11-14 23:00:00,36.78333333333334
2022-11-14 23:30:00,36.9
2022-11-15 00:00:00,36.96666666666666
2022-11-15 00:30:00,37.1
2022-11-15 01:00:00,37.33333333333333
2022-11-15 01:30:00,37.65
2022-11-15 02:00:00,37.93333333333333
2022-11-15 02:30:00,38.11666666666667
2022-11-15 03:00:00,38.21666666666667
2022-11-15 03:30:00,38.300000000000004
2022-11-15 04:00:00,38.38333333333333
2022-11-15 04:30:00,38.38333333333333
2022-11-15 05:00:00,38.35
2022-11-15 05:30:00,38.31666666666666
2022-11-15 06:00:00,38.31666666666666
2022-11-15 06:30:00,38.5
2022-11-15 07:00:00,38.61666666666667
2022-11-15 07:30:00,38.88333333333333
2022-11-15 08:00:00,39.166666666666664
2022-11-15 08:30:00,39.199999999999996
2022-11-15 09:00:00,39.083333333333336
2022-11-15 09:30:00,38.96666666666666
2022-11-15 10:00:00,38.833333333333336
2022-11-15 10:30:00,38.78333333333333
2022-11-15 11:00:00,38.68333333333334
2022-11-15 11:30:00,38.63333333333333
2022-11-15 12:00:00,38.583333333333336
2022-11-15 12:30:00,38.53333333333333
2022-11-15 13:00:00,38.48333333333333
2022-11-15 13:30:00,38.43333333333333
2022-11-15 14:00:00,38.4
2022-11-15 14:30:00,38.36666666666667
2022-11-15 15:00:00,38.333333333333336
2022-11-15 15:30:00,38.300000000000004
2022-11-15 16:00:00,38.23333333333333
2022-11-15 16:30:00,38.23333333333333
2022-11-15 17:00:00,38.199999999999996
2022-11-15 17:30:00,38.166666666666664
2022-11-15 18:00:00,38.166666666666664
2022-11-15 18:30:00,38.13333333333333
2022-11-15 19:00:00,38.13333333333333
2022-11-15 19:30:00,38.05
2022-11-15 20:00:00,38.03333333333333
2022-11-15 20:30:00,38.03333333333333
2022-11-15 21:00:00,38.01666666666667
2022-11-15 21:30:00,38.0
2022-11-15 22:00:00,37.96666666666666
2022-11-15 22:30:00,37.96666666666666
2022-11-15 23:00:00,37.93333333333333
2022-11-15 23:30:00,37.93333333333333
2022-11-16 00:00:00,37.93333333333333
